track_id,Birds of Prey,Clutter,Cormorants,Ducks,Geese,Gulls,Pigeons,Songbirds,Waders
6868504,3.591225266022927e-07,2.27085659590078e-06,2.2753188916309773e-07,1.3059291000719667e-05,0.002652949763651771,0.00013391896465666522,0.9969127970402656,0.00020535238317982734,7.906504623376164e-05
6868536,5.1842786193383334e-05,0.001556197971885539,2.1486724128222693e-05,0.0006283579880801873,0.14691385864683704,0.23875727054354953,0.5757635563594666,0.03355240585889663,0.0027550231209627044
6868565,1.91193429556379e-07,5.333919935898281e-06,0.013315060806006692,0.03189538116064236,0.0007978958836077464,0.0001438869898126907,0.9538156188331953,2.3183884749276414e-05,3.4473286205205755e-06
6868861,9.07770841602349e-07,1.0981692334138606e-05,0.013828615664654454,8.509116598494314e-06,0.012532855932971437,0.002048026522169115,0.9715082418325854,3.79348309725938e-05,2.3926636872653784e-05
6869275,3.9987528894999806e-05,3.46363468134628e-05,7.678774832550739e-05,6.108598413488672e-05,0.16687747770666142,0.5011702212324238,0.2876102897404101,0.02695115865838007,0.017178355053955815
6871418,2.9024824030155015e-06,5.443084123185809e-06,4.368920424058847e-05,0.002936658878696977,1.854684238836737e-05,0.05884532956293319,0.9358060937950444,0.0012930945219763593,0.0010482416281937437
6872996,0.0002462101088314867,0.0001329244644891163,0.000986571473387168,1.395255846313738e-05,0.6163987540865463,0.3756553506787238,8.835409439384906e-05,0.006360521953327018,0.00011736058183827727
6873817,1.5553648399371238e-05,0.005761872180046802,0.30411716113867493,2.9960393226411526e-06,0.0443155358461238,0.6347493447709848,0.0003496089019192207,0.005119165841404619,0.005568761633123955
6874023,0.0003176117500357814,2.3923622696281658e-05,3.644568293318554e-06,2.3484631810017083e-06,5.427287725800207e-06,0.9618188068296318,4.8654146082458535e-06,0.03694413232781443,0.0008792397360132328
6875504,0.0009650888116302875,7.051522978614544e-07,5.924327666601092e-06,8.039956532035634e-07,1.0060713338641065e-06,0.9523062085381998,5.276848491970931e-06,0.04659143614444082,0.0001235501102854759
6875899,0.286887468857122,1.330598468458205e-06,7.556636302065188e-06,1.2845000512396913e-06,1.6885111128449493e-06,0.6857452635850245,1.0569647360143906e-05,0.027055297311624794,0.00028954035293380314
6877293,0.09586990019853024,0.00022503972061216522,0.00118065967018864,9.6581273546046e-05,3.764193666409365e-06,0.12051700051277381,0.00028650078345787846,0.7290482729347197,0.052772280712505074
6880408,0.00349577707559911,4.846500169921002e-07,0.00017575454631367976,9.255566002237251e-07,2.0427811288855944e-06,0.9351460758247632,3.838896541449631e-06,0.06093536903113193,0.00023973163790442755
6880690,0.001096119318310758,1.8206234569544909e-06,2.4874722811625923e-06,2.5671120919041076e-06,1.1345408390873074e-05,0.8092928030950965,0.00015740413133685647,0.1887452357457784,0.0006902170932563577
6880833,0.0386258022220248,1.5595522908034922e-05,2.7218918898557344e-06,3.1494734826056e-06,4.699693838583813e-06,0.09989719688303501,0.001665825048735968,0.8592966970665996,0.0004883121974855103
6880956,0.003582862623817115,4.387449962044773e-07,1.11397899967835e-05,2.4537078482030757e-06,4.859658404350715e-07,0.995231312011487,3.879699119376272e-06,0.001128241400702704,3.918605619226261e-05
6881733,0.47534577086453256,2.4269523920665504e-06,1.9169894557792166e-05,7.817058065586656e-07,1.4339130967756755e-06,0.3979899215803145,1.213807337043273e-05,0.1265337742026887,9.458281324058632e-05
6885154,0.00014605431956352712,0.0003843220161092374,0.00010352913636773615,2.9596841628523807e-05,0.0003224049191737813,0.3347686563984745,0.00024941887652748883,0.6635160866219616,0.00047993087019373765
6887294,0.00010057451584725505,1.401750750920234e-06,3.277695084665795e-05,4.106101531615559e-06,7.904012091714658e-06,0.9610847047003862,0.0011381054699905909,0.027779914413405597,0.009850512085149355
6887586,0.01250196684352142,4.6257372698653475e-06,0.00014713015426863417,9.782238517372294e-05,2.021432623750296e-05,0.8253734894026638,0.021065326915310194,0.11568955877439972,0.02509986546115528
6887600,0.0010670636844342793,1.6560883526862553e-06,0.00012966516062677636,0.00013065126824651646,5.972180601628922e-06,0.8480277527226082,0.0017746002863388347,0.14624128834601857,0.0026213502627723674
6887637,0.0002084281508707704,4.007554076620371e-05,7.731859025168241e-06,0.00010173789321119059,0.0005127134071731033,0.2415481508054121,6.119987607946227e-05,0.757086675634255,0.00043328683320695836
6887702,0.034521426880702574,2.7323013851102437e-05,1.8233385558546522e-05,7.248464427100702e-06,1.0536342896081789e-05,0.2254485163362631,0.0010062088405481512,0.7330072236139099,0.005953283121843544
6888243,2.8724094936157658e-05,3.0357878781079883e-06,0.0003586421263711063,1.2513990808283431e-05,0.00319649560217816,0.9521227895314691,3.328109430440972e-05,0.044183724470805694,6.0793301248871096e-05
6888737,0.06618558345930671,1.1517848885327803e-05,1.1472173233115816e-05,3.728824778439781e-05,2.619548583993205e-05,0.7986860116386685,0.0007825054072265341,0.13228932685735723,0.0019700988816982955
6889024,0.02727282651473619,8.276354845015615e-06,1.060875094854518e-06,2.1641888844099808e-06,2.0861891124797268e-06,0.05510359032795755,0.0001549541333096146,0.8836811132651816,0.03377392815087828
6890285,0.05075303437205704,0.00022444271328229498,0.0032002178743527725,3.4340695321559107e-06,6.387904752551094e-06,0.06809714119505086,0.00018641183486064916,0.8768823533861323,0.0006465766499793478
6890416,0.02046616141387245,0.00014719789014190252,0.0008378961832327334,1.6065502065875397e-06,1.9474720751981744e-06,0.005468742423257122,0.0021779158972960967,0.9705994890208167,0.0002990431491011688
6890579,0.3328081122136748,5.34852920959427e-06,4.31878553634646e-06,3.6843473717601134e-06,1.1567171572894015e-06,0.007138164251280554,0.0005100278760745387,0.6542309324151317,0.005298254864563199
6890917,0.17480406662620665,9.633760704104594e-06,5.856983028513609e-05,3.989924785103426e-06,7.647674546599592e-06,0.3816742682247503,1.76414080956281e-05,0.4433672100973265,5.69724532999531e-05
6891091,0.0011303982654772594,0.0001001972179415386,2.046565288264452e-05,0.0671433889225697,0.002118853868683653,0.7208556743663279,0.004055810813082356,0.1991587564953628,0.00541645439767215
6891208,0.041009106073037524,3.7692199722898495e-06,2.634707346348647e-06,2.4160623842346963e-06,2.752412783222475e-06,0.058620690445132295,0.01944600035287266,0.8808334487289073,7.918199756425397e-05
6891245,0.9386023801716746,6.866253840220776e-07,1.0681995808511181e-05,2.1910430668621742e-07,3.6296432200774757e-07,0.014651465857514635,3.2412830138254415e-06,0.04670351670333124,2.744529464455187e-05
6891309,0.04954671612580476,4.448103945535898e-06,5.528622471878983e-06,8.182501028241755e-07,9.120675702521546e-07,0.008451733819698175,8.193342963041527e-05,0.9418624209390407,4.548864173544141e-05
6891366,0.03523740907759323,5.016018510070855e-06,5.576550170186424e-06,1.5474130014324347e-06,1.9634853497962385e-06,0.26633275315456206,6.423248979673395e-05,0.6983101109659463,4.1390845070148565e-05
6891473,0.0008307300302828219,2.3813787689712777e-06,6.508900008360459e-05,7.27089853496481e-05,8.779056703173868e-06,0.70705453356792,0.0016314870442462343,0.2871122940278638,0.0032219969087817317
6891484,0.0010518303278427002,7.135955570636531e-07,1.187382278724998e-06,1.5854611704003034e-06,9.159023335974204e-07,0.019992513096027974,0.00014355336691888513,0.978654371640924,0.00015332922694671328
6891531,0.2229983871350414,7.949956089933432e-05,0.00015298307357182976,5.744932915925393e-06,5.771735399542616e-06,0.17359479216370213,0.0003649972001837383,0.6016787488473756,0.001119075350910578
6891557,0.08053742288544222,1.255953029978874e-05,5.703001032398414e-05,2.2380961262106476e-05,3.195469641281862e-06,0.03853543693176041,0.01048706881075007,0.8356441249594893,0.03470078044103077
6891579,0.01412291883377426,1.69259167962459e-05,4.979865622260323e-06,1.08155547463579e-06,1.469839611033644e-06,0.00833625255950503,0.006147601811172415,0.9711272776327048,0.00024149198533929286
6891867,0.5235155588065151,2.03725909279609e-05,0.00014674558699311627,3.6681344350146695e-06,4.3394787521271825e-06,0.16866970002450246,0.00017668049655802728,0.3067421230249423,0.0007208118563739702
6891888,0.002944493876073294,2.7199196251856776e-06,1.3897840624345389e-05,0.00015466737560663286,1.4029696035769064e-06,0.020221720742448733,0.0009655607877909691,0.967331940689579,0.008363595798648347
6892297,6.21114928850695e-05,2.6770362874670904e-06,8.762397117234028e-06,1.9146263941988275e-06,1.7024507564789259e-06,0.4657722954053991,2.964076751402626e-05,0.533678327023507,0.0004425688001393084
6892562,0.6610682719608847,9.29201621036399e-06,7.626846609324827e-06,2.309120854169506e-06,3.8869797635754e-06,0.04780537661213985,8.060831478265941e-05,0.29093498302855486,8.764512020059025e-05
6892587,0.004091010751570032,2.8119303083175984e-05,1.90918996238262e-06,5.683592154702908e-06,3.1372044523685193e-06,0.7105775302462065,0.0009577315671622799,0.28341834817083666,0.000916529974571834
6894293,1.566350494226873e-05,7.619026482059209e-06,0.0011856838807493754,9.636259419818246e-06,9.759951081374699e-05,0.7362996129714547,0.20286229533232122,0.052503522691913496,0.007018366821903229
6895609,0.0002308713622961317,3.1837540748172178e-06,6.899438541895876e-05,2.0500165664087366e-06,1.0831947840761137e-06,0.010540841766995221,0.0004724595542983354,0.9881536109695354,0.0005269049960306625
6895723,2.2627148934683588e-05,1.1010838224378804e-06,2.2219128075053833e-06,9.001694412016846e-07,5.681656566196431e-07,0.9952013319602286,1.9613541927124788e-05,0.004404614083543731,0.00034702193363801454
6895905,0.00124925755893148,7.262807252948978e-07,1.543832835010115e-06,4.549179126142153e-07,6.428173541995768e-07,0.9908805631821986,3.124649356863581e-05,0.007659994728325173,0.000175570188148938
6895906,8.681919155383823e-05,7.112682819750058e-07,8.846328736633766e-07,6.929899878732744e-07,9.870612169893372e-07,0.9267195658177547,0.004212179295369596,0.0687467620227596,0.00023139772020192034
6895927,0.00014338083895859828,1.512134173856574e-06,3.296553672336946e-06,7.161792966103026e-07,8.581401025450877e-06,0.9886728145557153,7.744344366774733e-06,0.009920856311979824,0.0012410976808112449
6895938,0.014243763040633295,1.780455262854499e-06,1.9012766988108124e-06,6.825559160574149e-07,2.7504724583784755e-06,0.9518188699590231,0.00036310466335573975,0.03240814016887528,0.0011590074077764373
6895939,0.0025688323327452247,1.8738555152116147e-06,2.080578549687578e-06,7.641482329832318e-07,1.2520109062989556e-06,0.9673356215533822,0.0011653633537791704,0.028635869452657763,0.00028834271423143433
6895948,0.0010283115967657695,1.2421651222085849e-06,2.91982429734445e-06,7.596541091859193e-07,8.679525685702516e-07,0.9783492035800359,0.0008224105345869438,0.018677614394602075,0.0011166702979119654
6895973,0.00014007878154307117,8.554529099420219e-07,7.097705291500662e-07,1.5336357471074792e-06,2.584801461405196e-06,0.759542538168643,0.010737491913275877,0.22918687158292328,0.0003873358929671928
6895974,0.0008972361130270105,9.159660845294155e-07,2.0523055968391823e-05,9.212868053917479e-07,1.4546117012050646e-06,0.834429277888896,1.3687186523361338e-05,0.16424578942194784,0.0003901944690462908
6896754,0.001774770641404154,2.536679908338954e-06,6.817176344044257e-07,1.4442528615835882e-06,1.3881859112360684e-06,0.21001034550782743,0.00030873014272391337,0.787729770117399,0.0001703327543299739
6897915,3.461975944810922e-05,1.2140282028275984e-06,7.336136989663301e-06,1.1126529704044805e-06,2.686077321818279e-06,0.8008756774760805,7.055266682605078e-05,0.19884385062512958,0.00016295057703090494
6897964,8.787316083277342e-06,0.0002132992750295163,0.0052912663369952175,2.5330767818674946e-05,0.00019370695860934797,0.7892818220238544,0.00010980513909126683,0.20484191578708327,3.406639543504911e-05
6899282,0.024343853223030672,2.1334331017766706e-06,5.026815654096945e-05,1.3810403972210506e-05,3.2900268716027186e-06,0.15074314317101578,0.00019751304041278742,0.8234878327216963,0.001158155823357998
6899294,0.015542812533341948,8.134514699699159e-06,1.8057248449128123e-06,4.545721390476805e-06,2.745763242524533e-06,0.30451252023143355,0.00012351506195028462,0.6763025556317936,0.0035013648173028732
6899376,0.4043415590542815,2.9873433797460908e-05,3.964387563923125e-06,2.603602992021971e-06,1.2539706453539172e-06,0.005499069300766769,0.0038923427945413208,0.5846875983500736,0.001541735105338049
6899506,0.002763351071391082,3.951786579571202e-06,5.611996730374079e-07,6.237995404066641e-07,1.021241526910129e-06,0.8811379565873672,0.0002285834212832441,0.11583825103635081,2.569985628779842e-05
6899530,0.00012622615201247545,4.08541303902436e-06,3.9200686113752785e-05,0.033797787282138364,4.385450401092315e-05,0.36815964597632245,0.0021545738260591576,0.5101394596290311,0.0855351665312728
6899560,0.00044103959074687975,9.303791579629514e-07,1.6896907882207782e-06,3.3565053847336415e-06,2.613246364120109e-06,0.7971937832952778,2.8716215460733857e-05,0.2018380884385679,0.0004897826382516165
6899670,2.1535532396385312e-05,3.765128816470769e-07,2.3757219747026184e-07,3.876963653388863e-06,6.324484406220087e-07,0.0365706051121054,2.521519061861569e-05,0.9633235033341038,5.401733360278968e-05
6899695,4.199910513901062e-05,8.051892869555304e-07,4.935625925654825e-07,4.737006685433166e-06,6.432408453203795e-06,0.10445502618119007,8.216914295223804e-06,0.895464104011728,1.818562062944288e-05
6899730,0.000807775252023671,2.238453715663817e-06,3.6966565768377335e-06,1.1786925932426533e-06,4.548186157205408e-06,0.8612744497905938,1.6751875411264528e-05,0.13534355568633663,0.002545805406591605
6899754,6.183950780595285e-05,3.2958384220671694e-06,3.061658390935461e-06,0.00022137094684698643,0.00020306320743085533,0.46138237447895597,0.030921632501409408,0.5068997692745818,0.00030359258615612997
6901206,0.44618470177769165,4.688264741275229e-06,2.332313886745819e-05,2.8433263706569394e-06,2.6703575291480756e-06,0.18902376319855754,0.00016895142844819232,0.3569993294604858,0.007589729047308208
6902131,0.0038713468309649946,2.2188015190935454e-06,3.3725149658282634e-06,5.919453449241381e-07,1.1751027128810204e-06,0.9852812333150949,5.674827547558623e-05,0.010418260473742894,0.00036505274017898417
6902271,1.9468184026897298e-05,1.8582129894698478e-06,0.002388315791986382,1.09117850596648e-05,4.492330560967222e-06,0.9551469208633845,0.002127247526156979,0.037864042237799045,0.0024367430680359826
6904326,0.0006886701998793772,1.5368873342729948e-06,9.814588699064467e-06,7.891364827522264e-05,1.0184342169411356e-06,0.04428756225169169,0.00013315881144610473,0.9537418495730453,0.001057475605411982
6908023,0.01971174501217063,1.4571874102020634e-06,1.0199902296253493e-05,2.4658159563369733e-05,7.820783294333234e-06,0.9281869330707405,0.00022006450292096834,0.05136968265391303,0.0004674387276907433
6908625,0.0012038260071021462,4.70835739645944e-06,5.660315131860319e-06,3.149786216979794e-06,4.165723432540097e-06,0.8851891944345176,9.71094666703565e-06,0.11348127431133385,9.831011820132737e-05
6909657,0.002616373919340794,2.2145447931163085e-06,6.488866671851069e-07,1.0153888875502232e-06,7.255769846741667e-07,0.010048085607525832,0.0003032792728016726,0.9869787336222631,4.8923180736120405e-05
6909786,0.01036082877200956,3.90659417401851e-06,7.1529136801648295e-06,3.209047165069549e-05,6.069322115407264e-06,0.0975299903617769,0.0001892485124872696,0.71909793087168,0.17277278218042597
6909952,0.10163441432862341,6.686774960914633e-06,1.1737492713788231e-05,2.488011540373278e-06,9.76886989906524e-07,0.0028544410190667084,0.002940419231724235,0.8923985926827445,0.00015024357163610465
6910003,0.08842377919127023,2.0756020472780034e-06,6.211658276742565e-06,8.699084256006503e-06,1.088295902953015e-06,0.0049419549171291054,0.0036979299296021817,0.9025207395280697,0.00039752179344565663
6910407,0.0001648221576683985,3.528379680479867e-06,7.305366635419569e-06,6.25418597963025e-07,4.380508956349836e-07,0.9973893723412297,3.2293591635656655e-05,0.001273851608454678,0.0011277630852020001
6910422,0.099526001035469,5.659837179352061e-06,1.2651274437323516e-06,7.405166326455379e-06,2.6052993209618215e-06,0.03335393910079125,0.0004064380452850273,0.8654221250942227,0.0012745612939616495
6910425,0.0015084694455589872,7.222500057428616e-07,8.021741938392231e-07,1.5411020778820516e-06,8.370461974808271e-07,0.020221901700252932,0.0006231420684023762,0.9773913909668801,0.0002511932464305326
6910560,0.0003942987668556784,4.853795907595057e-06,2.953738613163249e-05,6.160383632348139e-05,6.013761757843341e-06,0.07350432016292582,0.0007257166972543978,0.8532319199377483,0.07204173565509545
6910590,0.0019355543245862697,1.7169188792023011e-06,3.803323096302531e-06,6.187676421949027e-06,3.07153193030005e-06,0.18635479693740137,0.000325958891734712,0.8109057708901082,0.00046313950584183294
6912744,0.005485806367627683,2.1959327475324296e-06,2.1713597941111728e-06,7.809914483157039e-07,9.70186949288772e-07,0.9643943946787965,4.061739381904343e-06,0.016446919231936936,0.013662699511317494
6919118,0.4815144468242464,3.0321757574947824e-06,1.2820305316877926e-05,1.346508407056835e-06,3.0069285476565e-06,0.33813783913941664,3.829507788838724e-05,0.1797088078701321,0.0005804051702874475
6920152,0.7775547714555521,1.3885330625308785e-06,5.9569625675751194e-06,7.202992780269811e-07,7.170928495701471e-07,0.2016504909875474,4.801789286495897e-05,0.02064454741903327,9.338935724450375e-05
6925791,0.008717396901293587,4.1689583347482344e-07,7.447021090274078e-07,4.369575568638345e-07,8.172676826503535e-06,0.9883789558704923,2.159378884312647e-05,0.0021422991478845205,0.000729983059160733
6926246,0.0003216523042842652,0.00010372783427978782,0.0004961263903349439,1.7433304376785353e-06,6.114682520034291e-05,0.9697990958136093,0.008498955284893648,0.020626826581673748,9.072563528617898e-05
6928841,7.463440276587235e-05,0.01478059493512826,0.00012199992098446398,0.00084803207934749,0.09376406545397804,0.736495989191668,0.03410346958601122,0.0709201750418941,0.048891039388222625
6928933,0.018385574622452522,3.3458285233958865e-05,0.00014903482910929162,4.6475992084087085e-06,8.290212237787032e-05,0.9757831898391178,0.00037237272310375894,0.005131504719601089,5.731525979524988e-05
6937241,0.0004376691618541061,2.0041670870035804e-06,0.00022909005351862675,6.693075594372179e-05,1.6065830022332339e-06,0.029855390580503294,0.013066658946056492,0.9505321773310407,0.005808472420993835
6938426,0.00016349237148942242,2.2219225010773604e-06,4.673045809054253e-06,6.319709702458642e-07,2.4925166387196437e-06,0.9944296304294218,0.00011021902710460492,0.0023887277041406627,0.0028979110119245746
6938530,0.00035315564765214927,5.504962493471146e-06,2.6774925041264782e-06,6.637904735449737e-07,1.40026484638253e-06,0.9973873875600778,1.1403586879319789e-05,0.0020783155518600887,0.00015949114321295294
6938682,0.2027012036540763,1.4564185084225972e-06,5.702723575709102e-07,3.069745029071023e-06,1.088518465848067e-06,0.04318187725694879,2.7083730153522443e-05,0.7538559687734836,0.0002276816309767888
6939166,6.690865067870115e-06,1.8953528396983285e-06,3.6874431336289415e-07,1.7629439969772324e-07,3.1705486839869166e-07,0.9974086797976811,9.069424044535541e-05,0.0023985236452087728,9.26540051755594e-05
6939222,0.08773691014195152,9.74172527077307e-06,2.7682153224570174e-06,3.905941587318063e-07,1.145064947213073e-06,0.9114761643556261,2.1749721494695324e-06,0.0005656345820175898,0.0002050703485563052
6944591,0.04775035585910231,7.2422524026769835e-06,0.00023610044247766108,9.814687019092546e-07,1.8984493357470098e-06,0.9413415074753024,0.0001720450885243484,0.010424322874046854,6.55460901062307e-05
6947293,5.288459588045452e-05,1.26899907472006e-06,1.4181017694341717e-06,1.7705618749372343e-06,2.9296698370478072e-06,0.7296487904988349,0.21429717518971358,0.0551168655797432,0.0008768968032717012
6952804,7.585388828276828e-05,1.611833567542428e-06,2.5292091513115515e-06,5.13197336614708e-06,4.2367260252541695e-06,0.703247080990115,0.0007606033984902236,0.28125716881512264,0.014645783165879011
6975207,0.00016608457733309305,1.2960988047654333e-05,6.0979906300286475e-06,6.599117926466845e-07,1.8018731751386456e-06,0.9813408442662034,8.252710700533054e-05,0.017331645751231518,0.001057377534581137
6975472,0.0008687701416534568,1.2555297679618318e-05,0.03357437691583676,6.510839769458608e-07,1.4721031932826135e-06,0.9458290955797907,0.0004947700350796662,0.01851254853779639,0.0007057603049933032
6975490,0.0022988664209839305,9.715183039473421e-06,0.00012680879900276023,7.997762063225701e-07,2.721825193061561e-06,0.9636042958906051,0.0032827104182999957,0.029607304043801318,0.0010667776428680653
6976427,0.00032293129088656087,8.861559469687346e-07,9.615259342554258e-07,4.0831288288421135e-07,1.4075624684685012e-06,0.9963756359303894,1.4192202724185306e-05,0.0021151528165240592,0.0011684242022433247
10551287,3.689357543986711e-05,1.990835944953598e-05,6.255890359968343e-06,0.015453358845677705,7.080779332142573e-06,0.5653406365623654,0.41041142346183834,0.008109920988286728,0.000614521537250167
10554874,0.000586137844265088,0.2876102377603737,0.001555813187298802,3.0124366290054364e-05,0.002751550951344759,0.5045924816458444,0.0003344182194517615,0.2014375636192025,0.0011016724059290015
10555071,0.0037416919291116866,1.8559872322813115e-06,6.764073220642958e-06,4.2978435568728554e-05,3.906346171930962e-06,0.2482107796721182,0.016310519448070077,0.7315715852636829,0.00010991884482349763
10555459,0.05595797956051032,2.8457843474520996e-06,1.5341272008157647e-05,3.5380665301061576e-07,8.84963792245137e-07,0.9398593748669761,6.341618757046879e-05,0.0035818702001882393,0.0005179333579541248
10555968,2.9919750225156344e-05,0.00011978569797238833,0.0009905115172467688,0.23672834973108361,0.09056093233774357,0.1948240846616725,0.0003583015892902129,0.47539315483018313,0.0009949598845826464
10556692,0.025905462318308776,1.2341347718716877e-05,0.0006091850510587354,4.699471775747053e-06,8.075253000159308e-06,0.1780879612769554,0.0016098427400734736,0.7791702470538713,0.014592185487237754
10557065,0.002700274575785794,1.5414570035136897e-06,6.761471772390931e-06,1.5404126116325354e-05,3.6861855163920945e-06,0.9378910747657058,2.8550928883301022e-05,0.05926269390360789,9.001258560852569e-05
10557235,0.0019506604709424475,1.458315441737714e-06,5.798139790848615e-06,2.0461532130647268e-05,1.4131834139981984e-06,0.684055774959566,7.120242689344562e-05,0.00944311313148386,0.3044501178403369
10557310,0.0001522178627632375,9.454091614005718e-05,6.003513903481834e-06,9.073353706127063e-06,0.0011068119841600305,0.771024378212718,2.107438580671632e-05,0.22242164551333152,0.005164254257471016
10557603,0.00036732521184708897,6.290933765919747e-06,0.00018616331611214252,3.430732386158749e-05,2.9177613808922017e-06,0.505091177590105,0.0010811515664100502,0.46735403912015255,0.025876627176364735
10557649,4.90803450198481e-05,2.2257647719474357e-06,6.138669275527469e-05,0.00018115744203852884,9.24915168664072e-06,0.9252145246698186,0.002986952175894185,0.06533722601586872,0.006158197742146211
10559369,0.0005786279684805134,7.250267552162115e-06,0.00014827363809268628,4.0810500710893844e-06,0.00013787541541801154,0.9572119309604549,0.00024130032705717085,0.04085296836055442,0.0008176920123190868
10559516,6.691119264588802e-05,1.3697827697717417e-06,7.451143501329205e-06,0.00035307495573320914,1.4501755089918562e-05,0.44832044253698305,5.881044557600174e-06,0.5512012962230803,2.90713656388644e-05
10559765,0.012841335678944344,1.6628370733099182e-06,1.81842527476416e-06,7.110129680556321e-07,1.558774174920898e-06,0.9726460095977607,9.389597839808431e-06,0.012541378503263373,0.001956135572700672
10559904,4.07432864142121e-05,6.150104725784262e-05,0.00439753849402256,1.5526386730979207e-05,6.124360134010783e-06,0.4333002240133507,0.035753880820057045,0.522460787277712,0.0039636743143207755
10561136,1.4520406355745434e-05,6.229403692868398e-05,5.360347720446064e-05,0.00026856599902218845,0.00015246889618541625,0.8385386337295326,0.0008397233018487641,0.15844179375569914,0.0016283963972230826
10561583,0.001802515645419868,1.8444396416086126e-06,0.00017303824901798208,1.7775026910613896e-06,3.682259438410847e-06,0.8844703320245803,0.00029582587746249274,0.11072434545946637,0.0025266385422822155
10561870,0.0031779478506598333,2.6057591267879163e-06,5.769046322213919e-05,0.0002767333510139886,1.2594800604229857e-05,0.8385854769274784,0.0029267243755209727,0.1496890428600493,0.005271183612324367
10562711,1.2541950866125539e-05,3.590277606622221e-05,9.53301941704113e-05,0.22500225648394837,0.00019080609399128325,0.1940047596477265,0.0014158054442563995,0.577548534325081,0.0016940630838936342
10566953,0.22550248224696054,2.75162076810284e-06,6.640784920751113e-05,1.4963082581541582e-06,1.2074621805689113e-06,0.7673811334337175,0.00011706692040755007,0.0067734269508129856,0.00015402720768698121
10567563,0.0036358930714072333,0.0003269014759781369,0.00020470213140658797,5.5915591431043086e-05,0.008911737794188237,0.7724423218485175,0.0003423074506723295,0.21307615518776277,0.0010040654486361295
10568512,0.06311689180381636,0.00013477084333641463,0.00022305732199441827,3.981881115368563e-05,1.0581734262237469e-05,0.2873194528536794,0.0004926006573359433,0.6459407484829097,0.002722077491511752
10569249,0.007656947436589834,2.7789536931837228e-06,3.452334416449913e-05,2.758743074448225e-05,1.1746703983613094e-05,0.6170399360410471,0.005359189980300354,0.36922246072776677,0.0006448293817101676
10569900,1.3775073460054057e-05,1.5824237916471978e-05,0.0007716233533390621,2.3035346739027104e-05,0.024838284020541588,0.8852651122307817,0.0001018934115684514,0.08868121831705925,0.0002892340085944439
10569996,0.006033770652926991,2.855323526108942e-05,8.157122506097015e-05,2.8604789780419404e-05,3.953973904917101e-06,0.2636460460203985,0.0008237357683919706,0.7169623226527566,0.01239144168151858
10570047,0.00021998284031365785,1.1796795406688128e-06,2.273259826541477e-06,2.9276082272839983e-06,1.1062615174211166e-06,0.9895203585834604,3.7764494727087245e-05,0.0064670392800034535,0.0037473679923834824
10570186,3.928851197882964e-05,7.780843882920167e-06,1.6888156874625064e-05,4.065949788076979e-05,7.326693802662779e-06,0.640745263906866,0.014729278149989502,0.29209492534404724,0.052318588894677456
10570190,0.0036804984122850515,1.3322932372247506e-05,8.235575183815321e-05,2.396893061579221e-05,1.6310194258564053e-05,0.5482026726915892,0.004566337959733014,0.4142753483242,0.029139184803108044
10570281,0.00606019253476716,2.1701787911532454e-06,2.645898885874955e-05,7.239364146912354e-06,6.3446363149708755e-06,0.49184946361017107,0.0021457017923699633,0.49125779908370576,0.008644629810874317
10570444,1.74881659953784e-05,0.0001377268920496898,0.0014523872578207093,0.0059575800942608765,5.284832407780232e-05,0.30283795518409984,0.0028468827338307564,0.6859532032655962,0.000743928082268811
10570516,3.203903621280382e-05,2.0603174216123765e-05,0.0007547020596414688,8.120783301178735e-06,4.610433183256546e-06,0.4272772338737195,0.024815101517448996,0.5402568928327385,0.006830696289538201
10570563,0.00991842846740006,3.1559540697927687e-06,4.73547864362113e-06,1.0300224362708015e-05,7.026118319546427e-06,0.5623375697498151,0.00026436510300902754,0.40123675510779827,0.026217663796581914
10570908,0.0004004608360856866,1.3729382793288905e-06,1.8228155155828804e-06,1.078163961066801e-06,3.385480588902502e-06,0.8208838842780164,3.279948435181788e-05,0.17851202822508844,0.00016316777811280458
10570962,0.0010662520867567725,8.65062968190903e-05,1.1037964783571777e-05,4.046956676767178e-07,8.710828768248996e-07,0.9950414576981699,5.782321605208049e-06,0.0010514320714741963,0.0027362557818468264
10571126,0.0002068374881809563,9.449467902193211e-07,6.6943302579837165e-06,4.385130609589915e-06,2.245652100112475e-06,0.8685353380056618,0.0004967650599264957,0.13037341271542116,0.0003733766710516746
10571129,0.00010193338672523331,1.2204421747795254e-05,0.00020963047649033418,0.05184508811523614,3.4956177683365046e-05,0.5446644239329269,0.005697607141128457,0.3874360236517438,0.009998132696317927
10571130,8.1025259305075e-06,5.406389217208808e-07,1.1784638322468958e-05,0.7207400303826282,6.737850770985562e-05,0.2631041291537911,0.0010357901277074162,0.014978204059270523,5.403996571822977e-05
10571150,0.00014449824051929788,5.032460331730561e-05,0.0032291702767073454,6.787660024261483e-05,9.447548364430075e-05,0.5686615837501698,0.03389529284587707,0.38223926813995784,0.011617510059564401
10571157,0.013901638827777238,1.7181657288423085e-06,8.701929300382632e-06,4.349997717275986e-05,3.329700643658308e-06,0.907390850393844,5.4973776888908704e-05,0.07621542163837378,0.0023798655902704663
10571249,0.014863683757552745,1.2577666907736078e-06,4.657808437918433e-05,7.022098097819215e-07,5.502537635084506e-06,0.8845028378534208,3.488766509246742e-05,0.01441197983771791,0.08613257028770119
10571563,0.0004379101541689398,0.00015857006581896683,0.0003322545732415797,5.846959002772971e-06,0.00044125959789325975,0.8767184135045367,8.23944166070885e-05,0.12161549472193542,0.00020785600679526303
10571600,6.29818444247239e-05,7.752094168063205e-06,0.00048461823316387105,3.2529111697617504e-05,7.852956221881995e-05,0.5874816746556693,0.07523171920639722,0.33551681931285937,0.0011033759794010951
10573894,0.0006090007588492295,3.1302940806965745e-05,4.114139708773647e-05,1.8913081761427263e-05,1.6770295948262137e-05,0.7611459578102375,0.003922971851112637,0.20354451707339677,0.03066942479079949
10574347,0.0011711743510929161,3.2053633421799895e-05,0.00120331849616366,0.0004400030688993677,5.787260821552075e-06,0.6777938832929692,0.0007772571010868137,0.1938341964521014,0.12474232634344326
10574370,0.000971293189550113,7.822207057660212e-05,0.00023977821250357085,0.005981314722764318,1.245739285799792e-05,0.4130951376764472,0.005316315035905884,0.550606985752822,0.023698495946572376
10574372,0.00041547843603915427,3.0113816375706443e-06,1.2574177402501477e-06,7.640438564700152e-06,4.568684186826592e-06,0.716927584979171,3.980933592791492e-05,0.28109284870593715,0.0015078006207956142
10574408,1.852598994801312e-05,2.6730690451597843e-05,0.014177597230946188,0.16056181480157777,0.00013312723323782294,0.6043345889806839,0.002783132396187656,0.2178104754063467,0.00015400727062038437
10574430,0.00013882788963556913,1.452773670309094e-06,0.0011161908408238402,2.814879448265845e-06,8.373640381365199e-06,0.923715615515435,0.004524567532873766,0.030937981880968864,0.03955417504676293
10574439,0.0106850309982297,2.6092243158614886e-06,1.993936601679962e-05,3.494709306594641e-05,3.899624910856405e-06,0.9545860862589451,0.007228519862199322,0.021279735113959558,0.006159232458356767
10574456,0.00015561142539404277,6.145660747787741e-06,0.00031126930331774964,1.7931318293393644e-05,4.2351005647491706e-05,0.7781106824160358,0.061664218052579434,0.15770158040671847,0.0019902104112659823
10576038,2.2630993642120436e-05,1.4141874870763361e-05,0.024973803808850777,1.5433527735982867e-05,0.0015718108446325083,0.8223898540593344,0.037574451201678925,0.09992819801715518,0.013509675672099219
10576770,7.534666703448424e-05,2.1844711218035955e-05,9.763846265572577e-05,0.04014518571875923,5.368435929272387e-05,0.04058190275667014,0.0020364373987081805,0.8862038768464879,0.030784083079173564
10577118,0.000918762357296149,1.0162223831325225e-05,4.815372034116472e-07,6.776459504215026e-07,1.5361301830532895e-06,0.9359961948981873,7.602209127345479e-05,0.06295133449572424,4.482862035062775e-05
10577354,0.00014093943006664245,3.485402547948569e-06,4.119346916254206e-06,9.783506038286617e-07,6.102997923050731e-06,0.8345793617585342,8.842192434594305e-05,0.16495557125540242,0.00022101953365977244
10577622,0.0006640423997966834,1.8632230247057083e-06,2.0457041281452774e-07,5.633539475306041e-06,9.553465125066372e-07,0.9828046001167638,2.0431663221354514e-06,0.016490195838796882,3.046179889508449e-05
10577723,7.130153163329713e-05,2.0399879448366782e-06,7.888298761807421e-06,1.6348224258658675e-06,1.6646268674857017e-05,0.6376111914329456,5.373000464838582e-05,0.36142048028539514,0.0008150873675702806
10578130,9.090103166787956e-06,0.023371371404469547,0.03249665802023197,1.4604894349063113e-05,0.00020977008667284427,0.22884987332647228,6.224144877535191e-05,0.7148568349585759,0.0001295557572862541
10578295,0.028175916303007635,2.9275687772439905e-05,0.0016211792727919138,3.0101870482070157e-06,3.2894601205912237e-06,0.09195027874616708,0.0002755119606889109,0.8736272348430486,0.004314303539354661
10579132,0.016734745543022258,9.246826178815979e-06,4.252727697464272e-07,8.062082492555484e-07,2.6980106016715888e-06,0.9390590200608289,6.395452866789023e-05,0.04407129162296863,5.781192671282593e-05
10579372,0.1413354954500149,7.785101450830447e-06,0.00011116320690709891,1.0069271743639497e-06,2.9923899577266376e-06,0.8380361347301692,8.357716900315675e-06,0.020380092229077187,0.00011697224834844797
10579452,0.0006110043615832922,3.941428700888097e-06,7.34581179363327e-05,0.00010524980788659793,2.023916649633715e-05,0.7197125050386368,0.2392325345909137,0.03511205303111235,0.0051290144567337475
10579754,0.0006036387479071948,2.69842381423658e-06,4.504823725632632e-05,7.566760100215303e-06,6.309720967043843e-06,0.8662985376744154,0.05626675788518868,0.0556074042091419,0.021162038341208785
10580098,0.00814740635266066,3.4746638918567794e-07,1.934992872590098e-06,2.4286318215262956e-07,1.2744399416781904e-06,0.9889005571253641,8.374906387670901e-06,0.002857466908610755,8.239494459128437e-05
10580150,5.048332190094538e-05,7.630166918008791e-06,0.00021959025869461987,0.0003934006685293955,1.270609287607477e-05,0.9425535431714953,0.012061553645909471,0.03930456004708173,0.005396532626594292
10580642,5.70200203918734e-05,1.8182753328730228e-06,0.00014730175553943943,0.00010728527097393682,4.01361019268486e-05,0.4233819799736677,0.002886820047280348,0.5708055656888903,0.0025720728659967607
10580740,0.008801715912909154,2.2772840847579823e-06,1.0116345641159743e-05,1.297714366068772e-05,1.2592166814291293e-05,0.4656724923891974,0.03801190118378323,0.4783833377935102,0.009092589780399063
10580745,0.0016368129237890362,3.328049952877639e-06,0.00012821119508254523,7.209593619031587e-06,1.4874004796305395e-05,0.6886328574192777,0.0014846820929804011,0.27256941554155334,0.03552260917894886
10580771,0.0014452759518583922,3.846119046544059e-06,0.0001364003909801929,0.0009214501520797815,4.286277988298071e-06,0.31793086255848596,0.0030641141753372835,0.6512419995634516,0.025251764810771925
10580995,0.03395558172584742,4.0586024749115837e-05,0.00033000467126660974,8.287544261025326e-06,1.0156153724110685e-05,0.5889038683739964,0.00018253350675151054,0.37241546355053967,0.0041535184488641335
10581310,0.017023248942283593,1.0432706765637393e-05,1.4581316146178428e-05,1.5904190175410636e-06,3.5501943910673052e-06,0.956020415886648,3.361489708628925e-06,0.026902360213964315,2.0458831075084093e-05
10581368,9.954757959488607e-07,2.5597303171625268e-05,1.8054077384295349e-06,0.9256100627245522,1.7208942264771155e-05,0.01770660200120427,9.028422263427344e-05,0.05596713253980552,0.0005803113828331328
10582173,7.332921657753628e-06,3.0035956152596568e-05,1.2013372656496109e-05,6.0512209715037056e-05,6.9272553583037e-05,0.9546456605388508,0.00014230226539427968,0.04494831232253702,8.45578594529182e-05
10582418,2.467917091249906e-05,0.037832709787481406,0.03470884520010654,0.0007337043448439358,0.04820026599792874,0.8614380506705007,0.0014345698384409563,0.014956030642075907,0.0006711443477093108
10583009,0.010291077529663368,4.4114633520680023e-07,3.2341065391617314e-06,4.80376767160213e-07,1.0641945642842114e-06,0.9770779365167103,0.00010581554384190969,0.0033065526655404547,0.009213397920038177
10583434,0.007243697106604043,4.6717485700165986e-05,1.8463339118579147e-06,8.017485388478886e-06,3.756637593561864e-06,0.5292506103385949,5.2395836329286155e-05,0.46306804787366634,0.00032491090221132044
10583521,0.005840050485451953,1.7323881333063675e-06,1.2231192487947491e-06,2.071477976064164e-05,8.030074978079138e-06,0.5815333844859775,0.0007164960671407867,0.4108604790421902,0.0010178895571187304
10584210,0.6727241363203282,3.257901954800425e-06,8.284897571021857e-06,1.8424781480975757e-06,1.9880953417713764e-06,0.22271983361251255,0.00013965825264377425,0.05312369061698256,0.05127730782451719
10584222,0.002078367974030146,1.4184050464155933e-06,5.295695844072228e-05,2.932535642026147e-06,5.7752891581349995e-06,0.9197688365752933,7.655797078704199e-05,0.07783774652036674,0.00017540777123540568
10584314,0.1267866359159953,2.8638450103838345e-05,7.12716711406963e-05,8.59936590885865e-06,6.756427324804691e-06,0.339050188358425,8.853552491642255e-05,0.4261783203660136,0.10778105392017152
10584430,0.003858219679638017,1.8424433896734855e-06,1.3909589910411433e-06,3.127151417207079e-06,2.7157307402200696e-06,0.522819591725042,6.346177382932052e-06,0.472734282535643,0.00057248359775601
10584519,0.014942080377417486,1.4120707109067709e-05,5.8340560061669574e-06,8.085059406357911e-07,2.6515052387552795e-06,0.9803761341034385,6.942312386082643e-06,0.003975454632443792,0.0006759738000195586
10584820,4.4239750238371984e-05,9.391465029242304e-05,5.2010802994030256e-05,1.6659458448195102e-06,0.0008459757731139762,0.9697149261010957,2.6504717080720956e-05,0.029134394429347427,8.636782999242948e-05
10585136,0.02054717216052678,1.4240642940103185e-05,1.658064172203978e-05,3.342226051570946e-06,1.1673101562880042e-05,0.7350236561084633,2.3777277816030553e-05,0.24368117399479755,0.0006783838461196663
10586849,0.002764135738746167,2.905631732673886e-06,0.00030607096035257364,0.15560208063607892,9.68216438110381e-06,0.7887243429362367,0.00016739332160257153,0.051056519112688256,0.0013668694981809944
10587734,3.379865817129134e-05,5.479461877245078e-06,2.7384979060556614e-05,0.00425065097730082,4.1912243777413764e-05,0.7814886089432276,0.004818175947392717,0.1756602577865014,0.03367373100269098
10587840,2.4325589952689834e-05,1.0839367388235112e-06,3.539706515332625e-07,0.02351214560367576,7.636265143532236e-07,0.03475130938330904,0.9333914885071062,0.008017191151066468,0.00030133823098519306
10588529,0.08034858788301776,6.903110361620234e-06,7.531842338634473e-07,1.9586252095168324e-06,2.5530578186057233e-06,0.8509259068462608,3.8452797249330176e-05,0.06851668191825895,0.00015820257758946294
10588664,0.01378153212133923,2.99719134412032e-06,9.489073987537281e-07,2.4106164070222915e-06,2.144728996337001e-06,0.2560609655817726,0.0005863465997036899,0.729306795283538,0.0002558589695002651
10588792,0.005406544154449031,1.7553282583048118e-06,2.1331921119624323e-06,3.1934858246623974e-06,3.0387692981399136e-06,0.11712893398105899,0.00041738804495130096,0.8745467269760407,0.0024902860680068605
10589349,0.000507988531690936,8.653409502932721e-07,1.0257484537206744e-06,5.048858889892933e-06,1.744181799031758e-06,0.08468362712530866,3.782569691138904e-05,0.9147248371926429,3.703732335317757e-05
10589410,7.387930983167306e-05,5.366120287936511e-06,2.8826825194025153e-06,0.0018161741258698586,1.1493224412830278e-05,0.5383143159495039,0.21880701869079244,0.23916689249412615,0.001801977402655809
10589411,9.619350005950933e-06,5.522212104740539e-07,4.5088575806860956e-07,5.805451870189184e-06,1.3525848254418675e-06,0.09959223377386903,0.11561662260934627,0.7846343868019577,0.00013897632115688772
10589472,1.129454144884883e-05,1.5614825273247517e-07,1.1072432081207227e-06,3.4606637328106956e-06,1.32813361271698e-06,0.03872170601761681,2.5473992121121176e-06,0.9612527600430653,5.639809850659047e-06
10589485,0.00010428023475924177,2.246887724715158e-07,7.679399294031388e-07,2.4042141727839446e-06,2.1247930771714612e-06,0.012141615497660723,0.0001049847428319297,0.9876386636432606,4.934245535632915e-06
10589763,0.03431905010159554,1.7906416441315715e-06,3.2225798274279476e-07,6.088064913207049e-07,7.739143197251796e-07,0.9574067961833311,5.337179992434985e-06,0.007453569188013922,0.0008117517266289463
10590733,0.0001418273139577922,0.0005128218509752064,2.164948404985618e-05,0.011572393086503693,0.004043392751143362,0.7498366777567731,0.05901676331338281,0.15039731716816576,0.024457157275048318
10592587,3.0496642404114236e-05,0.006748085307716506,5.3302241882048576e-05,0.00016350263133842825,0.016112747960175772,0.6515671927207421,0.006602286643877024,0.23133519346290723,0.08738719238895676
10592944,7.497400194467985e-05,8.72483265077607e-06,7.166244478831728e-06,0.03928786655866438,0.0008436584642487983,0.8437458503092661,0.03420377669714665,0.07898975934126487,0.002838223550334987
10595034,5.7367767019977565e-06,3.203942042235374e-06,1.8116431766750287e-05,0.00014119269941009638,0.0002289132212452813,0.9119485613994561,0.00027131683079718307,0.06542581025465953,0.021957148443920937
10596119,0.0002045848452614477,5.356438216725124e-06,2.510945899007838e-05,4.969296072706174e-06,8.653782869489855e-05,0.8280980922485748,0.13970902935053348,0.02702839593194998,0.004837924601705899
10599481,0.06208216327664433,1.1551063041206653e-05,3.348349336783819e-05,1.1599744456787017e-06,2.1116199314376905e-06,0.9193548661326908,4.3351591864216056e-05,0.01833374001487962,0.000137572833134863
10599552,5.465368578642879e-05,4.0156332594912785e-05,3.929835598533798e-05,3.499417583369897e-05,2.0633683692365197e-05,0.61914071301844,0.0010445714414714078,0.37116731282364857,0.008457666482547322
10599609,0.0022903553243240563,1.4114991896871268e-06,1.507544838338866e-05,4.790970050372633e-06,2.3601694988828497e-06,0.04843619990395675,0.12024793260025794,0.8285218570571284,0.0004800170272103997
10599643,0.000942044129176503,7.607475972821629e-07,8.762887533159927e-06,1.152995221655206e-06,3.0658119001604894e-06,0.9050279931338736,7.433036566059743e-06,0.09394487927657923,6.390798155222063e-05
10599718,4.211798877096046e-05,8.367588391450012e-06,1.4972185989601605e-05,1.733026095822813e-05,1.680251082939693e-05,0.811656514921274,0.02354559380880072,0.16451565092984397,0.0001826498051418687
10599755,0.0012987353041255634,3.318968529288151e-06,1.6130539901055212e-05,5.133810152495819e-06,4.92858213393929e-06,0.6452970396822272,2.103320173454636e-05,0.35239573060743107,0.0009579493037647763
10599776,0.0009915272032790872,1.0104720456834792e-06,4.260290005200395e-06,5.188609751083585e-06,2.3614154399779137e-06,0.8307843026790594,6.124916795007652e-05,0.11869555511449292,0.04945454504797646
10599823,0.0004340414917430092,2.3653874545918984e-06,1.014944596792122e-05,5.903159277097495e-06,5.56829177339877e-06,0.9025064369184956,1.5057189307422726e-05,0.09620780803281723,0.0008126700831636634
10599926,0.010043328301123196,3.082297979508929e-05,1.9271274984307893e-06,2.9185393713061917e-06,5.660274080950229e-06,0.9198966965399162,0.0006735036609045928,0.0688089789753185,0.000536163601991627
10600363,0.0010246466131355555,1.958845910759261e-06,0.006434878624413989,5.3017948056996946e-05,5.548524962634843e-06,0.8346072639984771,0.00021738916250699982,0.15232352149232495,0.005331774790211139
10600655,1.579259045523095e-05,0.00047615902352322604,0.017987017284697874,0.00012048756310504609,0.0001833514360792987,0.2562719963899588,8.326949653975287e-05,0.7236361208658053,0.0012258053498354292
10600700,0.03497624117583058,1.041230460849807e-05,1.5528530685759268e-05,7.867234010368137e-06,1.6049321880858565e-06,0.09515985504360512,6.154627422296151e-05,0.8681036120310737,0.0016633324737748614
10600716,0.0015221247369739076,5.8977211930306605e-06,0.0005026436350145973,5.785905900949346e-05,1.0571479190496524e-05,0.5707240668140126,0.005611852987188358,0.41638197884472483,0.005183004722692693
10600717,0.005032330076491618,7.047464419655241e-05,7.780634714489071e-05,8.869699889936904e-05,3.834008579216551e-06,0.0609633335177715,0.024287248973134605,0.7784958565662293,0.1309804188675529
10600746,0.017199393131229868,4.721296772604745e-06,1.3876276082661486e-06,2.4809242450852213e-06,1.6144637242223784e-06,0.047758737355504226,9.642660359297184e-05,0.9324507503749176,0.002484488222405241
10602334,0.01995986711508533,1.4921493684141425e-05,2.226219844567182e-06,1.6744286899520777e-05,2.6415673520948944e-06,0.08663159558574839,0.0008691611230749261,0.8919863113036655,0.000516531304645453
10602555,0.0005000080516009783,8.323851769851828e-07,3.068633023456311e-06,5.2493280331217485e-06,2.205653489200948e-06,0.7481572548451952,0.00021754694299433848,0.250853629436322,0.0002602047241646803
10602707,0.0003158280893858262,9.193821239167519e-07,1.2079701251798612e-06,1.706968745630921e-06,2.910528601869022e-06,0.9571265688882432,4.642390618378066e-05,0.04241985855075817,8.457571583232343e-05
10602774,0.08033830796153352,4.630121384530489e-06,8.339912408298118e-06,2.185083273084104e-06,3.34512527104951e-06,0.887318595737795,3.61282442126333e-05,0.03203291113311996,0.0002555566810017322
10602968,0.001446504414414938,6.599025579734975e-07,2.469323038719298e-06,5.959666849328898e-07,1.3497227047153515e-06,0.9503447863391521,1.1840763752106784e-05,0.048138682049282545,5.3111518411972496e-05
10603667,0.00022828573698966268,9.055500139814018e-06,6.3835205589522245e-06,9.14460409517191e-06,1.1381806309751995e-05,0.49896420874538105,2.9646109854826638e-05,0.49991375450100295,0.0008281394756679682
10603790,2.88693377621451e-05,4.071015173471467e-06,2.9167170712092954e-05,0.14226545182967137,0.002009924431828931,0.5851963348325558,0.005169915056815799,0.25359397959361407,0.011702286731866265
10603793,4.2590266963259865e-05,1.0734785535882602e-05,0.0006667081022569538,2.9480781295979216e-05,0.0003421611953209264,0.38341288538008494,0.0010548638399495412,0.6136851134803832,0.0007554621682093705
10603811,1.8349743794506204e-05,6.960759074392897e-06,0.010981027732642114,8.816151685115706e-05,2.352012429955189e-05,0.38308648857738936,0.0002966094015600454,0.5938726223718588,0.011626259772530078
10603826,4.1151067367717985e-05,0.0014400920191177506,0.0006648286242003482,2.9851178500469278e-05,7.092142778661025e-06,0.27195174175669434,0.00014790697970634055,0.7252123279886671,0.000505008242967271
10603843,6.0373266890048865e-05,4.442488354856311e-06,0.00025462807004230633,2.932281012271401e-05,0.0001492291078937703,0.9158512030862411,0.000744362537099821,0.04713687621814293,0.03576956241521238
10603847,0.01653167116815739,1.1131829677913677e-05,0.0005173712058791338,5.050873939034322e-05,1.094114710667264e-05,0.23166144292870539,0.00431004473585551,0.737802694882486,0.009104193362741674
10603856,4.4578853471139836e-05,0.00027530709743849296,0.00017080402555083062,0.00424706727445837,0.0032448686076663215,0.44928950531451284,0.03198596986332151,0.5042394062563422,0.006502492707238299
10603858,9.7081044466478e-05,0.000584259837102621,0.06656757327518509,6.471604238971651e-06,1.4058380659792475e-05,0.9115767342417943,0.00010061513573113001,0.017953993951054882,0.0030992125297666533
10604136,0.000489261144331545,1.2936149457767884e-05,8.492925344081493e-06,5.927383602844371e-06,1.5796359459619157e-05,0.6902110610005388,7.442153327363555e-05,0.3083290564731832,0.0008530470308086915
10604299,0.0002129084682134834,5.956129687695485e-06,1.5842540088230952e-06,6.515708191413381e-07,3.6310252908472507e-06,0.8858449004493576,2.5173520737286964e-05,0.11377268815683243,0.00013250642505266034
10604888,3.542373066016781e-05,0.00039841501857046927,3.382887244897928e-05,5.7821736037508754e-05,0.0004833075085980282,0.8246791696072856,0.00011742433734399141,0.17399207421300777,0.0002025349760473652
10605284,0.07931393568604325,4.85668781859033e-06,2.0687075303863946e-06,1.456296086697698e-06,1.4933606407573045e-06,0.8860507146553627,9.336728386870434e-05,0.03425067929658064,0.00028142802606834607
10607892,0.005118088207447856,6.865589871872079e-06,9.333014800379083e-06,1.2966783964616019e-05,1.5000983295008375e-06,0.002320420055036249,0.002834313244742527,0.9737748771859692,0.015921635819837722
10608352,0.07907292006872972,0.00016830106198995187,0.0007177058837093029,2.2620013505554836e-05,5.2342091565141e-06,0.4928267477315444,0.0002341856544738049,0.4249124604646732,0.0020398249122175506
10610526,5.841461073250603e-06,3.843636662529141e-06,0.0009086141560515702,0.3826429433526207,3.1051483553998734e-05,0.44056307567749686,0.008704942229607385,0.1585589095052112,0.008580778497722496
10610534,9.507739960559156e-06,0.5407580613626028,0.002147188804564925,0.00017705228669724472,0.0010258673937507499,0.17322387136350598,0.0015099221600111284,0.2806384194682299,0.0005101094206766104
10610659,4.2361843223226964e-05,4.801264891636755e-05,0.0003764435794717282,7.409246848799323e-05,0.003853874504869357,0.48777104982722524,0.00017779469351007912,0.5030071203130213,0.004649250121274745
10611077,0.0001522498092096218,3.5037738836997966e-06,1.5308297379247383e-05,3.6874401010589155e-06,7.490834814575117e-05,0.7989965290507869,0.00017536289780323432,0.2003277684262812,0.00025068195640932944
10611150,0.0008474521663044132,3.994135277549294e-07,1.576330773647818e-07,3.623124788742617e-07,4.7615763867052055e-07,0.9981135156093078,1.183861235557575e-06,0.0010253882032821512,1.106464314718138e-05
10612960,0.0001607834028515487,0.0008075620347165549,0.0010286176486413606,0.020163721900363002,0.24676899355696405,0.5808033912189401,0.0649171655593264,0.07741607856440876,0.007933686113788302
10613432,1.3016194819085748e-05,0.0012333706309352232,0.00020754237051766596,0.16754427107525796,0.009078585999017483,0.0684395544351479,0.4838060528664651,0.08509709499389717,0.18458051143394238
10615359,0.0004682005876998116,1.6113730420512502e-05,2.7943379644982704e-05,0.0002454134704260011,3.2709703950480876e-05,0.2879719117767788,0.00044356450864570257,0.6678895076442453,0.042904635198188525
10616063,2.1428447988609664e-05,3.3966701815495856e-06,0.0006451772899180588,0.00016975442907700997,0.0024546363234342864,0.6647148273832535,0.003078088845972921,0.32730515549751665,0.0016075351126573303
10616067,2.5000810619926565e-05,8.167814757403114e-06,0.00010807381489944142,6.458557357911777e-05,0.0002186985972417278,0.9138288647609958,0.002339501454360154,0.08104614078369805,0.002360966389848297
10616344,0.00027157569640251267,3.2880167499103866e-06,1.884073729193608e-06,0.0003015391551821499,9.743872153490571e-06,0.9260564641153891,0.03474003441068774,0.03751252604709253,0.0011029446126135083
10616646,4.761311139205565e-05,4.7749352508721165e-06,5.748019436105772e-05,0.06569576215819722,4.38393456658254e-05,0.14142796131337865,0.005864072612900053,0.786763568285275,9.492804357922693e-05
10617233,0.005499854470298889,8.906902746909684e-07,2.3720553093058324e-06,1.1178815705895207e-06,1.498852573500437e-06,0.9337825771670664,6.212354793951955e-05,0.02342460918900305,0.03722495614596421
10625331,8.873475102091503e-05,3.528546954618289e-06,0.05998447761736414,0.006218432780546996,2.8813738754723387e-05,0.5933268990675293,0.0004020114975839272,0.3369656295274023,0.00298147247284308
10625616,0.07182568191764417,4.268718717423333e-05,6.791774460303417e-05,1.0497701677322694e-05,4.55890786827729e-06,0.29736286816245017,0.0006283383338031148,0.6287470280279602,0.0013104220168195263
10625848,0.004222207490504516,3.0557408807800503e-06,5.132396696979288e-06,1.3859943834956651e-05,1.1388573383057097e-05,0.4161109753830578,0.001177037393839627,0.5677207511339575,0.010735591943844776
10629182,0.00021883180240561104,0.00014236958492527807,0.0005093021502541408,0.0038457705698679186,0.00020440567752329154,0.030849786552521564,0.031213999384036007,0.9302820650303982,0.0027334692480679304
10629593,0.01913640810171994,2.6428056499008466e-05,9.835186074402762e-05,7.579529168397981e-05,5.59876084992997e-06,0.19914436091354895,0.017746274844728918,0.7571068795896602,0.006659902580565165
10631640,0.0003580261621466659,2.374107305635149e-06,5.7026253117034445e-05,1.5209031268349148e-05,3.011272435558264e-06,0.612808673183102,0.0005769278796104665,0.3828431761984293,0.003335575912585097
10631716,3.548300794325577e-05,4.585753373969678e-05,3.983617515506002e-06,0.00012732574763458973,0.0018996265028086421,0.5541293460288413,0.051521111046920934,0.01294285156731798,0.379294414947278
10631762,0.00045207211989604375,2.685749437417236e-05,0.0008818596914500947,0.0026376652639527516,0.0020257912272649134,0.5967675759972748,0.30699521790359,0.025569254092116588,0.06464370621008067
10631811,1.9600576781052155e-05,6.863245187473835e-07,9.645602601077933e-07,2.8910468727153e-06,8.353213296117484e-07,0.04206504755537681,0.41444996713521143,0.5430525699563804,0.0004074375232692157
10631837,0.0002708442950648906,2.7486420445377303e-05,0.00050169656554481,0.0011860728063940004,0.00022154472233454036,0.8083771634491296,0.03379986833710842,0.15425416044833146,0.001361162955646874
10631847,0.00046562646139937657,5.1404560498041315e-05,3.0111063777970583e-05,2.143766712391809e-05,2.8921278191627706e-05,0.40316577238687756,0.004552140887516902,0.5853068606865157,0.006377725008098978
10631868,4.334901969396912e-05,0.00010255918116968165,1.1731476047425334e-05,0.00026436546161955695,0.0006496131345642496,0.7237585254476303,0.05725852116558594,0.10092187891772564,0.11698945619596315
10633681,5.211291371395799e-05,0.00022568954837896347,0.0023378978097369192,1.6519131834433803e-06,1.7580486968357726e-05,0.09408198363536954,0.00014894267767362373,0.9028573741761635,0.00027676683881170663
10634284,0.0011438111656882728,1.9991249813870783e-06,6.3561057508958745e-06,1.4376140423969323e-05,3.893786655855904e-06,0.8958954208466672,0.00029771475596038384,0.07575194977640622,0.026884478297465774
10634751,0.0003562959980760504,4.706065741079503e-06,0.00015077007495309567,0.0003550663880297425,4.2181115721363374e-05,0.28086349070308503,0.01180027858278446,0.7062525799695771,0.0001746311020322399
10634784,0.0002245558312921191,7.390671553872011e-06,2.9672201313871318e-05,3.1235933810620357e-05,2.4527707565643945e-05,0.8949847492245665,0.001870731215434241,0.09961108136005833,0.003216055854404864
14964636,0.7493051290799103,4.623912027071826e-06,7.204705853149299e-06,5.908252552630092e-07,1.1133208888615917e-06,0.19410014408052628,1.3966259498196878e-05,0.05655640131641646,1.0826499624247733e-05
14965242,2.298559418700359e-05,6.032925458917937e-05,0.0007311751388220563,4.996579801282202e-06,0.0018935806628589762,0.9828388589337509,0.00011988261230329845,0.009839205738727323,0.0044889854849598345
14965666,0.00029306692510771345,1.5976477681789774e-06,1.1430148194219323e-06,1.1955218105310278e-06,3.7844175986658596e-06,0.9216282147099799,1.606284228387462e-05,0.07742911966701765,0.000625815253613995
14972026,8.180797524083097e-05,1.3634696701334694e-05,6.90128977420324e-05,6.839877854265705e-06,3.7708950101316582e-06,0.20463016307013504,0.002263803242889737,0.7888142082269374,0.00411675911748918
14972090,7.440589746573601e-05,6.884257123874289e-06,3.7806658810599474e-06,2.932770894591684e-06,1.7471153442753403e-06,0.03163704189723536,0.014684544168259503,0.9521729422525345,0.0014157209752610996
14974044,0.0002401053298358256,1.715677107236118e-06,1.043599399701583e-06,3.3421299082107988e-06,2.5882919912821006e-06,0.7741380496009945,0.00016415728127571014,0.22468738398554314,0.000761614103944397
14974586,0.000687025631337998,8.418794502112746e-06,3.2679116421828013e-06,0.000240091254045587,2.4227477522277366e-05,0.7642824029178097,3.6720578048755564e-05,0.2320735095694891,0.0026443358656022048
14975479,0.10153383909055362,7.941363231847965e-06,7.252399575692277e-06,2.5121769342258823e-06,6.456589007934332e-06,0.2486747274803268,4.407137244084768e-05,0.6496510215126039,7.217801532504517e-05
14976063,0.002051910459753597,2.625910404074387e-06,2.431828903277307e-05,5.261432280057098e-06,5.6899374638109786e-06,0.5984812077672595,0.0005689852688480388,0.39728269059244603,0.001577310342512175
14976076,0.002149827040432308,2.0985780879405042e-06,6.269758038684428e-06,7.266148103917993e-06,2.8050119865309583e-06,0.2125452134232657,7.854068525763407e-05,0.7850493779375538,0.000158601417273494
14976116,0.00012745342118659716,2.779176104524871e-06,5.4113209450695755e-05,0.08682674959732915,1.8508999679507414e-05,0.16982099180478072,0.005985754536165837,0.7356586231652787,0.0015050260900242476
14976137,5.397373918381901e-07,5.5125749810071086e-08,5.72158605552572e-07,4.3811675081651375e-06,1.590855969039369e-07,0.0006814232363078214,9.175748559007997e-06,0.9992924909481753,1.1202792105606711e-05
14976834,1.5048470677638464e-07,1.6288323882028751e-06,0.008457712173505381,0.002409747903091514,1.173489804095529e-05,0.001833928189719716,0.9859979071646425,0.0011757341165542137,0.00011145623735079411
14978764,0.011297069032618854,6.655667205966515e-05,2.3985826834894346e-05,6.901532345766644e-06,1.2175342756756903e-05,0.4814933196696206,4.757197730722773e-05,0.506887425268931,0.00016499467752526816
14981625,0.00010150380361194982,3.528502659116098e-06,3.188092957656574e-06,5.1172587786984645e-06,3.511703411993403e-06,0.8948988587624191,0.0005281840206157584,0.10302756833447695,0.0014285395210688035
14981687,0.0005242316650695282,1.959896383246912e-06,1.6363495526890296e-06,2.8050599123341473e-07,4.698284128418971e-06,0.9937569716403711,4.362174102731294e-05,0.005292024336651926,0.000374575580824459
14981722,0.0006535095620592209,6.1159479323686635e-06,7.363429327207093e-06,0.0001556054503364874,4.310081903310791e-06,0.5392513059413178,0.00027208180706947215,0.4583947357426267,0.0012549720374273965
14984061,3.938255141149305e-05,0.0003165949127443705,0.00018397698069706888,0.1503088781981169,2.0064238641160293e-05,0.06656239920337577,0.0007400173707298558,0.6753960649226209,0.10643262162166237
14984105,0.0006180559771302556,7.032659987203839e-07,6.218698339845162e-06,4.497373270271313e-07,6.108316338084215e-07,0.9987562979269409,5.543399701153783e-06,0.0005593518457125373,5.2768317215794844e-05
14985917,0.00046990273915424434,3.341644291191433e-06,6.60880295831502e-05,0.04506447643164564,7.153871974825224e-06,0.09362489866999713,0.0457785274357845,0.6470634049069809,0.16792220627058843
14985959,0.004971038502506378,5.974209665948172e-06,5.5649364931409e-06,0.00074718209603836,6.294612632891073e-06,0.338404879096019,4.652564162660075e-05,0.5845636480383669,0.07124889286665069
14986272,0.009727856610197332,0.00012032430319750891,0.000122943689878243,5.14339470124198e-05,2.1041428006641465e-05,0.1457781427030709,4.808397428142211e-05,0.8157994049172725,0.028330768427083163
14986784,0.0010475777484966263,4.999375640218944e-06,0.0001119959266506733,0.001062016909458036,3.2485475069094835e-06,0.029068239950588614,0.006234749008723805,0.9030012843410568,0.059465888191878445
14988721,2.142657920583403e-06,0.8271740903940294,9.835447593627823e-06,1.8024407756054266e-06,3.270502976864771e-05,0.010704521434613127,1.96872967306694e-05,0.16204344781444474,1.1767484123535627e-05
14988743,0.00013302738760027013,0.008422949641818292,0.2624998864365763,7.465366310257905e-06,0.030022229230533177,0.695020798270849,4.490704917245893e-05,0.0037730334037374426,7.570321340298053e-05
14988773,0.00015507706511837938,0.8523526235398844,0.000647491232042788,7.681249080850846e-06,0.10938806645989725,0.02980976616912121,0.00016013138400077014,0.006732024785783426,0.0007471381150708228
14991846,7.378720352413715e-05,0.0002302859664514032,0.0010108815005523144,0.22041599046589405,0.0009473369144910564,0.40152196678888064,0.0972093944068399,0.22197756730856238,0.056612789444804135
14993381,0.00012938581047191976,4.4449516425665836e-05,5.284555468032367e-06,0.00016031194937673795,4.430577202515497e-06,0.9597303742544699,0.0006551130155114627,0.03296410238451734,0.006306547936556277
14993467,3.285966495960602e-05,6.36367990458067e-06,2.9048874472995687e-06,2.7875304013732362e-06,1.529203567034116e-06,0.022916945028096325,0.0014026037060281193,0.974262033764405,0.0013719725351906567
14993499,4.957295434041999e-05,1.107528594088216e-05,1.9681244866886216e-06,1.2646552801595497e-05,2.5722833436553847e-06,0.12266713585113513,0.55687378556508,0.3176460858036168,0.0027351575792548804
14993756,0.00027664662435777855,1.5593372844786784e-05,4.2045593045073513e-05,5.337175528280103e-05,5.715885971834047e-05,0.8558901392220871,0.0018562263043534009,0.1359023731549741,0.005906445113336585
14993805,6.994186106340135e-08,0.9992952776079683,8.106713793694158e-06,2.153789624508025e-08,0.0006126593880624771,2.6140945591336376e-05,1.8480210983065927e-06,2.832722331469488e-05,2.7548620414209462e-05
14993862,0.00014562711273439293,2.083084093431431e-06,1.3586288661046224e-06,4.729357199348715e-07,2.662684236614541e-06,0.9836628527033632,4.2199556109490685e-05,0.009655801693180782,0.006486941601696069
14993915,1.9142909168145854e-06,1.6425235052976865e-06,0.017581501029005582,7.154421633893465e-07,3.959260138474312e-06,0.27660951688939905,0.6415511388337892,0.06342144706217677,0.0008281646689053668
14994055,0.001395778275205549,6.729885507593965e-05,2.5908231064618326e-05,6.56391149747662e-06,6.655603715766494e-06,0.6434789541750698,4.096418766368121e-05,0.340954067958315,0.014023808802392023
14994074,9.394738402242161e-05,1.110730179890502e-05,0.006035737381014028,1.082147112861277e-05,0.00039637069662088934,0.7558553215232899,0.21524446341847048,0.017694679335045666,0.004657551488609048
14994471,3.7045572490578078e-06,1.2804560895022445e-06,0.0628479922508011,7.0446269757481406e-06,0.00011688236745930345,0.20127037153603372,0.7218210027483434,0.0027064465000368977,0.011225274957011356
14994472,8.464796435118428e-06,4.367328870266735e-06,9.291268593227161e-07,1.3203241436097145e-05,3.1434958411188918e-06,0.832965452290604,0.024746590549054558,0.1420970433099244,0.0001608058609750378
14997775,0.5265906161038223,0.00016305326294931556,0.0008789186290195263,5.079253757393248e-06,6.79641040507533e-06,0.0865361006449376,0.0008644867100263751,0.377300099286936,0.0076548496981464886
14999004,0.08257514751850008,6.622100855526127e-06,1.9415221257625605e-06,1.6947130905904805e-06,1.0410876558670787e-05,0.9062919829303603,8.224669879504277e-06,0.010272008117459411,0.0008319675511703244
15001560,0.001626853186199332,7.870971670831945e-07,2.0336078244238408e-06,1.4351236427556984e-05,2.297822471496379e-06,0.9624338926055536,0.0005194982198159604,0.03504899496332537,0.00035129126121515513
15001613,1.9451879426318155e-05,1.0410955007924846e-05,2.445691347584441e-05,0.1451948509126014,0.00023969937310220816,0.49467194996375463,0.1387599707263965,0.21927305393199767,0.0018061553442374396
15001738,1.0526886150139708e-05,1.4519477771383636e-05,4.0117609267095755e-05,0.07114105625132978,4.7139666092295684e-05,0.2148727739960386,0.000878190091398284,0.709756331085681,0.0032393449362714405
15004811,1.956711194824888e-05,3.816243801668978e-07,0.00010561743666200624,8.040969340390483e-07,0.0006646203590898751,0.9953457884903433,4.32020308061611e-05,0.003732403836045079,8.761501379120362e-05
15008061,0.03338016795263654,1.9302188088400926e-05,2.8687428010399995e-05,4.755530158909915e-07,1.5215897558552451e-06,0.9642943889297481,7.52879779894548e-06,0.0019039518068921918,0.00036397575405385326
15008213,0.003125698060210938,4.4841583858073015e-06,7.561413443472454e-06,9.904805511926212e-07,1.7557900613542343e-06,0.8743186509324952,1.1590095673947237e-05,0.1220543149384747,0.00047495413070343574
15008611,0.0013882999743532539,5.574098542225236e-07,0.00015214863448926224,4.905624099945178e-07,9.2302251070703e-07,0.12592247013010324,1.4325364725179367e-05,0.8724789018827082,4.188301884599503e-05
15019961,0.06474335361716234,1.2124322833771939e-05,0.00416884941022932,0.0005131735014355921,1.2001306310985937e-05,0.2601921057007042,8.542896075485937e-05,0.47407313245606436,0.19619983072450448
15020343,0.0018992857484714763,1.08398543344431e-05,4.219736063624471e-06,8.184302622066103e-06,9.349948781689773e-06,0.7428799462130407,0.0018837503227999337,0.19837465876452978,0.05492976510935634
15020355,0.0002873081259913976,2.5628025246929425e-06,7.861027978376624e-06,5.16100633734437e-06,1.634683433783666e-06,0.490476413670826,0.00021010094658428235,0.5087034144349961,0.0003055433013280233
15020443,0.0001033060290776861,4.7787054166105806e-05,0.00013953418489311332,0.0003586518454751956,0.00023016765778548567,0.47978997377440713,0.0001585705464362533,0.4304092601323394,0.0887627487754197
15020475,0.006826187780602221,2.2010332029378295e-06,7.545728279814381e-06,4.619373386630999e-06,4.435894642425249e-06,0.4518155716013733,0.0006488592260159036,0.5387030109639465,0.001987568398550254
15020478,3.83556844575709e-05,1.351511770722405e-06,3.945898551378769e-05,0.00034700115581157804,1.0649926430915171e-05,0.1491847715644222,0.0008134207614446321,0.8493731079406356,0.00019188246951293953
15020616,0.00036168770773779813,9.75846923731313e-06,0.0005839047257899238,9.1101949541227e-05,6.234073034067172e-06,0.4057733623599626,0.0025273818516190058,0.35794003535214874,0.23270653351092924
15020628,0.07460132991413634,1.1636333605362905e-05,1.4526643758345806e-05,4.130939862706113e-06,5.782497532502536e-06,0.06511764503811342,0.0042231461438745534,0.7641614307961618,0.09186037169295497
15020872,0.008621529819744806,1.950504921853415e-06,1.2167233713044445e-05,5.265704809422156e-06,3.2000007248729936e-06,0.8569539353407348,0.0007400663225396413,0.12355654496244517,0.010105340110366352
15021128,0.030729572192765998,2.904874339197781e-05,8.257289875620675e-06,7.890397254838687e-06,3.930101544178536e-06,0.0942774225775517,0.0039380406711887325,0.8515587346985999,0.019447103327827214
15021160,0.0003790918208288796,3.7085000987484596e-07,2.96974797784018e-06,7.910614148864507e-07,8.831284653194207e-07,0.01903827804242249,0.00026636145635202687,0.9801837512460917,0.0001275026464369066
15021257,0.004944231507244623,4.8274288535677985e-06,1.0157569383240817e-06,4.616079169783686e-06,9.644153313368604e-07,0.05659360324142322,6.198930129061792e-05,0.9383108601162963,7.78921534522116e-05
15021684,0.0006230773913583045,7.21709548500304e-07,2.6520986617320286e-05,7.364182665275454e-07,1.3082427760076006e-06,0.8982332894749725,0.00035439924878225286,0.10046559120719545,0.00029435532048313775
15021692,0.00040875379865547404,6.494090133667461e-06,2.6640485550974468e-06,3.770265646773341e-06,2.6324524245149804e-06,0.5264404826879692,0.00018045107612894802,0.4682653719801778,0.004689379600308493
15021701,3.70397016722443e-05,1.5123093522159688e-07,2.5287948105780905e-06,1.4277778919623936e-06,1.3410406900874324e-06,0.022487849251709054,8.373250992500705e-06,0.9774250660653049,3.622288599348798e-05
15021774,5.716115515030175e-05,2.9568809452936505e-06,1.081403161326951e-05,0.0012045149448186674,1.1039673392372939e-05,0.8436225795884786,0.00014386045737565148,0.10961119554914558,0.0453358777190803
15021895,0.05465583850774243,8.718039779888148e-06,2.2454181854942267e-05,7.067522400192258e-06,7.88366861388066e-06,0.4926107331717945,0.00011224155520280106,0.45102005857673155,0.00155500477587988
15022136,7.159765331392882e-05,4.401722576635155e-06,7.993380745897636e-06,0.0001142401038196249,3.417639328199901e-05,0.23841419292777086,0.6553522238371088,0.10581771955442061,0.0001834544269617772
15022196,0.0001683452528382229,1.153609026965505e-06,1.0481228404040593e-06,1.409025804878396e-05,2.7672891012952417e-06,0.4189988085720143,3.470192214908806e-05,0.5773807934307156,0.0033982915432654312
15022379,0.0023658014548330842,2.515815133122323e-06,1.4932356908986449e-05,4.477721454338423e-07,3.9810327048623286e-07,0.9971979164684655,1.479675974374088e-06,0.00039537676174258954,2.113159152641306e-05
15022812,0.005148520039192735,5.732463270552253e-06,7.06931511620721e-06,8.385891370395276e-07,1.079726952089124e-06,0.9433667275459371,0.00018935357869742574,0.05109870395535493,0.0001819747863419703
15023358,0.009785981981365249,1.9675574295418415e-06,1.1046713769408584e-05,2.4990797282398184e-06,4.032610706521695e-06,0.42438515384452613,7.171745529604516e-05,0.5653327027843278,0.00040489797285101425
15025120,0.01980161409143926,2.4771243231589008e-05,3.4821961737373425e-06,2.6937829892667645e-06,1.2155981518382467e-06,0.00496903639555357,0.004856940597377983,0.9700095911074538,0.0003306549876290831
15026359,0.0012429886228133588,0.014296206665493177,0.14926916370843965,6.82624165750283e-06,1.2702858880725797e-05,0.4710282255312096,0.0023689187948111724,0.3608448668053055,0.0009301007713892913
15026505,0.001922177777421312,1.4253013571317023e-06,1.6673465243932248e-05,9.095051398090208e-06,4.254636854757246e-06,0.8050922883900304,0.00014011158766921494,0.18725297546443453,0.005560998325590653
15027149,0.002747267763829651,1.1484302192597877e-06,5.601138874427404e-06,8.55528852966475e-07,1.9375875839447118e-06,0.8314402003234216,0.008356880382305112,0.15720421384386488,0.00024189500104825667
15027656,0.001352689999666051,1.568777371867755e-06,1.952017452776332e-06,1.3011014817456561e-06,1.7775410708718858e-06,0.6256002462937681,3.389823649988109e-05,0.37281836126747814,0.0001882047652104491
15029423,0.0024453297749564167,9.735100197436122e-07,5.45027601041468e-06,1.6095410374091707e-05,2.254339129379816e-06,0.07016646947315905,0.0032484218286437994,0.9240122842076104,0.00010272118009677881
15030927,0.2384195205461455,3.943650221658694e-05,0.0005935933272064263,2.4246174034092344e-06,5.118609082165001e-05,0.6830452591540833,4.3898595354337504e-05,0.0009862446470347633,0.07681843651973402
15030980,0.0005538365254490162,0.00013595786672531714,6.986158994410776e-07,3.5416646669077824e-06,4.080573342544725e-06,0.9787585200637,6.808997849780937e-05,0.014305009558781381,0.00617026515293766
15031320,9.835616364369586e-05,2.7129919900761017e-06,6.467990374984566e-06,7.928935692945688e-05,1.2656710613876814e-05,0.9438821179838215,1.8458728041134823e-05,0.03833623031639523,0.01756370975819009
15031685,0.022982260265538384,1.550976532721344e-06,1.0023588073251937e-05,7.908965040572051e-05,4.010854695973531e-06,0.898802929331232,0.0003208355801478252,0.07732511562068026,0.00047418413269380765
15032898,1.719609498874641e-05,0.7069442410468602,0.0006929111039229217,0.1344525274507185,0.007336879171376452,0.017712448891959675,0.003078483602167352,0.12608814540767738,0.003677167230328795
15032900,0.0001269685065162545,0.08270690028018293,6.381150749943423e-06,0.00024635722277085667,0.013230342711882925,0.419155298622396,0.03005006974654432,0.25426223742193343,0.2002154443370233
15032928,0.0001240335219808236,0.12263149387629677,6.196895827486885e-05,0.00028735829399416894,0.020771106450383728,0.6079478902697433,0.024423566533558996,0.06684821100373119,0.1569043710920362
15033174,0.00021172882007284194,3.499150912319633e-06,2.8703267735399224e-06,0.007116063213384377,2.6474061297057893e-06,0.7571324699796094,0.19916396702329972,0.03431067035415385,0.0020560837256641444
15033276,0.00021031350117397185,0.00018751778296352285,1.0106963545877043e-05,3.584931082039217e-05,0.0001779679050772359,0.12099572543443697,0.001315844575150318,0.41472314963926776,0.4623435248875638
15033325,5.4650136154788656e-05,3.2263842754369864e-06,8.269882812244087e-07,5.021254537019861e-06,4.614333369971565e-06,0.10666027543298078,0.29982851055281,0.5919889764091628,0.0014538985084281547
15034238,0.0008417222356374307,1.5583054850897485e-06,6.553491591713542e-05,4.247604617852909e-05,2.069974100833088e-06,0.09261362766811808,5.467036695185465e-06,0.9063383812321323,8.916258573542589e-05
15034502,0.0009269928184894259,9.80228962021117e-06,0.0001602933683122316,1.2490591409216867e-06,4.048718460707823e-06,0.9448271137038879,2.0868752712216393e-05,0.05094205177037749,0.0031075795189989502
15034629,0.0019665564155778546,3.1427627305095336e-05,7.04470856036214e-06,9.146488625257728e-06,1.3169482741094188e-05,0.9757912504972287,0.00036924931968004143,0.004173088637462261,0.01763906682281933
15035001,0.00016579865562197968,9.24170785334087e-07,3.0210698300676413e-06,1.4549547278528985e-06,2.105531548271846e-06,0.8012046708302718,0.0004233330410274492,0.1981062594659092,9.243228027798117e-05
15035009,0.0002113416443880822,2.1026869868608733e-06,2.7887749555161855e-06,1.7630388899980033e-06,3.1813277952199305e-06,0.6926487934791037,0.0006541448397970162,0.3063462822018625,0.00012960200622109028
15035907,0.007029503565905551,1.5018348503020828e-06,3.3723940309485946e-06,2.219912711184154e-06,2.393276646988893e-06,0.325714594276899,0.00011865776857513382,0.667068220522681,5.953644769992969e-05
15035992,0.00039105782001935634,2.1869750805551155e-06,3.26564455668791e-05,2.476754397102277e-05,8.088174411026863e-05,0.4979780062457805,2.2510717122938946e-05,0.5013262004735826,0.00014173203476591862
15036249,0.05353123718792672,1.124409818255043e-05,0.0008723171690854785,3.5541749416897697e-06,7.444866043597071e-06,0.3199422227247134,0.007441211154282092,0.6175067892190796,0.000683979405744773
15036548,0.0020968458920347134,2.242208254925616e-05,1.7702550942484327e-05,1.606383788851923e-06,5.246566353028111e-06,0.8311721069799936,6.052645475766512e-05,0.16484425328558525,0.0017792898039951533
15039526,4.395962538166074e-05,0.03401762827125696,0.00025713098592855196,0.09616912221415169,0.4256091308930136,0.23350750540482182,0.11650451161655409,0.033393454825406566,0.06049755616348494
15039570,3.4349077542217336e-05,0.00036349138649497385,0.000815598997736215,0.0007914490411486388,0.008153552131904527,0.881945170432236,0.00796400439903368,0.09653416422143692,0.0033982203124668766
15039573,3.227882903491848e-05,0.11691613499933798,0.08503125031971423,0.000900148483204575,0.0018948534246395414,0.29777592635912375,0.019254411592385928,0.4712152277310878,0.00697976826147124
15039604,2.581033413034223e-05,0.0007988008193082043,3.7667940529323466e-06,0.0037020355290262887,4.9962292585212176e-05,0.9372876717009294,0.003148581197975343,0.04769632120640699,0.007287050125585379
15039605,2.7981883303546997e-05,0.0050243128806439965,0.0005417072301176515,0.004902388087501349,0.0001410893605077189,0.7239126009141161,0.006114208888599863,0.25433188672147666,0.005003824033733034
15039606,0.0003985495287707026,0.0029992090409823994,2.4380226219343455e-06,4.482709020310213e-06,9.494353225434014e-06,0.7957198820882805,4.303919571025874e-05,0.17564605449205117,0.02517685056933741
15039607,0.0006257010642323488,0.0001218652313707306,5.2664626948180355e-06,0.0006329137639255976,6.379744570949911e-06,0.838598384087722,0.0026528309025573896,0.1417578914721259,0.015598767270800364
15039619,3.077360071182707e-05,0.008339351106297879,0.013711732269825912,0.0006964560370172426,0.04949487743356672,0.8615136734545882,0.003265709954212955,0.05735610278156204,0.005591323362217149
15039670,5.422336470088818e-05,0.022577034411744724,8.766680504717986e-05,0.0025137011544867677,0.0010418762786024414,0.7259475859554547,0.015574948590275741,0.20790536314909508,0.024297600290592324
15039706,0.004046742821266403,0.0005032402099939848,0.00029749847503096323,1.6304583280827963e-05,4.0971751776731644e-05,0.49282206873860035,0.1005854417895879,0.39705646140595774,0.004631270224505079
15039727,4.532786646994424e-05,0.0001800633249346007,1.5561506072632554e-06,5.378163904845206e-06,1.5240998955872866e-05,0.4569685180986685,0.49903311033890496,0.04319239153124515,0.0005584135263088268
15039753,3.2958200240504264e-05,0.017852010397670943,9.685331450914529e-06,0.0012298487356695537,0.0003723142453675242,0.8014899398396859,0.011619745326462002,0.16258255234364072,0.004810945579811985
15039779,0.0005622739589094888,0.00013916330898410163,0.00012212152245319826,3.1595285096435985e-06,9.646343905423237e-05,0.7124711508805971,0.0001111987566541702,0.2829046331372641,0.0035898354675738347
15039847,0.00013593717424740251,0.00372529947814314,2.9520915386078913e-05,5.548501730192331e-05,3.0380308708014058e-05,0.678892065133789,0.13611472608562253,0.15966369282886714,0.021352893057934773
15039953,5.175669522017476e-05,7.919723064432012e-06,5.583976739871406e-05,2.2584513861138915e-05,0.0011749226320552262,0.6141067008254897,0.0005163502432994876,0.10108613775579431,0.2829777878438169
15040005,0.0026429911533621237,0.0015096960422715335,3.6038567441266464e-06,1.7855569532802888e-06,8.111322556627586e-06,0.8830635480008396,6.454907613585266e-05,0.06191734188540551,0.050788373105731185
15040385,0.0011076022097659412,7.637929146395418e-05,0.00022529800871479857,0.00045780182846431536,0.0003281321871391693,0.8350532480460867,0.00017994140077930306,0.01670137159125673,0.1458702254363292
15040821,0.0004259233432936377,4.085600993326798e-06,4.5190611302919366e-06,6.115557832389598e-07,3.046269313686354e-06,0.9942240280460739,4.214461904701294e-05,0.003963241067832557,0.001332400436532312
15040857,0.0003094517064606649,1.378412086239145e-05,5.451046131434936e-06,9.135954190259885e-07,6.016446423727027e-06,0.8422348789876033,1.0889825496864972e-05,0.15574592648882693,0.0016726877827755726
15041986,0.00016258606891361537,3.511664837060042e-06,0.0003289680964067627,1.4300103238713006e-06,1.612509577415186e-05,0.913803588932119,2.550858355268624e-05,0.08505054820433793,0.000607733343734954
15042110,0.00045656785720510655,1.5349162979538565e-05,4.555958793809047e-05,9.255466827710704e-06,9.61074109110406e-06,0.20540835017744263,5.654745074410619e-05,0.7933596703908273,0.0006390891649443931
15042130,0.0005748927396349454,3.943548411633041e-05,6.211539874700735e-05,7.168781517431628e-06,7.780564187469753e-06,0.23185991053616717,8.571776426841153e-05,0.7664272416068799,0.0009357371244812243
15042158,0.0014626971600529906,0.0006826053683902069,1.3276235553893024e-05,2.9311585940711072e-05,1.975206927939547e-05,0.6293963586280313,0.01156480384396721,0.3407743651229394,0.016056829985844803
15042268,6.69695867822104e-05,1.0919540153919455e-05,1.5553844479067443e-05,0.0008548411640644828,1.195453142059302e-05,0.7103203408102183,0.1482244306596546,0.12736681218019733,0.013128177683029462
15043753,0.4619588000159796,1.1042114007520657e-06,2.7288471297836594e-06,2.7124053366194495e-06,3.250527862881143e-06,0.4976233964034941,0.0007100934776227152,0.03560638248774478,0.004091531623428827
15043834,0.23566363021313624,2.2436971221000816e-05,1.1033336054522869e-05,4.215846578676059e-06,3.8138323466643315e-05,0.7384701552312889,0.0003110529123062932,0.019964346446058687,0.005514990719889013
15043839,0.010008467211239392,5.613094238771475e-06,3.953663480406428e-06,0.00014807341540832398,8.309835619010231e-06,0.4919180661363132,1.785293100207569e-05,0.4924859636267123,0.005403700085986527
15044458,0.0026535717568983777,0.00013702043067459225,9.840440859346851e-07,6.328889199126768e-07,2.577976635544643e-06,0.9835596330782022,6.767669015399655e-05,0.013114754803555789,0.00046314833087366894
15044472,0.26355517970258313,3.2786225188163716e-06,9.688246636222219e-07,1.6156696087777276e-06,6.264925200746308e-06,0.734769220551032,4.0002210328949414e-06,0.0005158883289111782,0.0011435831544487943
15044738,3.2053122857120175e-05,0.0005266632740304468,0.015742319677235106,0.0027945450218822576,0.00040273980298287956,0.5619324096842252,0.031086472951819866,0.38368647075411616,0.0037963257108509047
15045093,0.0004319784989896112,0.0003970449938928802,6.418569111139382e-06,5.843712321004517e-07,2.3416635719723075e-06,0.9910378962051949,1.7501570422401307e-05,0.0075157497054954125,0.0005904844220894258
15045554,0.0007613638574115083,0.011124465601613022,5.590487087720051e-06,1.5056896865636703e-06,1.880514292580107e-05,0.8836174679311266,4.245252415173881e-05,0.09842185100857462,0.006006497757422419
15045558,5.818949350803642e-05,3.9629607465871025e-05,4.235199545232109e-06,1.3138267016453914e-05,1.3324636578738105e-05,0.7824207301902992,0.006718703324486194,0.20691246195182966,0.003819587329270402
15045579,0.000811702748645564,1.624369894146449e-05,2.8065466161361104e-06,1.8682358756680258e-06,4.07559709846224e-06,0.7647108970281158,0.0011264281439077213,0.20779020732714137,0.025535770673657827
15045654,0.0001376093645230992,0.00035339799808805267,1.6457053611006532e-05,1.199789994916362e-06,7.87988171024517e-06,0.9392420822323191,3.254623777168012e-05,0.03238917429371359,0.027819653148268397
15045792,0.0003209121568407242,2.353668056947331e-05,4.749970788545476e-06,3.4136172979938566e-05,4.48286893907673e-06,0.6529907491886653,0.00038825424981254715,0.3326333580220543,0.013599820689350204
15045893,0.002619314407100509,1.3740128299974283e-05,3.989077566969464e-05,2.3747111111921957e-06,5.107042048970228e-06,0.7809671331745069,0.00020728792246813037,0.21366171886626795,0.0024834329725265496
15046221,0.00034447361919310817,1.3761275173184654e-06,0.00014917232874643555,4.603527715936996e-06,2.629265402296206e-06,0.9309612193266787,1.3182209099766876e-05,0.057742780293924746,0.010780563301721533
15046234,4.948943165909502e-06,2.009299741913647e-06,0.0033672383752340897,8.445812584995353e-07,7.857567777809973e-06,0.9939393767113088,1.0784344709798705e-05,0.002114212128939139,0.0005527280478639924
15046237,4.4044062824923446e-05,0.2890312127175221,0.0017126159015695606,0.021756225802632645,0.354550156039897,0.19739994019641166,0.04905292170207841,0.08486321355820822,0.0015896700188554641
15046520,0.0057385832608398985,0.00028440507004134967,1.3233722875297127e-05,1.2566095860088108e-06,4.357212280500121e-06,0.6726152354596249,0.0005514891043103681,0.31970326505356395,0.0010881745068776118
15049213,0.0019033776287450052,7.944626932787806e-07,5.263089529591647e-06,5.991058662073325e-07,1.7142463376736744e-06,0.9383673016594237,1.5817654687078693e-05,0.05950195751302058,0.0002031746396970099
15049624,0.00019858294864125143,0.00022484640225563148,4.839242257483948e-05,8.453786665972664e-06,3.9749543031943714e-05,0.6757602361709718,0.00421401926319435,0.31847398323530074,0.001031736227363492
15049791,0.5247514418292539,1.5808609984377057e-05,4.079025299735512e-06,3.6331030969725795e-06,6.556043831807468e-05,0.44465152524507073,2.6021252695404915e-05,0.02505359967583028,0.0054283308204506045
15049898,0.00015260782482279185,1.7492770395267672e-06,2.2836343064396793e-06,7.780192991444252e-06,8.06707155845538e-06,0.9472101860799889,0.0005436643393324619,0.04582437631749146,0.006249285262468579
15050105,3.7701842363120064e-05,6.955252079637032e-05,0.00013665072005842992,3.659609827103254e-05,6.779064939285679e-06,0.9846681047396638,0.0004008154613588326,0.0069671636279589775,0.007676635924590064
15050202,0.00010818335215214054,5.531242713007292e-06,8.103044351917541e-05,3.088644281957292e-05,2.5570817626403916e-05,0.8984586143867448,0.00019917983983445465,0.10021494123890787,0.0008760622356825332
15050310,0.00010571093784177634,2.628442607689952e-05,1.762546634828894e-05,5.178615287198404e-06,0.023248161108480325,0.8964651417305147,0.0006370475510765784,0.0685896763209652,0.010905173843409059
15050463,0.140052944876737,1.972532568642073e-06,1.1147523323302715e-06,7.036852102943256e-07,2.228407874081772e-06,0.8065974190412414,4.684582461064209e-05,0.047632966095776864,0.005663804783648708
15050557,0.004129428137937722,2.4186573426553147e-05,2.2124228661022258e-06,1.7420591101553472e-06,1.2098190217695224e-06,0.034860796862893506,0.00029862473195210076,0.9605849560957911,9.684329700114886e-05
15051367,4.1429263734237546e-05,0.003290890638311633,1.5531405285452643e-05,2.431725023539405e-05,3.931961715090881e-05,0.8449433987271279,0.00019063777855587663,0.13972839928998643,0.011726076029612214
15051372,4.104775012623408e-05,1.4627134452697558e-06,0.0032109571730862237,7.718626644380679e-07,1.2549138647422991e-05,0.9896835043225692,2.8237731707159924e-05,0.0063122327871966925,0.0007092365205571727
15051440,0.00011997366578731306,2.363531109746695e-06,4.710851537909068e-06,0.00011666704439886388,2.1207156511315197e-06,0.637615577863225,0.2782334419723401,0.0830190945380708,0.0008860498178791754
15051458,0.00025317420732299254,0.000478779484141369,2.989750604668247e-05,0.0010263380788244404,1.6562316773223932e-05,0.9071702357172813,0.023963758945419755,0.03434578540369387,0.0327154683404964
15051493,1.1970805022336834e-06,1.0751259503369721e-05,0.00018944291413509155,3.625806104026314e-07,0.00017331821110975554,0.9988393521305158,2.5353762088481997e-05,0.000489610450322986,0.0002706116112118311
15051514,0.00021202434841033802,0.0003527049973162398,5.456799010020174e-06,4.750911373215539e-06,4.733448680606336e-06,0.7911354645658586,0.000718484176535986,0.204153777692674,0.0034126030601410234
15051526,0.00043724716968554804,0.001808823337568274,9.432933198634353e-06,1.6312716961620317e-05,2.9506885874434103e-05,0.8617698772322535,0.00034248293038003155,0.13316717647448367,0.002419140319594249
15051944,0.0005188092967454872,4.57868668807844e-05,1.5867679140855074e-06,2.399441624706942e-06,1.957884217351675e-06,0.9771258656801514,8.779321215035562e-05,0.01587111293615691,0.006344687914158982
15052019,0.0007066320071776433,0.0002128069051629912,4.776604243824052e-05,1.217085280915576e-06,3.585843651777901e-06,0.9176462842129123,0.018979494200925606,0.030264518607698104,0.032137695094752575
15052565,0.0018620519710642544,5.8952611932802394e-06,1.9415845182152837e-06,5.64716884188519e-07,1.0233011180568744e-05,0.9886218214702824,1.3814184075860596e-05,0.009021222073875554,0.0004624557269257576
15052976,5.8780396031669816e-05,7.06319129730105e-07,8.15813281081564e-06,8.615138438594922e-07,1.3032088786414713e-05,0.998905922623263,1.6117196769982702e-06,0.0004384736378423021,0.0005724535686152714
15053085,5.021171666535304e-05,1.5813572247733492e-06,3.9297480950273705e-06,2.027179263524436e-05,1.1381166215839708e-05,0.8780662706948487,0.0021251730315457315,0.11959826674936949,0.0001229137433999974
15053109,0.00018310544333777158,3.730857987218352e-06,3.86423856754559e-05,1.2821696404777179e-06,5.873230218084275e-06,0.8442962317252519,4.010925512126352e-05,0.15512036886982972,0.00031065606293819066
15053168,0.0015308278767914196,1.2723729130526225e-06,8.547886336047228e-06,3.1104569372868046e-06,1.8979297914045432e-05,0.9509890199348424,0.000447963930770849,0.04360610691862003,0.0033941713248746876
15055032,0.00183534875555247,8.98985465872956e-06,0.0003296926636458207,0.49844561038212853,5.160536124638729e-05,0.2808308541095085,0.003981473049958308,0.19084976090034833,0.023666664922952836
15055131,5.864522796196584e-05,2.7137992875137287e-06,3.290839650934901e-05,3.1333352465090574e-06,1.9587496720203307e-06,0.9472711328984083,0.0001002112987840862,0.03289317158057651,0.019636124713553697
15056263,2.0926508925388715e-05,2.1048581135765685e-06,8.62303245586585e-06,7.121514454277974e-07,1.0941200697104422e-06,0.967610140917152,1.8078484301011992e-05,0.03137045891713688,0.0009678610104000244
15056325,0.00016696858576060582,1.6487626523966486e-06,1.7214141303370428e-06,8.672670392955622e-06,1.4557300701096195e-06,0.5733939535683966,0.3546818002482814,0.07077094263369664,0.000972836386619026
15056446,4.7869398974029255e-05,3.830849795139471e-05,4.119361049533065e-05,0.07392695486356862,0.0009397542112799901,0.7186267073619163,0.016660376963753214,0.18541840686135597,0.004300428230705198
15057064,3.740758812303176e-05,7.675459832981774e-06,0.00011733328409007398,1.1558966546021405e-05,7.354881548285492e-06,0.9042686338678099,0.000531806703404855,0.08258996704695146,0.012428262201693546
15057224,0.05354626668924496,3.83797272241118e-06,2.8847277658720165e-06,3.0559330116855316e-05,1.1027130284258967e-05,0.7648097657073369,0.0029123200383226696,0.17434579214760737,0.004337546256598594
15057243,0.002819940365445949,5.497398939399024e-06,3.091214152849271e-05,6.765566287928553e-06,1.2266707162588157e-05,0.48627978691540824,0.010900351364308346,0.49941370930739415,0.0005307702335248553
15057248,0.0010553935367308225,1.5175528007348635e-06,1.6628162362255335e-06,2.9952805720317144e-06,3.3529948198374817e-06,0.8763130681775515,3.375930694245171e-05,0.12248896148431095,9.928885003557774e-05
15057289,0.00014932813160559473,2.5976769062768345e-06,0.0001553677725516976,0.002136757200452196,4.332063109126784e-06,0.20880721599332713,0.0019063566104993042,0.7836654562127708,0.0031725883387778474
15057296,0.0064038978995587,6.735559262513789e-06,0.0001707099474147637,0.26166916589455713,1.1389135362570696e-05,0.30243946429944346,0.0014846173887646849,0.39695640569415,0.030857614181486276
15057304,0.00485938360894266,5.813906932333254e-06,6.225684853244591e-05,0.00014652988679301256,7.13640260331392e-06,0.35195496627168293,0.0010736449145974216,0.6123502213573013,0.02954004680261435
15058303,0.00015160964876754758,7.054112417408382e-07,1.7977860432748815e-06,4.86735441566012e-07,6.855897989593435e-07,0.9920688364320098,0.0004577812743292078,0.006993909369197975,0.00032418775316992875
15058305,4.276083994951374e-05,1.9248096409534186e-06,1.0365150364217347e-05,2.065042530504462e-06,8.285674942075594e-06,0.945877317918163,0.022659862004499674,0.029618446937423926,0.0017789716224862182
15058429,0.0007362316314909681,3.576794154497916e-06,0.0001781169084501206,7.767871393197086e-07,1.8513245350980008e-05,0.275474739230965,2.1197518195776098e-05,0.7228999756565881,0.000666872227665194
15058514,0.002494925041352706,0.0028850715111382566,9.462332114881298e-06,9.836718179243472e-06,8.868630056791756e-05,0.8279245722786832,0.06255651492742666,0.0903170250408222,0.013713905849714918
15058557,0.0021987585883643484,8.471317923637341e-06,4.111226853714213e-05,1.3652189806093471e-06,2.5230433814997456e-06,0.9598376617781617,0.00023152902742980554,0.035315737505450015,0.002362841251771283
15058570,0.0001008649625583372,0.000858975722999621,0.008467508118576762,8.433565936381234e-05,0.00017061567488041443,0.8938118772462648,0.028954886137387132,0.06552194801195847,0.002028988466010682
15058887,0.0017413495215071015,1.4413149605444112e-05,1.6856783027915652e-05,1.1123443051411492e-06,9.17958685163967e-06,0.8909813272875551,0.00011099481807259727,0.03946741308053754,0.06765735342853754
15058936,0.0035093120845246734,2.3938883932852013e-06,1.7583279908205448e-06,4.986938957807304e-07,1.3908041020271884e-06,0.9829526974882787,0.0003275106631019875,0.012722787130254171,0.0004816509194584174
15058967,5.707815674444289e-05,3.607571883600497e-06,0.00016749924611522883,0.28583746730898796,0.0001939149096709686,0.346088816125406,0.0023211607242565576,0.3593241889945263,0.0060062669624089925
15059289,5.7907802813811536e-05,0.0035445498296308316,3.486196962048535e-05,0.01021426544730478,0.14484122934978047,0.30692308863688667,0.0028072153790918296,0.5193717141993466,0.01220516738552457
15059736,0.5185674976658852,1.181757379050334e-05,4.2435276240373715e-06,1.9163331350338485e-06,0.0012935643817287412,0.38996746269719645,2.519612735473364e-05,0.0019398853789338287,0.08818841631435145
15061215,3.2484326520213e-06,8.05797026421877e-05,0.0014149978383388735,2.569895460444095e-06,0.4062452230010109,0.5840426619454345,2.733737928701263e-05,0.0014111193551854533,0.006772262449988668
15061312,0.001064747246418446,2.1627073776531903e-05,0.003953193546759794,4.5658527748205934e-06,7.572063371818165e-06,0.9140721637964779,6.702606275213607e-05,0.0736451174892184,0.007163986868450181
15061627,0.00010245531921086199,0.0002306174187802676,4.3411488128243675e-06,0.00043216264419216504,1.3035493359804878e-05,0.8876020219807707,0.015113438462451934,0.09249431235016345,0.0040076151822580315
15061644,0.00025987805411274744,0.0002366348286390113,1.1600934464922484e-06,1.2987337473545882e-06,5.910022442279909e-06,0.946196048805902,3.203812893361962e-05,0.04315399683412309,0.010113034498653355
15061776,0.00016267534684738736,0.00219241055620148,2.753877976759924e-05,0.00038987570280425027,5.212112885766521e-05,0.7695745969325476,0.15223420364311485,0.06483485272300595,0.010531725186853231
15061830,0.0007769161648106959,0.0004941533624663875,0.00029901743018206526,2.7634332466673868e-05,5.2092257984126577e-05,0.7927161433482153,0.031764129948876306,0.17205973279200606,0.0018101803629923864
15061848,0.0005448539207690142,6.918127265888896e-05,9.86500445969488e-06,9.824855252589555e-06,6.141209139622982e-06,0.7675252452601303,0.0013045372217811255,0.22946470956149204,0.001065641694316714
15062228,7.532340504742608e-05,3.6115172128198587e-06,1.4700737695899292e-06,2.00158825329308e-06,2.5425301947161645e-06,0.7634067902055443,0.0003323249940633491,0.22471659125980142,0.01145934442611307
27203641,0.0006135695449569289,2.5529767140405068e-06,1.4868163068193383e-06,6.164435300557276e-07,1.1748669229877309e-06,0.9940845853565513,2.045622772937383e-05,0.005013597062535043,0.0002619607047533585
27204020,0.001574039523699246,3.5749201609477675e-07,2.4067790146249414e-07,1.3593956595142218e-07,2.2154489678206836e-07,0.9970602972199722,2.345301362592933e-06,0.001340565876159954,2.1796424425691572e-05
27206412,0.00022111226305851682,8.890944729837976e-07,2.2688552244960163e-06,6.67441598245556e-07,8.703087713043005e-07,0.957858367494536,0.009141667233405218,0.03264159827762083,0.00013255903131246272
27206656,0.0013294505861038031,1.6170172486142112e-06,1.425912029361082e-06,4.7336092890322414e-07,2.0600977654366203e-06,0.9938462941959034,4.071723720114175e-06,0.0019316013099265482,0.002883005796373724
27208230,3.7486716177698986e-05,0.6104127067189616,3.879602475239081e-05,0.18240938765274073,0.019322755330725958,0.007937220722827518,0.00046304802229085555,0.10701526858214343,0.07236333022937971
27209390,0.00428048543547142,1.3572003053760302e-06,1.7899904501168557e-06,9.37304944882883e-07,1.8940466083805267e-06,0.8798291579173367,2.099437045175928e-05,0.10022925665106419,0.015634127083366978
27209479,3.451039140299614e-06,1.9624793080432094e-06,3.434111881843285e-06,1.9273016122471896e-07,1.0068428403511157e-06,0.9990929129454653,2.1367478319440958e-05,0.0005686219791121263,0.0003070503937714299
27211860,0.0019117954998969452,1.080184079835676e-06,4.378107540173959e-05,7.758153506272868e-07,1.5375164467410916e-06,0.9262364786310016,3.900755489317386e-05,0.07096344863236156,0.0008020950905677634
27212120,2.8625349352637623e-05,1.4615958264482073e-06,6.830117513800236e-07,3.8981701367116434e-07,4.488336083588845e-07,0.9957061790094759,1.7916352688364346e-05,0.0036251567551535135,0.0006191392751298358
27212973,6.317056366948455e-05,5.025146232930399e-06,1.2466891429149005e-06,1.3306322380046336e-06,2.2302890480752167e-06,0.9927343604469596,1.4389765030602228e-05,0.005824131720595853,0.0013541147470824734
27213635,0.3704527056190089,8.644090336734835e-07,1.4145528944152763e-06,3.841554261615754e-07,6.625892073959114e-06,0.6257656419160179,1.0885380397094075e-05,0.0006286896879529622,0.0031327883871948626
27216793,1.7010928397807208e-05,2.2471576152333452e-05,0.10071175552208655,0.0001480163367359783,0.027536882904845933,0.6220025633078625,0.027492518845926038,0.21117919802680074,0.010889582551192187
27217890,0.000999374574184132,2.0304667464704703e-05,0.000203637437236132,1.6029747403816902e-06,4.0214009837105785e-05,0.9959608151956598,7.941973581465305e-06,0.0026954918715722887,7.061729572399529e-05
27218299,0.06012636235246582,7.65790246337076e-06,6.3676231486734585e-06,2.684659982159111e-06,5.904337157506627e-06,0.5376105642814966,5.89790646951962e-05,0.4016218319969497,0.0005596477816411231
27219055,2.400194865106737e-06,8.971942731843212e-05,4.69548878487298e-05,7.322159179466316e-07,0.00019975201819171767,0.9956931769678681,0.00013779678901919024,0.0034346973434988505,0.00039477015547187844
27219363,0.059331399595500434,1.1771435247095045e-06,3.941929694223363e-06,3.1427771905705997e-07,9.798565676361838e-07,0.9404105650999275,5.35289743128556e-06,0.0001843929625588617,6.187623707618053e-05
27219923,0.12068496914439746,2.314139503641704e-06,1.6137748434449985e-06,3.623961453886636e-07,1.0974328803296975e-06,0.872404307082293,4.028565140118325e-06,0.002830180752077486,0.004071126712719151
27221361,0.0028660473463041295,3.033251161001695e-06,5.139984945144524e-07,3.7867436403768634e-07,1.0726167402600856e-06,0.9938004985171643,9.162283773742627e-06,0.002001945744559041,0.0013173475674388704
27221885,0.002212620263176062,2.5871279084256156e-06,4.585447421079909e-07,1.097271791146206e-06,1.6799177586615677e-06,0.7415671232604912,5.66883317114512e-05,0.25604350934240866,0.00011423594001216796
27222482,0.0007255518347744023,3.291138808789672e-06,0.001509861439103331,1.3265276606495725e-06,0.0008507953133293797,0.9739509321605535,0.007371985238869271,0.014085401393708296,0.0015008549531924614
27222643,1.0355898875455485e-05,3.8635251779594364e-05,0.01212682885857562,8.609642505964419e-06,0.0016881241119396755,0.969257981846879,4.626155771670735e-05,0.01662691629929506,0.00019628653243297097
27222752,0.029471305691669707,8.493516264291503e-06,4.80170155855485e-06,6.129097011770623e-07,1.3402857317373144e-06,0.963659961840978,8.47653490680127e-06,0.00670435167755584,0.00014065584163383768
27223993,2.6773828006537893e-05,3.4297478300600487e-06,6.508110689998079e-06,1.7550734733999487e-07,1.8514173356475246e-07,0.9990068289810011,2.287130493549454e-06,0.0009128897544346561,4.0921798462983194e-05
27224111,0.0017892347927397703,9.468796231628417e-06,4.94779221947343e-05,1.5967294825140333e-05,9.253377892292742e-06,0.7436843983806998,0.0004085100470193662,0.13527173005290355,0.1187619593354939
27224390,0.0010710319559955885,4.907757290982607e-06,1.3114757278699296e-05,1.3447279772262202e-06,1.582206621066402e-06,0.9048094490166878,0.00012541647752717654,0.09389778545163015,7.536764899120413e-05
27225248,6.228960550411554e-06,1.3899817395890296e-06,2.339292749185961e-07,1.1787585880314968e-07,1.876938449459247e-07,0.9994589832094561,1.6312832321425837e-06,0.0004528522940619381,7.837477198119267e-05
27226051,7.429435394921387e-06,3.84281665437475e-05,0.00011279125654349323,1.4375754048407729e-06,0.005661803104465091,0.9871178469033559,1.3318715316396016e-05,0.0003404805738151634,0.006706464269160226
27226820,0.015955537550076244,0.0013803713131976358,2.153897177162012e-06,3.9089263805759217e-07,7.94199765655683e-07,0.975766871755788,9.493892743590562e-06,0.00672741319838825,0.0001569733002254405
27227362,0.00019862041567526915,9.458767458285744e-05,2.1344084505871194e-06,4.108972028152778e-05,0.7046363421155266,0.1618841566596141,7.200168665391911e-05,0.00028616369068319453,0.13278490362853193
27227417,0.0009191392873472741,0.00035830235320770415,3.785831250984247e-05,3.855451499420113e-05,0.13400646595659274,0.6960724024679414,0.0005064256976389811,0.00467756151240934,0.1633832898973585
27227545,0.0001272790933704566,0.00015242486726597932,1.2760584382510163e-06,1.1626256783637461e-05,0.9381435096191479,0.002632982246224038,3.0288417364747152e-05,0.0029373826937786804,0.05596323074762629
27227747,0.0011020948553109935,4.700868941780417e-05,7.398134734973643e-06,0.00010376433347926931,0.14058761344894807,0.665789223995506,0.0006067807315333117,0.007240980126533113,0.18451513568453654
27227927,0.0003775119305651136,0.0003492413500379819,1.231564039612623e-05,1.588921760463401e-05,0.3840952295634815,0.5452714816003876,0.00042627908490211594,0.036566139819729004,0.03288591179289585
27228008,0.0004472081701547588,7.536121231142982e-06,1.0210778087796134e-05,8.288206428654256e-06,0.7713527620839792,0.2060749383082862,9.998451557402123e-05,0.018235028542461805,0.003764043273796569
27228350,0.0032309297947822717,2.686284813821748e-06,7.300154700160588e-07,6.230903251557011e-07,7.030946747903539e-06,0.9918477930348993,4.282333552597349e-06,0.002425764112399466,0.0024801603870094483
27228394,0.000674880602144467,0.0004985793266842605,7.436033284371284e-06,4.172515917437625e-05,0.04062197343077571,0.2251845969261661,0.00022604096978236224,0.052997148462166174,0.6797476190898222
27228486,0.03882197496237722,4.913668458098256e-06,4.2622380687125396e-07,4.6054344642246406e-07,1.3873118860192261e-06,0.9533348538232799,4.0582932238759255e-06,0.007161391049676738,0.0006705341238449868
27229246,4.8471708284558503e-05,5.3889389912934265e-06,5.001794566890344e-06,5.029530248404096e-07,2.007987329418239e-06,0.997241972001666,5.914672138793407e-06,0.002540402827122665,0.00015033711687562125
27229258,0.00025387091450901464,1.0100138919530213e-06,1.126066112734024e-06,2.875753906482979e-07,1.9168594023094763e-06,0.9945160945179659,6.221661945195765e-06,0.00506763560734336,0.00015183678343903609
27229306,0.0007178826586626203,1.3837551006969336e-06,5.159680291559201e-06,2.9168176008142555e-07,1.325618394878788e-05,0.9987522599973214,8.908749094475332e-06,0.0004458403403376344,5.501695348276159e-05
27229512,2.9604046317614037e-05,2.805992489324773e-06,1.895054746542767e-05,4.685495944875407e-07,0.00010336407063187723,0.9939068650035969,3.3410872868466987e-06,0.0058574578270058535,7.714287561181994e-05
27230055,8.029025207840827e-06,6.779451208715887e-07,6.08263674468807e-06,6.725472020556009e-07,2.7884106274929757e-05,0.9944964817945781,8.649269332279874e-06,0.005041694463584859,0.0004098282119542595
27230350,0.0034714032022839444,1.861243567982609e-05,0.00012414637596921494,1.1645077278856469e-06,8.48216151579179e-06,0.9878207869606633,1.3607928921625685e-05,0.008338255089733453,0.00020354133750503082
27231945,2.6966154932555496e-05,2.9109368063073067e-05,5.244656497799573e-07,1.0769058249700344e-05,0.67763896354276,0.0003603080853161073,5.492871047641965e-05,0.00013506511449685977,0.32174336550005544
27233361,0.008010734234168076,1.0867807440135433e-05,3.995955626550943e-06,5.758405505672092e-07,6.593191607782493e-06,0.9885413299775664,4.328448472256035e-05,0.0029990539760667498,0.0003835645322513701
27234012,9.286987704417816e-06,0.00023973279929108236,1.626097571569212e-05,1.1087092954972964e-05,0.5521011587233452,0.41713892990541357,0.001066727498515209,0.004400531212742236,0.02501628480431752
27234810,0.0002701117256512343,0.00033743531002793835,0.00022069291181296482,0.0002623758429440333,0.008568105628181315,0.4158152744123914,0.00011562613477137942,0.004003319096328034,0.5704070589378917
27235927,0.009222422303842615,5.623751943748068e-06,2.8372737801212076e-06,1.2653078326498128e-06,3.597530453401077e-06,0.983613522019937,5.954732706822648e-05,0.006456225215114336,0.0006349592700279258
27235992,0.01391673547224051,5.615652267202337e-06,7.766664038369882e-06,2.228614581789121e-06,6.28546659102432e-05,0.9739196269415679,0.000160997891167517,0.005504642801770933,0.006419531296455655
27236473,0.0002703531965358958,2.083543888085977e-06,0.0001187812556641815,2.0478644582873462e-07,6.292290449521827e-07,0.9983032046491879,2.492048050341831e-06,0.0008529728320089913,0.00044927845917387677
27236611,2.067626987799967e-05,0.6917471712226726,0.09887390333974537,2.4463428785124617e-05,0.166900136875451,0.03787709118306706,0.000679201118130555,0.0027800150722795294,0.0010973414899906923
27237922,0.00023105398332746947,3.403114769271873e-06,3.003026749229607e-06,5.847166458905741e-07,1.629343328407686e-05,0.9945351886647632,6.110083482874404e-06,0.0046563850003353505,0.0005479779766426622
27238108,0.05538452706735025,0.00012970314816357513,0.00043438495477882806,1.9245739162859515e-06,9.931623535232985e-06,0.9410740812744205,1.636351442337367e-05,0.0023854026445964465,0.0005636811988156135
27238172,0.0015427387419664966,4.5775405206061286e-05,1.1713352057313958e-05,9.032490455117895e-07,3.0032471657160217e-05,0.9801782012350195,1.656125783800845e-05,0.01788431994356524,0.0002897543436446029
27239286,0.25692013053159285,8.804529137840882e-05,8.690859506505627e-06,2.4056422752200562e-06,0.00026974426240915,0.6344332557748074,0.00011765907126121245,0.09487412056521409,0.013285948001555276
27241704,2.4952981469922527e-05,1.7543338122340386e-05,0.011588676167893658,1.410000591688203e-06,0.0021024286934542462,0.9668820171021288,5.165676943153306e-05,0.018107828506260838,0.0012234864406468443
27242056,1.63305675107582e-05,0.00012982478308572637,0.22961557864372115,1.5617321646708464e-05,0.018695596306820987,0.11660937579648845,0.6325543805134383,0.0017265798066024754,0.0006367162606855327
27242549,0.12114401769578913,2.968693276818994e-06,6.96459667706943e-05,5.854899118899436e-07,9.643117356575965e-07,0.8759089606914399,2.7427961830089024e-05,0.002608227605848084,0.00023720158339763463
27244942,4.250038718800558e-05,9.95203513419196e-07,4.9805264248403636e-06,9.738996100521e-07,2.9847240887695046e-06,0.9845599632286021,2.2571708195472475e-05,0.007288232010036777,0.008076798312340682
27245142,6.782023708361278e-06,3.0263574524217828e-06,9.579111143379925e-06,1.14691602914559e-05,5.279314463590599e-05,0.9907114453317373,0.00025114948390020234,0.0014741553506217842,0.007479600036509122
27245414,9.058897158079025e-06,2.6233207876716896e-05,3.6311186138805716e-06,0.000223154215089411,0.24819815948802254,0.45029442361544414,0.21360004078703249,0.0037009887403393776,0.08394430993042341
27245486,0.0330988356825692,2.8909729704760744e-06,2.3934393617050577e-06,1.6945831507955519e-06,1.7629812823040168e-05,0.9617107597674386,7.977638595034647e-06,0.00350486193458104,0.0016529561685101988
27245645,0.04881200205048022,8.434537129680763e-06,2.9421923714679675e-05,1.1720957904174578e-06,9.21686525699045e-05,0.9016168929889735,0.03986506203154343,0.006520047679711082,0.0030547980400870665
27246508,0.04730212508165845,1.5024100650080752e-05,0.0691999616729875,4.59926077247125e-07,1.2108571489932267e-06,0.8830835990589552,1.3546774053250211e-05,0.0002780389757504499,0.00010603355271868403
27247366,0.28180900477968807,5.792300645084911e-06,1.8296797855322455e-05,9.386423331384367e-07,2.1065370480869808e-06,0.5598473942450751,1.1557709122653622e-05,0.15822062763498473,8.428135324788617e-05
27248085,0.00020682000676346758,8.151758782803115e-06,0.0004799182838985812,2.2666926809474664e-07,8.249295101533593e-07,0.9991411585462797,1.4053268186069878e-06,0.00014416276288692844,1.733171579148289e-05
27248316,0.00010569424247873248,0.3521059538050869,0.13031443073728263,8.225978506053328e-05,9.179802416995166e-05,0.2537226132423417,0.00014100041706408402,0.26313710267557316,0.00029914707094224013
27248920,1.3183300106664545e-05,1.9029351204385064e-06,0.003375069913836784,0.000558956490910192,1.3753473214422131e-05,0.8873546603579274,0.00025910918505982834,0.10634380588270369,0.0020795584611204283
27249654,0.12206509859431847,3.128872510689646e-05,3.628264515258295e-06,3.727639135797735e-06,1.4064187293611296e-05,0.8181721197511772,0.0027223764988592745,0.050556148987429606,0.0064315473521640385
27250103,1.7346501931821352e-05,1.9774411440827355e-05,0.0001253455175683216,1.9000518922778518e-05,0.0004909784759317361,0.8520442128366689,0.006420202954095321,0.13962882765066786,0.001234311132772401
27250484,2.311953698644472e-05,0.0006813141827863113,6.716911059110326e-06,0.0008706923142279048,0.06841362121152707,0.2794087688287346,0.10251202393151204,0.5460857039852757,0.0019980390978908097
27254075,0.003270893286907539,2.1046029201353664e-05,0.019135083431782572,7.173574953443053e-07,0.0001928922204680427,0.9628873041647183,2.152649704951585e-05,0.014018144607121358,0.0004523924052559641
27256605,0.1509179530292551,2.0158880407493564e-06,1.2533610516995397e-06,4.1933498640664836e-07,2.525319128732805e-06,0.8474792119455234,1.4357259155594633e-06,7.27082894321715e-05,0.0015224771066661424
27260821,0.03648036199748077,0.0001869032040938513,0.00027957853312671904,8.139938878558433e-07,1.592182733896527e-06,0.9614383987180306,2.7491257501314655e-05,0.0014004599067851,0.00018440020635991167
27263673,0.40151158700019085,0.00015585771042358083,0.0006501245164961475,3.2232919154303733e-06,7.756583563475535e-06,0.12540046887895234,0.0004793621449577002,0.47138846738708795,0.0004031524864124074
27264838,0.5201824698653567,0.0004187461731802181,4.4302526812776595e-06,1.5039003959502358e-06,7.707984719333375e-06,0.4656697030432717,8.726996691909279e-05,0.011770183498086529,0.0018579853153891982
27267285,0.00022014732904228454,1.784040537009389e-06,3.0318812535934185e-07,1.203865963251508e-07,2.546053416204861e-07,0.9992913010155611,9.331267045479799e-07,0.0004574189742493005,2.7737333842379704e-05
27269056,4.186817854280981e-05,8.919009948633227e-07,2.1393400605544082e-05,5.082900086444809e-07,2.205595762368906e-06,0.9347313419437899,1.2157470717027037e-05,0.06511187206144417,7.776115813443445e-05
27269065,0.4090985183559622,1.2197724377878904e-06,3.262545093342091e-06,7.733830217682e-07,6.377782534677539e-07,0.5841596132866104,1.3580494318580515e-05,0.006388433737105214,0.00033396064719718474
27270200,0.07986290076990792,3.665314840574845e-05,0.0012564150563737797,2.3737768327192723e-06,2.7276221521817235e-05,0.9158919070818266,7.238769324353575e-05,0.00044752787354605214,0.0024025583783420187
27270846,4.1660209261794346e-05,2.916587920016865e-06,7.852606666667373e-05,1.3973341470127038e-05,1.3290349507164709e-05,0.5187008846174584,0.1042114849932517,0.36711813875201604,0.009819125082447974
27271299,0.004102716589084582,3.885985783428152e-06,3.7022529528552123e-07,1.2835406830314484e-06,1.3531875087455195e-06,0.9792484666227258,8.555058578293187e-06,0.016367858649212787,0.00026551014112795833
27271832,1.9899558178227387e-05,4.527434282945601e-07,1.3757417120935208e-06,9.016108743639557e-07,5.570254938369743e-06,0.9956701067974624,3.1614470137385917e-06,0.004036230041218038,0.00026230180517452205
27272650,0.0007694691562305549,3.374454236152062e-05,5.366951777246545e-07,8.876899842081765e-07,5.450126920887535e-07,0.9920982137404628,3.3772026658788427e-06,0.0029432055603944495,0.004150020400030719
27272926,0.3903033953848052,1.1181389247263345e-05,2.360058228765456e-05,1.2479799692895381e-06,4.924507918889393e-06,0.5723146782799733,3.6846540505367182e-06,0.037297741396638065,3.954582510988839e-05
27272937,1.0619331889383566e-05,1.332680042725618e-06,0.00024105294004339714,1.8947988993740042e-06,0.006267474221416705,0.8929793544118692,0.0002178248001858826,0.0989697239806169,0.0013107228350365636
27273133,0.00010504293895605606,1.3307684431851601e-06,9.816537398832341e-07,2.020843631683299e-06,1.0814920312996484e-06,0.9909108798351,6.844644652512955e-05,0.007888765059965734,0.001021450961606964
27273193,0.0008814191367840561,9.521315186862409e-07,2.9670094360492836e-07,2.3424781140146452e-07,8.044928784789935e-07,0.9960301807509424,2.6685476611287875e-06,0.0023056495420882626,0.000777794449371895
27274096,0.09736617970116554,2.2455578462076975e-06,9.177343432236148e-07,2.518695911395295e-07,6.155116878547496e-07,0.9013827912050457,7.038871387844509e-06,0.0007164869111604633,0.0005234726377720718
27274147,3.275182063480352e-05,1.3169285101518636e-06,2.7027272702813063e-05,0.002496585688177889,2.544014130209891e-05,0.9598295283948357,0.0028197968944724096,0.0100502015548013,0.02471735130456292
27274349,0.0002069134542853943,9.321900406791916e-07,3.722140210710974e-07,4.2530229091345296e-07,6.732814059859819e-07,0.9937451920821335,2.9411720993096837e-06,0.0012118109181735236,0.004830739385549751
27274643,0.027728919199959696,0.00017243695008040694,8.941526028141916e-06,1.8615759196147146e-06,0.0003946916469659559,0.9030702750591868,0.0001042511164214947,0.0009325825379683346,0.06758604038746967
27275251,0.0654764897872013,7.903390802301285e-06,2.1537261552705202e-06,1.0175654047612663e-06,2.1483333505943474e-05,0.6122340862072585,0.0001528586058128307,0.0005061402815743835,0.3215978671022847
27275276,0.030121565170052416,0.0001638324538488463,5.492078559139761e-05,2.3108302732046825e-06,6.516922910080315e-05,0.9373195572968086,0.00013136334468953444,0.0006435127216495084,0.03149776816798559
27276721,0.0016840922583664028,1.419813399024907e-06,2.452482548573497e-07,1.7730735677187353e-07,4.2780721943977304e-07,0.997314122369439,1.4204741064429217e-06,0.0009493608941945825,4.873382766349466e-05
27277131,0.0016956752524585471,7.005390188963129e-07,1.1723486465462203e-06,1.5417787608261066e-06,1.2224003440451978e-06,0.9872663348524722,1.8863976600735985e-05,0.01070153228488463,0.0003129565668136089
27277206,0.0005058411000761398,7.716794981607062e-07,1.625818946087164e-06,3.475437932867394e-07,5.254437210769801e-07,0.9898115840527784,1.6718020445776303e-05,0.00959992656888087,6.265977186027984e-05
27277456,0.00016017243861103425,1.3946594335725721e-06,2.6166678341995926e-06,6.914643370384373e-07,9.789603949661425e-07,0.9097192640233616,4.5262771100106376e-05,0.08969810653146602,0.0003715124834615381
27277630,0.00025109029654492076,1.0138531942403029e-05,4.308666044492216e-05,1.5374533230170683e-05,1.0933839941921505e-05,0.1919671157237449,0.49545951558440715,0.3108400220580214,0.00140272277172225
27278335,4.2935384608081285e-05,2.9962540148789742e-05,2.1991748430051363e-05,0.0001733264818109048,0.06169766476155965,0.6050785684408384,0.001639315381304097,0.3001506914555171,0.03116554380578298
27278352,3.7291205847474265e-05,1.6573401470045422e-05,5.721446479759849e-06,0.0008286979525123355,0.04076558794242814,0.2636926441627032,0.011987503390585843,0.6772700441605815,0.005395936337391755
27278359,3.494208338637241e-05,9.368426616318522e-07,1.1452194308061884e-06,6.242061119859625e-05,1.1514594735333766e-05,0.14876110242439125,0.022536782279630713,0.8271288130342406,0.0014623429103249297
27278399,0.0006083969775961428,4.37079929861554e-05,0.0011656969558272543,5.486717439215905e-06,0.00107384557900183,0.9282600091505386,1.8010705958352718e-05,0.06862551417048157,0.00019933175017079716
27278418,9.93100892149328e-06,5.6016754171948e-07,6.25856238331441e-07,7.920581707030635e-05,5.659384726836602e-05,0.2603454220757837,0.0049468619079642276,0.7343634512194814,0.00019734809973037253
27279366,1.1001760875961595e-05,1.225280540181762e-06,2.381491176436271e-06,1.226222648327875e-05,4.869359741567865e-06,0.16183528876035963,0.06162128667515996,0.7764557139348465,5.5970510816684424e-05
27279382,0.00025195114802788415,3.7307943385804026e-06,4.82504885163995e-05,7.300925317751875e-07,2.3488371849630753e-06,0.46043596697110506,2.0535337043132863e-05,0.5387390027273031,0.0004974836039490844
27279447,1.3873265798262997e-05,7.586541030008146e-06,1.2451100891971209e-06,0.0006121050287035436,0.0006818173177910194,0.2172376959807175,0.014377574048705336,0.7668843289907683,0.00018377371639687355
27279469,2.9931695741908867e-05,0.0005849001751747388,0.0004861427485366732,0.1881797266747318,0.0008921551841659418,0.08536810792051316,0.3656361702329157,0.35829993166132235,0.000522933706897618
27279509,1.492021715216684e-05,8.921064241058755e-06,2.9312748805076633e-05,0.002345497973641901,0.0352437403731399,0.2412491318663134,0.029703127427773167,0.6913056156003783,9.973272855520981e-05
27279610,7.460591474174158e-06,1.3747331147436176e-06,1.5676908764339047e-06,2.131351323948286e-05,9.63066512557417e-06,0.5018173855081028,0.31440945879164517,0.17916020947976055,0.004571599026660991
27281508,0.0031885341201002477,0.0001616547064173111,3.0243520923752422e-05,1.97386977643033e-06,0.00015246750985691032,0.983811774164583,3.029600095235048e-05,0.0005227079309986004,0.01210034817639136
27282434,0.001489692950497739,2.2961865253379258e-06,7.599100066960741e-07,7.44697745203264e-07,1.097288579076159e-06,0.4802621560957996,1.2431651625067768e-05,0.5170917691634214,0.0011390520557998092
27282901,3.31912969215824e-05,0.0008865300592523093,2.547155584368754e-05,0.0016877138532822606,0.23349153043164678,0.039165856369923376,0.01063716940269376,0.7124745364659336,0.0015980005645025767
27282995,2.5423715714476577e-05,1.4124874572347505e-06,2.9848251765413374e-05,0.008063751177963121,0.000757212691783298,0.28437207072474296,0.002034567785621204,0.704614542138785,0.00010117102616720015
27283125,0.021512174107310114,1.2732297319362655e-05,0.0001538295160415268,1.1149518632468086e-06,6.099698478119344e-06,0.9321199780100203,2.642773132212824e-05,0.04443071743097605,0.0017369262566690913
27283358,2.356393757324481e-05,3.0308373865592332e-05,0.0006698204720408582,0.000741963002857083,0.010481739797257007,0.4219700109941161,0.31578377537009855,0.24813091393034187,0.0021679041218498735
27283987,0.00018712885901819366,7.228065718436395e-05,0.13098494713551623,2.0622935549561445e-05,3.418407665096303e-05,0.8265408755765347,3.633060487877402e-05,0.007103208177567757,0.03502042197709965
27284562,0.13753840987503888,2.3078845131819912e-05,2.8169145688728564e-06,4.300309411665815e-07,3.233818168147731e-06,0.8616002577079349,5.364942448092567e-06,0.00037179855213916567,0.0004546093136289746
27285077,0.015629096762950212,2.4622752813789025e-05,4.239117949000332e-06,1.0314854407445023e-06,1.9284724289336727e-06,0.9824938700950288,3.323741630403377e-05,0.0016125386623251207,0.00019943523475947459
27285996,0.00045924338385746255,1.0789448303717225e-06,4.470907086256929e-07,7.009640707971095e-07,1.715032672115582e-06,0.9908685475909614,1.2248138399971312e-05,0.008036263374861723,0.0006197554796375168
27286316,1.2959650845558658e-05,5.521369482313375e-05,6.283794363910263e-05,9.134187256421901e-07,0.0017427921334029056,0.9862785159313064,0.0002548356710959642,0.004593610839889861,0.0069983207162713
27286859,0.046926798816641885,1.4094209780417764e-06,1.1150382740709206e-06,1.6029901365048242e-06,1.2586390016497556e-06,0.8262577249217431,3.117237286649604e-05,0.12638547480428639,0.00039344299607192625
27287341,0.0006213454495537287,1.9120662035449947e-06,4.087530070461576e-06,2.9373171510201103e-07,1.6487054485008813e-06,0.9967816083864831,2.604413159665803e-05,0.0024808893412039783,8.217065772501405e-05
27288515,0.00013927394452092301,3.5848625131674343e-06,1.8711632417840184e-05,5.882680292179921e-07,3.988455793122914e-05,0.9971371888222229,4.5601648932860096e-06,0.0025113314725245207,0.00014487627494692983
27288757,0.027590464003130737,1.2979624000323683e-05,0.00012959938715831674,6.051859379103396e-07,7.711193000935508e-06,0.9715192142903103,3.966221054914249e-05,0.00047832655115100824,0.00022143755476131236
27288952,2.1552627130447134e-05,1.967364211124544e-06,1.92865805411578e-05,3.6413039192549325e-06,0.002983655281155666,0.90242651939509,0.00011800495473668852,0.09421591399811968,0.00020945849509585785
27288975,8.578961352351575e-06,2.584493718571648e-06,0.0005280151834974726,2.1147614719420164e-06,0.0009223195193907802,0.9381850780818108,1.0879590962279514e-05,0.05802636010561692,0.002314069302178876
27288980,4.0852866893789386e-05,1.6057021337619808e-06,0.000254839757241221,6.50337518667288e-06,0.0008149794558686217,0.7227804530413942,0.0013080559918467673,0.27403668280702936,0.0007560270024056608
27290039,0.00035583554862758887,2.067757032605515e-05,4.076508542081171e-07,3.006090715949568e-07,4.0186668352201865e-07,0.9988195046263255,2.5796005674748758e-06,0.0006278415205645674,0.00017245100697947636
27290905,0.03630453911696092,6.962936506153136e-06,7.917922445013447e-07,3.920651955862206e-07,1.5628922338477845e-06,0.9624383196857093,8.55886508151977e-06,0.0009058561253512604,0.00033301652071705845
27290998,2.3325968047496877e-05,1.3101467690219411e-05,8.013177325904726e-06,1.7664573437996556e-05,0.0020183236960338385,0.9664829893310858,0.00046220038021119544,0.014313368571856527,0.01666101283431113
27290999,3.37831640139463e-05,4.748832062453854e-05,3.5413398856580964e-06,6.712495617454231e-06,7.631635564758261e-06,0.8936199688730919,0.0001283163994194467,0.0836883981237991,0.022464159647983407
27291005,1.5873685460340678e-05,4.378768011910423e-07,4.6187623897180965e-05,2.1747713656031544e-07,3.694945355671677e-07,0.999275664513745,1.8514534745451531e-06,0.0005143450197470288,0.00014505285520250878
27291012,4.7319250069863375e-06,1.6955926442389366e-05,2.317110438880736e-06,1.000297829615168e-06,0.0002763745591173784,0.9890625322247922,1.6287240650588173e-05,0.00041795084480832567,0.010201849870913497
27291083,1.3894117710020699e-05,1.515930288318279e-07,9.846566849918617e-07,1.4832229618134018e-07,3.29700746129202e-07,0.9989960889120425,1.1326783528109527e-06,0.0009519711786095009,3.529884052898985e-05
27291147,3.731963240469384e-06,4.392316432467942e-06,1.9557347004316312e-05,2.9236384308556867e-07,2.1577068759295574e-06,0.9989899450670563,6.181926740731707e-06,0.000584174047502246,0.00038956726130426854
27291193,1.4121854894765194e-05,1.8312097610243849e-06,6.176769700743386e-06,9.03998703318076e-07,1.6739546324615603e-05,0.9913732973863325,0.0005548304084133818,0.004149012253379188,0.0038830865724904817
27291241,1.8144758696782595e-05,1.7819017671741132e-05,3.8092920162745655e-05,2.7860463609160096e-05,3.210991153433376e-05,0.9367723899825503,0.012883598931120751,0.02907835904064331,0.021131624974010874
27294499,0.00021530439642613824,1.6934128014147183e-06,1.775005388150495e-06,6.704663476596607e-07,1.8818253306008237e-06,0.914469237135021,8.633097439551601e-05,0.0850338267876404,0.00018927999664909617
27297944,0.019516312363040574,3.7511687926486697e-06,4.430871578556407e-06,2.7117673536905725e-06,4.562834596187398e-06,0.9430403923691169,1.3509060582285625e-05,0.03473613839130248,0.0026781911736366683
27298029,0.0007589484892088488,8.703200896030554e-06,1.4165450630584116e-06,1.3899065442224836e-06,8.876166212703259e-07,0.8473005999045219,5.265698062216943e-06,0.15113945722574004,0.0007833314133425336
27298207,0.9463674836864506,5.720037741064283e-07,1.9988752879974366e-06,4.4960110849445855e-07,3.761298973536328e-07,0.0094365780019453,1.2452091543764748e-05,0.04408705192024974,9.303768974269129e-05
27298831,0.01100487191116755,3.755007057919672e-06,9.907686929031582e-07,7.130577863149153e-07,9.5771777773462e-07,0.9575674633541155,2.756639131179185e-05,0.015576186203380549,0.015817495588709752
27301086,6.588686235016022e-05,7.881956275329857e-06,3.61315255172457e-05,1.0343389782929135e-05,0.0003229233890201902,0.7752284280314752,0.1407279896166238,0.07122123392964153,0.01237918129931349
27301588,3.092500587172282e-05,3.4496569052000253e-05,0.04821717516496954,0.02530110666787508,0.033125558387852354,0.358837126647478,0.42839311568808114,0.08789259137379818,0.01816790449502207
27303130,0.0005464272142688498,0.0003619503402933123,0.00016353129729674003,3.682377673741139e-05,1.0449628356245755e-05,0.2534531671040824,0.0005557540435288266,0.7304778280508657,0.014394068544570543
27303243,0.011861107944196887,0.0006507059913319057,0.00010290440893593693,8.025133440213127e-06,4.44441597455694e-06,0.6350133999656464,0.0002174302086170961,0.34718051924534665,0.004961462686510441
27304639,0.011648380652207777,3.7368559677354103e-06,2.9171346866917555e-06,5.264634147059371e-07,1.2058360797478122e-06,0.9739677632816562,7.286800744735616e-06,0.014229265234142804,0.00013891774109974872
27310870,0.07247247296716107,1.3382129797543823e-06,6.006047364346022e-07,2.054316999705804e-06,1.113127287310591e-06,0.028984642474353763,3.3103840427697885e-05,0.8984549518519328,4.972260412145609e-05
27311386,0.00012303970072972357,4.983982263662359e-05,0.0007348231622810091,4.395245480232262e-07,3.33241158579956e-06,0.9969338181539955,0.00027806223244912585,0.001045955158528635,0.0008306898332456015
27311627,0.002421767421722625,3.0650838148583362e-06,1.0327740030139769e-05,5.136716042649188e-07,1.1802960525159676e-06,0.9963504294361304,8.843744861013485e-06,0.0009662199050897189,0.00023765270069458214
27312527,5.469048298455487e-05,2.246970947727214e-07,4.425313896701772e-07,1.2550468955804703e-07,6.02239078810817e-07,0.9998553265824126,9.735276747331764e-07,6.971437640969371e-05,1.7900058265399248e-05
27314199,1.3177132777066002e-05,2.2009022524747186e-05,7.611478618956445e-07,5.376660310689185e-07,2.0593142746113145e-06,0.9944740146205987,7.228629566869888e-05,0.00431162285316501,0.0011035319470981287
27315036,2.0096953396477815e-05,2.074724406945901e-06,7.543653192201489e-05,6.55004557632857e-05,0.00013915686186760726,0.9640329383794795,7.897028646681274e-05,0.031641969593789884,0.0039438562129075014
27316574,0.02661979433018476,9.635232871706661e-06,1.626818260617418e-06,9.304171499028582e-06,0.00029870673999095624,0.8357954305747276,1.132644486534101e-05,0.12379764963562834,0.013456526051971632
27317646,0.0001574973124043025,3.364946260115145e-06,9.470554125874984e-06,4.780662091922999e-07,1.489248851090093e-06,0.9954830179280719,9.963326076917952e-06,0.001823024329645536,0.0025116942883550582
27319072,0.5269476590119945,1.3436254711861803e-05,1.0429513774472587e-06,2.758525396542617e-06,5.641983354003552e-05,0.4486007074806908,7.102716889548103e-06,0.006524307412408751,0.017846565812990527
27319892,0.22768401738188918,0.00019428678682359226,1.0310596812663825e-06,1.1609616808606548e-06,1.8568972041891635e-05,0.755967954637949,2.0638542248883336e-05,0.007838916071080131,0.008273425586605149
27320262,0.0006820979528327945,0.00029942130163729535,7.854542609256437e-06,2.8035657076936828e-05,9.632179289803351e-06,0.9180538272991644,0.0008252233235959466,0.06699165646083458,0.013102251282959063
27321197,0.02948802028076853,3.5728837292888716e-06,6.969864116047258e-06,5.97327326686483e-07,1.204656182422842e-06,0.9675909433100467,1.5187853550558e-05,0.0026513259051342045,0.00024217791914567574
27321202,0.00017402273103061036,1.397364536115316e-06,2.1176027459072066e-05,1.3740451836797744e-05,9.30592143435628e-06,0.8855064056183215,0.0021553742683969295,0.10908918335865828,0.003029394258326484
27321241,0.19624208572823562,3.3759286886509164e-05,2.132026176786249e-06,1.0671039655734934e-06,2.1668270425758382e-05,0.33521670291275774,2.6530518865345775e-05,0.0006249077081581611,0.4678311464445285
27321582,0.03439942348425159,4.094286057149675e-06,3.1707859084859986e-06,4.674121458555512e-06,5.539226331908686e-06,0.4645739787016591,0.0054854844911915186,0.48811146600193134,0.00741216890121031
27321885,0.0002342743601616955,6.100988769182268e-06,4.745685913150176e-06,0.00017170778824095867,5.253796519410483e-05,0.6608239340182167,0.19598019985033793,0.1399218768453565,0.002804622497809763
27322213,0.010515562767801967,0.0001794896780197744,6.959678430931506e-05,1.8980122033354388e-06,9.511143501327136e-06,0.9375160520112396,3.9309781030142334e-05,0.04669745932227187,0.004971120499622726
27322239,3.051517136976262e-05,2.1941884851553407e-05,0.0011081639792887257,0.0021071968743877406,0.06708390147378054,0.5621755012788763,7.507880416605483e-05,0.36609793782755895,0.0012997627057203406
27322774,0.00015809202862620428,7.820911206666483e-07,3.4110984244164764e-05,8.016096575466478e-07,5.3972796515612076e-06,0.588885288246115,0.40979695692243745,0.0005335941186254028,0.0005849767195221862
27323256,0.00044725411341700854,2.5766350956163414e-06,2.0740128809361943e-06,2.1136573397902905e-05,4.066693735981422e-06,0.7297315869821335,0.2520779907461735,0.016672616057369964,0.0010406981857957204
27323692,1.6669132522435336e-05,5.246267858487425e-06,0.20170689572529596,5.127823453487111e-06,0.0007945068725578874,0.7043657298544528,0.03374594580347818,0.03265025704950511,0.02670962147087571
27325257,9.364236256012784e-06,0.42079571879404903,0.00019492509151505948,2.3193219315535682e-05,0.0020897383927466545,0.04923785989805767,0.001041402056981447,0.5100393120188592,0.0165684862922195
27326782,1.059271320186685e-05,1.6459008499855248e-05,7.52902371582679e-06,0.00045881612466070257,0.0018426861741983735,0.22919240207765368,0.004572455074682772,0.7637876579354896,0.00011140186789735775
27326804,5.680650445332904e-06,4.2802394787165796e-05,7.531555933373477e-06,8.675558087498257e-05,0.001944637400099278,0.007087711683807646,0.0005619553205884943,0.9901741822845057,8.874312895804368e-05
27326842,5.650585537743335e-05,0.0005020560526887763,1.0478012975562353e-05,0.0003456190834888411,0.002873374898741592,0.12775115911810125,0.16851850199303545,0.6947709720573616,0.0051713329282295556
27327185,1.0148912795926848e-05,2.8550012317914253e-06,6.418100809559436e-06,0.0008989219579578897,0.012184363865342726,0.14331297214704583,4.8476467007016535e-05,0.8414068517873827,0.0021289917604264416
27327671,0.4503547524653637,1.3355050077232934e-05,3.2069881152216785e-05,1.4052536124529443e-06,0.00013374381679506702,0.5288104152413863,3.548097750699013e-05,0.0028025820560737677,0.01781619525803228
27327877,0.0001337814729643919,9.625072292616724e-06,1.9666082432944894e-05,0.03874994798263917,0.00017310533105974668,0.8349468614345895,0.017759414074154302,0.08735055081002405,0.02085704773984315
27328781,0.4760320709802509,9.312105029499476e-06,1.2884305594974555e-06,1.431090844497196e-06,3.2755252949688302e-06,0.2964487672276662,3.033164654202182e-05,0.2271841674572103,0.0002893555366022281
27329054,0.0009160324864751718,4.845096500502903e-06,3.933771886203318e-06,3.759583192908635e-06,7.068347033542077e-06,0.4408345526110605,0.002036228692671044,0.5324819183408747,0.02371166107030543
27329113,0.1608159184680067,0.0002090759061599938,8.926480423828616e-05,4.0586649399910715e-06,8.195298345453167e-05,0.7183283844636443,2.7128769171665107e-05,0.0009714765932912678,0.11947273934709321
27329179,0.00019138832679325507,9.993937189559504e-06,3.096677566301912e-06,3.146173163140298e-07,5.210985340606094e-07,0.9875281094356255,7.681518390387362e-06,0.011956728331122508,0.0003021660574620626
27330098,0.01474568015031148,3.872076206641568e-06,5.233458282509302e-07,6.839536000364831e-06,1.1127622374586725e-06,0.9782339283968658,1.4964169016098102e-05,0.006917596489511529,7.548307402233174e-05
27330398,8.309559468949847e-06,5.929719812217017e-07,7.2728477715535e-06,3.177789777187891e-07,1.1119419443793524e-06,0.9976185500459399,1.2109499943579511e-05,0.0004232836995351685,0.0019284516544374533
27330675,7.97086897060456e-05,1.035285200805692e-06,1.5219413993657727e-06,5.463776030246452e-07,8.138084440996322e-06,0.996519955615411,1.2655901092415615e-06,0.00037853830319618147,0.0030092901129334356
27330798,0.0001357485308277271,9.320092986552664e-07,2.2704656043000697e-06,2.750850691643212e-06,1.7713586519970841e-06,0.9169524998688287,0.00012260501598843808,0.0817831556242172,0.0009982662758913894
27330903,1.5080605792270913e-05,5.7752116629522465e-05,1.4059676253635181e-06,2.457704737990194e-06,0.15174385456147793,0.8282773769421239,1.984642365950294e-05,0.010809946243814482,0.009072279434139071
27330971,6.856371100592596e-05,5.985531311806753e-07,1.454461625870888e-06,7.962949755298511e-07,1.0676998104839178e-05,0.9919705458581556,4.090900087048195e-05,0.007221445391411623,0.0006850097307190522
27331136,2.001033534963539e-05,8.723340443811274e-07,3.789555016906555e-05,8.006315239780217e-07,1.5463376576450004e-06,0.9400148274055576,1.520794345189743e-05,0.0589721967448429,0.0009366427174029917
27331288,0.00037179369643739206,2.30181286675018e-06,1.7522748739811707e-06,5.608239442633484e-07,1.8036287773740083e-06,0.958637883712208,3.461382079348539e-05,0.03954718692505519,0.0014021033050434463
27331368,2.1588243204380877e-05,0.001216003299904689,2.3918196446368356e-06,4.4520676458615746e-07,2.813359285214504e-06,0.9937706667048569,6.291622902356528e-06,0.0033879864009285165,0.0015918133425086277
27331597,0.00035079361689074916,1.849753396069983e-06,1.1095756481668254e-06,1.9866172319227954e-05,2.2950531445486577e-06,0.9717384741110895,0.004153056333295093,0.023619836834285878,0.00011271854993078305
27331897,6.172118814791317e-05,4.981285710246292e-07,1.0358134334005441e-06,3.143558390171664e-07,8.060114861392564e-07,0.9901197770089631,0.0021034945010943514,0.007510322846664116,0.00020203014580086787
27331898,0.0008718398062651641,1.1325137967449391e-05,6.954734335575688e-07,9.161925717221199e-07,1.2290700358077848e-05,0.984164048846935,2.49900393702455e-06,0.014677238533477823,0.00025914630505414305
27331924,0.0008279350363289469,0.0025756301408000077,0.00010922637884109199,0.0015693654527971356,0.16643258234506178,0.1491692630954931,0.0004903626864620752,0.001834974074048728,0.676990660790167
27331936,0.0034712058459281047,8.831096472793464e-07,1.989504096995554e-06,6.11644618243039e-07,6.39409814186237e-07,0.9945373670507365,1.614587386850239e-05,0.000918715956151041,0.0010524416051389935
27332145,2.978690686701129e-05,6.236079661698066e-07,2.8674403542661954e-07,2.8714077537778466e-07,2.7852271918394125e-07,0.9992142406017198,1.1135810053664822e-06,0.0007194873684172005,3.389552649448036e-05
27332389,0.2220339477545552,0.00018103069761094082,2.2443387552971545e-05,1.5159302707579256e-06,2.94580073463118e-05,0.7684459941094813,3.8567097261779074e-05,0.0047397907443706404,0.0045072522715501745
27332497,0.08043864841740897,2.3864176528380395e-05,8.790128729285746e-05,1.0223224254819526e-05,1.1802077897346781e-05,0.40197926334709183,3.926263590580985e-05,0.5060308716388834,0.011378163194736658
27332504,0.000467917706306421,8.862850105596614e-07,1.2558991334048661e-06,1.66284431036655e-06,2.458177535755438e-06,0.9518089025452913,1.2624082648523899e-05,0.04401000102932771,0.0036942914304358516
27332769,0.00016698565011967844,0.00018050968537293658,3.415724021819064e-06,2.445812024176606e-05,0.0005420827266509013,0.10815978886738398,0.0020827494031144386,0.009626445971009371,0.879213563852085
27332988,0.0038033145824575183,0.00012498010448014062,2.513014446334216e-05,8.310560607499603e-05,0.00024719893933893846,0.505484099719913,0.0002891829347011902,0.011999511985736023,0.4779434759828347
27333044,0.45958515850520554,5.13356162346113e-06,9.709564652836883e-07,5.977918663053437e-07,2.468494013039152e-06,0.5095028458131743,1.8446045701483782e-05,0.0011649944401928946,0.029719384391757718
27333961,0.00010214681464923505,3.248421406884387e-05,4.089589693145866e-06,1.757458333636011e-07,6.246896072416347e-07,0.9989464937826021,1.0336950848850144e-06,0.0008360902456591423,7.686122280201281e-05
27334642,0.0017848771848975465,9.067309469080846e-06,2.8243506316280154e-06,2.1965950037537433e-06,3.354094847018492e-06,0.9645763223247498,0.0001602462385474127,0.03322534362855249,0.00023576827330139974
27335022,1.6241957611005682e-05,0.000738237562635768,0.002329419476237085,0.52429712278293,0.0020930122332774416,0.0053066253761165924,0.40651030086615514,0.05853657359747562,0.00017246614756151376
27335499,1.4781728444094354e-05,4.897141306047815e-06,0.0008710936682285363,6.634155311386921e-07,2.3698285632657865e-05,0.9958055213288409,2.71850581731927e-05,0.0007298217475479741,0.002522337626295455
27335500,9.66077209066021e-05,5.700897039273368e-06,0.00013072584831340893,8.192111880966467e-07,1.678360435982007e-06,0.998186814858224,0.0002937891368391736,0.0008745161339745644,0.0004093478330790054
27335920,0.0053157478212720235,6.48873628102025e-07,7.42553224772389e-05,5.6928185782968e-07,5.353735702667376e-06,0.9809094091940624,7.553370261709136e-06,0.013422626988213938,0.00026383541252404495
27335937,0.0008362784578170055,9.665627591586483e-07,5.788355192586863e-07,1.7041330235316745e-06,1.233607197931238e-06,0.9901990307968811,0.00010475248016047344,0.005970009446062053,0.0028854456805795163
27335972,0.00015406626281143056,1.0495073197577763e-05,7.062762497876018e-06,7.336848439918483e-07,3.277807170844117e-06,0.9358080712924535,1.6077465892966088e-05,0.06366879477255624,0.0003314208785755822
27335985,0.0023797237198323233,1.1050306659103406e-06,1.5697825506788512e-06,4.252161533300724e-06,2.4517982670073105e-06,0.9215133759446787,3.2569393768694605e-05,0.07536556467700438,0.0006993874916989183
27336264,7.210333106202106e-05,1.7809997265189606e-06,2.8472356750965665e-07,4.817793635269933e-07,1.0517144986082075e-06,0.9977249423709058,2.398101996880006e-06,0.0020300395860122786,0.0001669173928668934
27336301,0.0003931761077432038,2.1892779742657522e-06,1.8623029629537556e-06,1.7897133094518685e-06,0.9213071039277623,0.0734236693654895,7.2315236243392454e-06,0.0035162814098488523,0.001346696371285217
27336331,0.007177659530826522,5.4753862471895405e-06,1.1922217614035207e-05,1.1536493847171396e-05,0.43970708668455305,0.49751660002170517,7.433254519268826e-05,0.052607690460931764,0.00288769665908244
27336345,0.00028509217651183957,5.23684953740968e-06,2.0308880944962966e-06,1.4475376294302706e-06,1.5661965229932465e-06,0.9899513213401177,9.028872331286906e-05,0.009589655194638964,7.336109363426644e-05
27336370,0.0020389402678502974,1.948101281572116e-06,2.7552902588298125e-06,2.8009020799460407e-06,4.906995025032802e-06,0.8709540837097478,0.005731741939573697,0.11981549091593557,0.0014473318782472129
27336506,0.021313209428077323,9.66266177722648e-05,3.2503596295160144e-06,1.0574886205316596e-06,2.3310497138226435e-06,0.9770595822138045,2.6531917884615063e-05,0.0008763246666584278,0.0006210862578390293
27336625,0.000403375380862386,5.794842739862822e-07,4.54150530919546e-07,3.65287038149203e-07,1.0056194732234432e-06,0.9906359659301771,6.099668824587451e-06,0.008079319017559388,0.0008728354612602584
27336709,1.3559337164909536e-05,3.3981759598714818e-06,3.2438276169754385e-06,3.657651540791819e-07,8.932251631502422e-06,0.9944698084197867,9.805139024452502e-05,0.004870883048264642,0.0005317577841766877
27336822,0.0004107189950177508,4.7277514959548836e-07,5.368128718735629e-07,9.913581106469577e-07,0.996401334549805,0.002335630108121894,9.625837853240001e-06,0.00029340768130716783,0.0005472818817627529
27336898,0.09444068215940296,2.881666485695341e-05,2.9821891851105294e-06,1.55849426729701e-06,1.008180665220247e-05,0.9027021223866504,7.734184311127686e-05,0.00026793222788364465,0.0024684822279902228
27337000,0.0008953368312427925,1.0571659237090761e-05,2.1748293121319767e-07,2.389364086255772e-07,0.9937969664908902,0.0038956100674008252,4.579376694483614e-06,0.0001420179503737714,0.0012544612048210474
27337095,0.0004115052896471654,1.2955335792559059e-06,3.7061170331769234e-05,8.623238473876265e-06,0.0001462531046884346,0.9676492852836656,0.0005054381219016291,0.030902866034792732,0.000337672222919283
27337441,0.0006044279350418402,9.494793289343988e-06,0.00013543410943178338,4.2387421260992124e-06,8.767727897301664e-06,0.9552987261135251,0.00042595122855228494,0.04188362571638861,0.0016293336337477292
27338015,2.275762395412876e-05,0.1393916401480044,0.007535380910487148,0.0002242637939477516,0.3037285190405181,0.19437611071373795,0.00012380559566665323,0.35379145017359387,0.0008060720000900815
27338261,0.047817364412351494,1.8429574248200589e-06,0.00018107929436121054,3.1381715851213743e-06,4.388296349592007e-06,0.7753944320665471,9.961279763031842e-05,0.17533121337479451,0.0011669286289558729
27338374,0.23909340578388488,3.3485732125940977e-06,9.820196022092825e-06,6.981039877505791e-06,1.3773258643534903e-06,0.05839824323201416,0.0001401072780887965,0.7011628462114831,0.001183870359552584
27338487,5.151884099775834e-05,2.3041775355723733e-05,5.4162175239607844e-06,3.116535206187626e-07,1.0606374422555206e-05,0.997589497581534,1.1717822087728356e-05,0.00023282412753805422,0.002075065607019452
27338573,2.057195569191243e-05,3.086780741297923e-06,2.2475485070219703e-06,2.456234164685811e-05,1.0055044146457209e-05,0.8976379799718863,3.7050129694797835e-05,0.07846460129889826,0.023799844928787055
27338627,0.04112275231966893,1.070676236638885e-05,5.425156168775981e-06,8.22581368208214e-07,1.4667411889137027e-06,0.9055748839268449,6.293879916870116e-06,0.004633815740031052,0.04864383289244585
27338828,0.7360610884860377,8.573645070451082e-05,9.960191001633712e-06,5.028063829065705e-06,3.0690426976248934e-06,0.036905988334376964,0.00031055479142999006,0.10355756208532603,0.12306101255459656
27338955,1.0283327551136049e-05,1.643340417012259e-06,2.8081867243023794e-07,9.210114794384756e-07,5.176285409065271e-07,0.9968399976211666,4.860420821833828e-06,0.003124919948209776,1.657588314100289e-05
27339257,0.491875249722918,3.429747799380898e-06,8.199472705149936e-06,1.8557724917609267e-06,1.5544462542266903e-06,0.39915004114425023,0.0002619090986250394,0.10742149162204244,0.0012762689729136822
27339480,0.0005750629509495709,2.716941462708233e-06,3.082419961787906e-07,9.513651018834075e-08,3.694884689379285e-07,0.9990049272099635,1.2058654210363587e-06,0.0003781227982066439,3.719136702125329e-05
27339989,0.2232538709824638,2.1774955870557543e-05,2.6438639897468783e-05,4.018837895236155e-06,2.9421262362301093e-06,0.6821143732808249,4.7811080727616825e-05,0.08874862235789108,0.00578014773819336
27340997,0.1028753677332472,2.144153350234022e-06,3.919709381915906e-05,3.8607470839077594e-07,1.0475427349460008e-06,0.8962449569450921,8.755518058586777e-06,0.00039761700008235324,0.00043052793890690464
27341248,0.012757940631889408,6.170377953749778e-06,1.5593247401299258e-06,2.751996572900397e-06,1.1872145917407326e-06,0.011136231845339383,0.0003319913804132853,0.9756887281704543,7.34390580450155e-05
27341296,0.00588433220716609,2.7359024858184975e-05,0.0003792025432747031,1.7904661014095802e-06,0.0007897476054370036,0.9753515214171655,0.0003788635343968804,0.005076948676710396,0.012110234524889792
27341878,3.480217058507031e-05,0.05559391073436646,0.0001523959104880429,0.0043480530254459086,0.07678158280555988,0.27770335007369384,0.03763772615920139,0.21654015741977997,0.3312080217008794
27342302,0.041535047205090644,2.231863784757265e-06,2.2707769976521495e-06,3.2846153064870873e-06,2.0196173113055726e-06,0.9519257040754814,2.200349079700281e-05,0.006229810971667442,0.0002776273835634487
27342483,0.10696895634759121,3.7937297686179823e-06,0.0007418589976834394,9.861165440993708e-07,1.44816857549556e-06,0.8752993312885703,1.9969326125756962e-05,0.016831714875596114,0.0001319411495449398
27342678,0.0036967020706962133,9.819079441991814e-07,1.2365337926256379e-05,9.058451134601857e-07,2.3843838024924835e-06,0.9121188016206812,4.3458316704219276e-05,0.08376338711107069,0.00036101340606121496
27342880,0.09634743826204077,1.5311257483445447e-06,1.2975903956198014e-06,5.579245064017126e-07,1.106756710446014e-05,0.8967320018243475,7.095966588638386e-06,0.0007601809449215363,0.006138828794346587
27342921,0.060595626586573734,1.2896043781206345e-06,1.3683969335363011e-06,1.2107112924388524e-06,2.2834743613096743e-06,0.07652753058868042,8.689209599321859e-05,0.862665830276633,0.00011796826515426578
27343006,0.45675446891739363,3.065297104209996e-05,7.581642332122281e-06,1.9648107871892446e-06,7.157080528296537e-05,0.4511242273055611,1.5421202557190808e-05,0.082088663106564,0.009905449238479616
27343023,0.0127410370308633,3.0015261682800927e-06,8.922375645297842e-06,1.6371853426248456e-05,7.0576003309061695e-06,0.29577267406798485,0.06889991124166939,0.6191644160193363,0.003386608284575493
27343037,0.00010526587304375322,3.835081870870575e-06,3.2363353481104088e-06,3.114562943536317e-07,2.5900568292144992e-06,0.9971738943412373,1.2732349278663419e-05,0.0020744784188040572,0.0006236560872936879
27343163,1.1728389927664332e-05,3.994708559770593e-07,1.543571248849714e-06,3.342131597004973e-07,6.538790109151227e-07,0.9624213749667081,3.001981700494385e-05,0.03744558982473324,8.835586735076512e-05
27343271,0.0003983171890716567,1.1002904134047629e-06,3.4963909979070325e-06,6.160778650095763e-07,6.764265140470594e-06,0.9690234754751499,6.910827249139185e-05,0.03046308580808666,3.403623078358733e-05
27343273,0.00019132696655262802,1.211525578800841e-06,1.941384674576541e-06,1.5542691542117026e-06,1.636881490792133e-05,0.7341403256652025,0.0002272817302041381,0.2650312467386063,0.0003887429051189679
27343350,0.0020008057777037287,2.089852218007798e-06,3.8757156493549464e-05,3.271813592044739e-06,0.0013101104987846659,0.8588776459421096,0.0023604936757858313,0.13519224266693125,0.0002145826163812992
27343416,0.0010237837293236847,8.536282222671693e-07,3.837717321269117e-05,6.161491270806286e-07,1.0668556027742112e-06,0.9943361830086783,4.956120847696446e-05,0.003447387200610808,0.0011021710467454834
27343473,0.6187015062988932,1.0806595479426403e-05,1.085170113743913e-05,3.286334551391155e-06,3.571858055725623e-06,0.24864396634962324,3.990682764428266e-05,0.1318797064516004,0.0007063975830147115
27343813,0.0015462251213929645,3.1823432621089245e-05,4.303528341640157e-07,2.496492693648158e-06,1.576977879461581e-06,0.7141014925956665,0.00011552743245507348,0.28386518874722005,0.0003352388472371381
27344088,0.00046617829852672817,4.952943654896453e-06,4.0773827108241625e-07,2.596369260759536e-07,3.5418703122932867e-07,0.9990515932652404,3.708598077726673e-06,0.00041157921754774433,6.096611472411339e-05
27344466,0.01451991591783946,8.963557697727435e-07,3.7525955075786956e-06,2.9886358742590607e-07,2.7467837467230246e-06,0.9801536899988686,6.843531805632573e-06,0.005201010737164133,0.00011084521571067462
27344470,0.1451360491836196,1.66378876029664e-05,1.766336129973364e-05,1.501380729272563e-06,3.927452570312134e-05,0.5450001767665468,3.135788224408451e-05,0.0003514102431322275,0.30940592876912215
27344606,8.432978163514596e-06,6.559355591850852e-07,1.1075479017484157e-07,8.585994256434645e-08,3.144167203533078e-07,0.9998386549315958,4.4769108367047e-07,8.04606699281653e-05,7.083676221648697e-05
27344607,1.1529525793216887e-05,1.749384840637436e-06,1.7195450758370686e-05,2.340132064558828e-06,0.00024296561275469991,0.9834330708662102,0.0005729290407212532,0.007134320230761911,0.008583899756095114
27344727,0.005445534069331828,8.303155476658898e-06,5.580624840250105e-07,3.693500872907673e-07,8.993873703074854e-07,0.9850019968297298,2.1550765219719582e-05,0.0063885347796917525,0.0031322536006086013
27344831,0.047482436699174936,3.7346268970068405e-06,3.2303544213077014e-06,7.926378762764364e-07,1.5841250542920516e-05,0.9439551963616746,1.0469030709687137e-05,0.00037710530006592396,0.008151193738637336
27344892,6.9586638140486834e-06,7.475030653635191e-05,0.007152289229832497,1.3797939101219928e-05,0.047403372358075256,0.894018511916878,0.0014345546854621352,0.014464961509202772,0.0354308033910978
27344953,0.005201333504791328,3.18108636216768e-05,5.65554269003353e-05,7.460506574374685e-07,1.8100192307831179e-06,0.9927830456520599,5.013132197450792e-06,0.0016960311260884216,0.00022365422445260537
27345000,3.442800124170825e-05,6.153083013509804e-07,3.0066631843304045e-06,3.919396375874632e-07,4.3185013633353355e-06,0.9814667057710876,4.8005404967905576e-05,0.00879977059922336,0.009642757810992799
27345126,1.8907048442310886e-05,2.7208252984987206e-06,2.1719387465764276e-06,5.724912340890968e-06,7.822811782094554e-06,0.8974155634564417,0.00026944614017648273,0.04372595555612607,0.05855168731064546
27345197,3.3457315410084174e-06,1.3099453506138345e-06,1.3923883850610009e-05,2.9768434549269428e-06,0.00012022684038998782,0.9598973115940636,0.0001303434634857635,0.010902490231929254,0.028928071465934135
27345260,8.735031066840973e-05,1.2129102302292456e-06,2.603573861450595e-06,3.5628333567675142e-06,6.144114762244802e-05,0.6421683731234604,6.283297586169429e-05,0.34939017123016597,0.008222451894772675
27345358,3.0479852872743943e-05,1.1881824345383626e-05,2.9664011933215313e-05,4.658908603956894e-06,0.0011095971440764673,0.9942950360818162,2.6098938069098606e-05,0.004003254462197928,0.0004893287760848321
27345381,0.016712162424550953,1.1956129842460662e-06,0.00043262410745675063,1.642846708555811e-05,0.0002192918630503411,0.8961123260618882,2.480027340407933e-05,0.08560176056589679,0.0008794106236831908
27345424,0.003233895301775568,6.743650399816288e-05,8.883623970132383e-06,9.84715027349032e-06,0.0006238055847912307,0.9794211215558922,2.6101974856744824e-05,0.004972852131398869,0.011636056173043422
27345483,2.3957409544458846e-05,1.0334041511706609e-06,1.3501304071933857e-06,1.4794563691306072e-06,1.0204158320501214e-05,0.6788747919129603,2.370004517095346e-05,0.31953328629453615,0.0015301971885401079
27345484,0.0004935425786460341,2.607111935687445e-06,5.259987713565779e-06,5.273914656612394e-07,2.328274487612406e-06,0.9720527815618178,9.143481748818809e-06,0.027407305738523062,2.6503873661803496e-05
27345491,0.012600028331600016,0.00014633680109238774,4.728602204944453e-06,3.363899789417895e-06,1.1706040166195607e-05,0.9027421217235228,3.891328026658566e-05,0.011324561635893259,0.07312823968546447
27345640,1.5324228858594335e-05,1.0878014839138993e-05,5.644270636849614e-06,3.7530362336639426e-07,2.551537496462455e-06,0.9595346237700635,1.144823576355821e-05,0.03897529427292092,0.0014438603657976412
27345805,0.0013104063849188005,1.7287556036036288e-05,1.7639301484573978e-05,7.969398584697899e-07,2.9479173837518987e-06,0.8987261568269229,0.0012643062595005497,0.097975878748174,0.0006845800657211293
27345892,0.0003819065436683472,5.623941234065613e-05,6.1459521623222435e-06,3.9765460494313205e-07,8.882108978653613e-07,0.8807648909287685,6.485660164489312e-05,0.11853037235030998,0.0001943023456024913
27345998,0.0049881663282368306,5.516254340944821e-06,7.882536995455309e-07,7.790676468608555e-07,2.4296482299330207e-06,0.965309947062984,1.1610123365649424e-05,0.026051556313249714,0.0036292069482464612
27346019,1.8556169621116638e-05,6.572858733676059e-07,1.6877494989923026e-06,3.320559648207154e-07,4.2664601309659046e-07,0.9989016449264815,2.896085006377058e-06,0.0007025862393041291,0.0003712128422365483
27346052,0.1782282615571406,1.7784448566819435e-05,1.2548453735003796e-06,8.607257753357006e-07,1.8843770331368843e-06,0.8110274668048169,4.461269675779747e-06,0.0009783418615096095,0.009739684110108482
27346053,5.560331053780589e-05,1.7045936434891846e-05,0.0002462877447843467,7.308078820543777e-07,1.4224218579513556e-06,0.9985685531021442,9.536873428173247e-06,0.0003743299321331403,0.0007264898707973021
27346187,0.0004161788166103885,7.9354139310662e-05,0.00010794702408888294,6.017615029850611e-07,2.313663008226731e-05,0.9984674531065998,1.4239204486539257e-05,0.000547052444417313,0.00034403687290092004
27346254,0.00012054979187486872,5.369412161768656e-07,4.703144703677376e-06,3.2880637819504605e-07,5.10870974293846e-07,0.9952574338694207,7.966811693765386e-06,0.004374431399267865,0.00023353836447042114
27346306,0.01600475780449436,1.1101592342404304e-05,4.337965248887126e-05,5.27814149515212e-07,2.733606843569285e-06,0.9833169220388068,3.542142558422111e-05,0.0004469034636981512,0.0001382526015919849
27346333,8.743071575039078e-05,6.523093979086847e-07,1.4333805023013736e-06,7.838527249404357e-07,5.990207977245137e-07,0.991546421266904,6.186305133593071e-06,0.005470396835751689,0.0028860963130373646
27346722,0.0007176560144812307,3.898909399816249e-07,7.601388536927864e-07,6.262206461578881e-07,1.4925365035945024e-06,0.9910735785496108,6.355157828018989e-06,0.00793947581044808,0.00025966568068855404
27346845,6.970817696951405e-06,4.0033742056099594e-06,6.73287027722355e-07,2.632255604114636e-07,3.722830904498925e-07,0.9996473693636105,1.4572490069243642e-06,0.00027652414632988234,6.236625347151016e-05
27346846,0.08072535786132361,0.00019765596293875288,1.1190829692864883e-05,1.375852689637289e-06,8.271712661664634e-06,0.9138176827720044,3.883871967850232e-05,0.00213992611974107,0.003059700169269534
27346966,1.49255203915675e-05,0.002555805246707805,0.00019993946492712677,0.0003563828273064674,0.00025884631369418843,0.17970311019956325,0.0007960456298028152,0.8158405929229774,0.0002743518746292857
27346970,0.003467598101644595,6.38036204119632e-07,0.0002457296132980559,1.2403003741296559e-06,1.5455091978107849e-06,0.9088685513296625,1.523776106093573e-05,0.08734941993854939,5.003941000847346e-05
27347343,0.000502795386731731,6.839892959708209e-06,3.4310510742004476e-06,1.5568735810129376e-05,6.440151896251996e-06,0.7303363065488726,0.12029585606389756,0.14531763423085828,0.003515127937899596
27347412,0.1779520345516643,3.057148082219536e-06,8.165394880490289e-05,8.54813575505453e-07,1.23956168598838e-06,0.8130924271496719,0.00017800325404213884,0.008483407190843735,0.0002073223816293107
27347654,0.06784232793455125,6.162501637725685e-07,4.1796668793790876e-07,1.6102364693126533e-06,6.966959669773879e-07,0.879848137063395,2.685705668813191e-05,0.05145149472123635,0.000827842074841239
27347921,0.00966099137379996,6.407369550086585e-05,7.636764190991184e-06,8.343766232527554e-06,2.953930702047474e-06,0.008696429707768016,0.014627936592938188,0.9662670311436417,0.0006646030252257446
27347964,0.000249318612177655,9.278368442721746e-07,5.620263706741394e-06,1.1573015227705835e-06,7.158655125935336e-06,0.682432554495807,0.00140221902501809,0.3158350327363065,6.601107349117638e-05
27347976,0.0005062763270132463,6.693945635607399e-07,1.4385310203967002e-06,6.162201954822552e-07,8.912912075001944e-07,0.19243773529322736,6.206991909235625e-05,0.8069751316676925,1.517135598761996e-05
27348006,0.019382783615512527,1.632455441481634e-06,4.934284625003216e-06,4.979677897800989e-06,5.682554700277304e-06,0.612244157929359,0.00024416022289488874,0.36785892968764927,0.00025273957191968417
27348356,0.055829812025498096,3.442306583713527e-05,6.737687602595348e-06,8.839430406738268e-07,9.158929662127035e-06,0.9411992086330596,1.1670254492176143e-05,0.00024200023854066598,0.0026661052222668753
27348373,0.03327407850951418,1.676533643557418e-06,2.2881167946698073e-05,7.0439514034509475e-06,1.8685916352280291e-06,0.8243571800078453,2.5924528515132986e-05,0.13979105155298188,0.0025182951565145355
27348398,0.0008639579666205987,1.5715678374507895e-06,1.1026501939085734e-06,1.2933128734401248e-05,8.304513473481077e-06,0.8859054173754395,0.00214897065031491,0.11075053283257352,0.000307209314812249
27348459,0.0007774530073572912,7.2768507141221314e-06,1.3064525112531092e-06,6.159459167710387e-05,5.400753905044588e-06,0.9366962876595348,2.4686369438285808e-05,0.05145060532255026,0.010975388992311723
27348597,0.030770235573311468,1.7594009871138805e-06,0.003410757236543676,6.181057435140739e-07,3.499463863517353e-06,0.959205136797015,1.2611586408041112e-05,0.004791600798281994,0.0018037810378455656
27348656,0.0010455703330082698,8.93277370587247e-07,7.800111571318743e-06,3.614468961725736e-06,9.694317356509298e-07,0.9563211401048413,7.720361674541813e-06,0.04211692279549799,0.0004953691153386144
27348664,0.00034320128755745393,7.482289636947938e-07,1.0857659545268962e-06,1.151929880238252e-06,1.0707493422826219e-06,0.96050752523251,3.1320903981067205e-05,0.03866044272083587,0.0004534531809747253
27348803,0.000293390486832818,8.85953796035902e-07,3.8441286787910706e-06,7.917314201537125e-06,1.2411156762935054e-06,0.8876687015371942,0.027832667292135144,0.08399914810989291,0.0001922040615923075
27349041,0.013884471619024525,4.262474912533505e-05,2.304951376548557e-06,5.858040272046522e-07,3.2099157485550005e-06,0.9649611838513147,5.575619439618547e-06,0.0005832401810642481,0.020516803308879387
27349119,0.0012107954983134766,9.778571939936451e-05,1.4901662362882738e-05,3.2796985224352894e-06,1.7093399358575182e-06,0.9871958483421042,2.9933324107884807e-05,0.011373313659484987,7.243275576906997e-05
27349303,0.011083162049855598,7.03483224778444e-06,1.4396283792796614e-06,1.6340165156834915e-06,4.218104970734772e-06,0.901090121955247,5.380732300646193e-05,0.08693470796062877,0.0008238741291489068
27349693,0.0020245636510014624,2.4248160684175588e-06,0.00013184120872413067,2.198977191954496e-05,3.995839286956748e-06,0.7106891031819091,0.006502210864559224,0.2762005570960997,0.004423313570431482
27349793,0.10184532758451784,9.068147039562831e-06,5.510690991693016e-07,1.099653357687381e-06,1.4220569193725823e-06,0.2749876851122158,0.00017917676841339473,0.6224796139344149,0.0004960556740223731
27350040,0.001703858628565462,1.372176351169031e-06,7.784520797510743e-07,3.1236328821008246e-06,2.6280673654552533e-05,0.9444629458910754,1.299077687534962e-05,0.053634296059121046,0.00015435370939494882
27350057,0.0005580567476694031,2.1704329174469694e-06,1.6089119561306749e-06,0.0001496259287897274,3.443300715092191e-06,0.9741219336485358,1.4582874729737774e-05,0.024773221557977936,0.0003753565967088117
27350203,0.00023005431141997863,3.0118094372326172e-05,1.7162873389428898e-06,1.3785692965009419e-06,2.276581449100902e-06,0.8022187794820596,3.151949963047021e-05,0.19687951353201036,0.000604643642422921
27350557,0.0008269914282176907,1.0235715363381444e-05,3.627038871143747e-05,1.5148232933253195e-06,2.1713017517259733e-06,0.8802614836836842,2.8693382524610865e-05,0.1184997793941955,0.0003328598822581881
27350594,0.0076801619717744105,3.8238780731631114e-05,9.43118787404414e-07,1.8406525849496833e-06,2.476470966274626e-06,0.9837146999881152,9.497748572924508e-05,0.006832886497752777,0.0016337750335580353
27350743,9.309544114317797e-05,0.04766629776316246,3.2960804091454746e-05,0.00019886941476140522,0.40673304218704304,0.057024242849361584,0.005401615156653343,0.07508528848477336,0.40776458789901027
27350755,0.001496950415481414,1.131681552120396e-06,7.437378131559351e-07,2.680313576195471e-07,8.19704921031495e-07,0.9924593237549624,7.095306422866328e-06,0.0037933829873833536,0.0022402843801059003
27350758,4.400083237656761e-05,0.005484893975822576,1.6348482557167368e-05,2.4641487235419725e-05,0.08946369437068921,0.24291736893863441,0.0073848927145133015,0.07733115855773375,0.5773330006404376
27350768,5.33613113858681e-05,0.0006858710718221819,3.052378501120295e-05,0.00010859870686486913,0.0013421313982095258,0.7381052928355547,0.0016755031308571624,0.1835937345729398,0.07440498318735464
27350787,2.0663759527363148e-05,0.000600599487870535,7.83499923492373e-06,1.095186126366556e-05,0.004768915907796566,0.9240135210912659,3.7978027126492805e-05,0.03330962318304274,0.03722991168287175
27350810,7.477641962282728e-05,0.010714225355259052,1.570696988042686e-05,0.00010044098082936878,0.01317279305834072,0.3216803072037487,0.0002524562947690804,0.07563427054564294,0.5783550231719068
27350838,1.9057275883216297e-05,3.1823481359861533e-05,4.049818529085757e-06,8.038553066920742e-06,3.949118008816513e-05,0.9659593034779785,7.098396491980329e-05,0.03039529725436001,0.0034719549938144246
27350847,9.006973191447248e-05,0.0007857551701814533,0.00010565234988129397,0.0007477400646763467,0.23466575069377874,0.38177637969217637,0.0029564927255422415,0.15338831600234362,0.22548384356950552
27350855,6.904991106456301e-05,3.1619449359286736e-06,3.708686351324407e-05,3.7471175583937187e-06,2.2894248762121043e-06,0.995540996433751,0.00016011983444695342,0.0021612937270907144,0.0020222547427628727
27350865,2.1959875262399346e-05,1.1687928520062996e-06,4.896950049746457e-07,1.2386928802640868e-07,1.943441767799535e-07,0.9995840624318106,2.971267452704847e-06,0.00029763226652570384,9.139745762688049e-05
27350872,0.0001087226333845714,0.0015427428899350028,4.722805712427689e-05,0.0019500939208333882,0.028572360894216154,0.069393216397394,0.017391380044957536,0.028498574498039813,0.8524956806641152
27350878,0.0002627614810280055,8.573636691076216e-07,7.536615825163287e-07,7.474156187394506e-07,9.235402674437892e-07,0.9456673626367238,0.00011023571101506176,0.036183318966906734,0.017773039223188604
27350891,5.253148799551534e-05,0.0003211957186098656,0.00018007178072604316,0.0009129770161545785,0.2259290177600338,0.04914733511758255,0.05325635759486482,0.013970722531205123,0.6562297909928277
27350928,0.00014628517498758872,0.010394895330364844,6.823891168887532e-05,0.00019909241861693015,0.31749763985667984,0.18660135478488843,0.043846506049906066,0.020238101920094932,0.42100788555277263
27350986,5.270080671032229e-06,0.00016057667045162467,6.482468620890866e-06,6.619145603017123e-05,0.0011438159902899445,0.989095650212952,0.0005888450041378479,0.00229691059697628,0.0066362575198702966
27350987,4.15711439221827e-05,0.02052803144176353,1.5117285079235539e-05,0.0001183093723386319,0.09723705468894422,0.3206494979997257,0.00903362116725447,0.009164886477432226,0.5432119104235398
27350993,3.367985981538473e-05,0.012006524888392194,1.854607568329549e-05,7.08253307817643e-05,0.1161435127463873,0.47463553548834786,0.03205748079246722,0.007469983173100929,0.35756391164502405
27350996,9.215915935427345e-05,0.029616113252133515,6.279131627739257e-05,0.0002691841095875247,0.14623253884597137,0.18783212377142738,0.020397709845602085,0.10472202099907175,0.5107753587005747
27351001,0.0007974616481677788,1.9898875086011696e-06,1.0995421669287154e-06,5.437310975658149e-07,6.873587681916391e-07,0.9603712392740235,8.36523406100011e-06,0.037153874773687444,0.0016647385505190431
27351003,5.992854815513196e-05,0.0074266115965430975,7.259902415677256e-05,0.0003121273513972412,0.27966699844512377,0.08756349590467913,0.024471726844789488,0.04079691826997133,0.5596295940151841
27351032,2.105634612267257e-05,1.199985123478563e-05,4.0032219636443915e-06,0.00011108887829430663,0.0002371754150556836,0.9695638859942107,0.0014848262859228755,0.020335212845285982,0.008230751161909544
27351086,0.2042714647007621,1.9910765477913766e-05,9.073794254492587e-06,8.128087863022082e-07,8.762941921815724e-06,0.7865634179898227,3.3860128474850547e-06,0.0006886977397232292,0.008434473246403949
27351124,6.567804027897387e-05,0.0020825441546990344,9.478789082243073e-05,0.0004448682040732655,0.20147972861321306,0.21058009591747084,0.03996001444931374,0.20689372749510304,0.3383985552350256
27351169,1.8275739872816873e-05,0.0030184873837789364,6.940491245011327e-06,5.601926921366075e-05,0.3142100302772226,0.3733345960155434,0.0028779824162417865,0.14475426280835033,0.1617234055985315
27351230,1.9707232094262577e-05,4.95594734286177e-06,4.587635995541502e-06,1.5231622499616279e-05,7.114975939590292e-05,0.566610500845117,0.0007746624684892968,0.40409443076861323,0.02840477372045224
27351231,0.00028272850473408617,4.110418450705726e-06,6.525692119221607e-05,3.3073994134189294e-07,2.127059913238237e-06,0.9956145997123194,9.036688655700468e-06,0.00382288785014196,0.00019892210465140818
27351249,0.007027529628257127,7.921172427804193e-06,9.091770002023768e-07,1.0015559205356726e-06,2.1816356124947244e-06,0.750626099377099,0.0007556834473262276,0.24153905496318773,3.961904316881388e-05
27351764,0.001236382784263163,3.0801957844009813e-07,2.422374546579836e-06,1.1112379911025275e-06,8.337112234301921e-07,0.9981405121974959,1.7793311283077314e-06,0.0001424264796279692,0.00047422386414509366
27351811,0.0002031997284521828,4.053178296503208e-06,4.909951394819652e-07,2.2494571101805322e-06,2.219712464260541e-06,0.21384308682437334,5.532513257606936e-05,0.7697009034060407,0.01618847156554728
27351828,1.5092443570553268e-05,6.320431522047964e-06,6.818775513922203e-06,4.2644232385718846e-07,8.104815251517513e-06,0.9968085681130091,3.410752917279467e-05,0.0010101467543998058,0.0021104146952363482
27352074,0.00047164296114709234,1.487614860010352e-06,1.0121216521917066e-06,5.117086420675253e-06,1.799987595473527e-06,0.14196784043434701,4.0719884689723905e-05,0.8567222172340461,0.0007881626752418803
27352253,0.615081873281483,6.559478941423612e-06,4.554753791364913e-05,1.5468305213185011e-06,2.705310625934022e-07,0.384659043497267,5.875707965951816e-06,0.00012582194960405096,7.346118524100595e-05
27352389,0.03618334540408834,2.683553293876638e-06,0.0021268377143201164,4.507110514074545e-06,1.6399228626115774e-05,0.6722324347080858,0.0011760841941210673,0.2880571043348606,0.00020060375209017623
27352590,0.0014719637341449304,4.5550173355241975e-05,4.4123748690860243e-07,1.5556543775784077e-06,2.548964677344792e-06,0.6459942811219361,0.00010019153592470977,0.3517190823033672,0.0006643852747300722
27352645,0.2406790273501893,3.165900047447526e-06,9.73192607744331e-06,1.5832488867843881e-06,1.3708531323343194e-06,0.730440976043645,7.652550328711175e-05,0.027508526446872284,0.0012790927278623601
27352657,4.1746227457184215e-05,3.389654539511753e-07,4.976243320970226e-06,1.0327302182146094e-06,2.375006725158385e-06,0.9858650347434754,1.5489960636735784e-05,0.006325201112073964,0.007743805010638508
27352709,0.0009327591272058984,0.00034429660555469424,2.2404325828689185e-05,1.974008969915429e-05,1.5096814324632737e-05,0.5558437306329107,0.00015793347685336395,0.44005022166689045,0.002613817260732253
27352883,0.026634907080160565,1.1115561290823401e-06,1.9469229176148358e-05,3.164610942048101e-07,9.688423361486231e-07,0.9725535054736383,3.562780965554201e-06,0.0007193841047635064,6.677447173647167e-05
27352929,0.0003379267382662414,7.908297056135489e-07,8.160020174157939e-06,4.6589930926149865e-07,1.4870224025350867e-06,0.9634103151013574,4.946903972432784e-05,0.03614763485208937,4.3750496971048033e-05
27353024,0.0031720494878667823,2.573524454305939e-06,2.650307522185734e-06,7.827746678847232e-07,2.03049472150706e-06,0.9421008232133273,2.5925118330006194e-05,0.05456449433103876,0.0001286707480711854
27353174,0.004101803431883813,2.1407285470130528e-06,1.237803079064291e-06,3.403766888796103e-06,2.4781556192622426e-06,0.9859484447540282,2.6439343337389256e-05,0.007434807141757501,0.00247924487485892
27353325,0.0011917112058031493,1.1715649985867815e-05,2.5917447412696585e-06,3.522921093625275e-07,2.3767152306228204e-06,0.9950971791179757,6.9747804506073655e-06,0.0027718775018890744,0.0009152209918144225
27353511,0.0007264295423976008,5.724673843747054e-07,4.014924738336727e-05,9.900088827935264e-07,1.4314838424445509e-06,0.9818911933697491,0.0002289820999355569,0.016527732822830734,0.000582518957594174
27353521,0.0005507630925327214,3.2738998791145894e-07,2.2040871835260834e-07,1.7101889907585589e-07,3.0711219614798986e-07,0.9964100922069982,8.885893953009698e-06,0.002930802024075474,9.843085263916782e-05
27353696,0.00472075659228061,8.802898671613176e-07,8.103016570532407e-07,5.999951517943397e-07,7.083393085529098e-07,0.9672931515890344,5.209794278006392e-06,0.027632859952350135,0.00034502314607219543
27353737,0.0012566349254911258,3.6904828434676947e-07,9.551940214151887e-07,3.8592032320856705e-07,1.1820946629717052e-06,0.9668007606653429,1.648987035961034e-05,0.031530350355658515,0.0003928719258559056
27354125,0.0008544332187207465,7.712696949555656e-07,6.345875193863909e-07,4.6093780722546835e-07,1.3979397999883331e-06,0.9917440361906085,2.560199664057798e-06,0.007043934919508402,0.00035177073667677064
27354711,6.210498775783928e-05,5.671000143633212e-06,5.870192594293972e-07,4.4341518750591483e-07,1.0939141638892692e-06,0.9895981024992603,1.3349277600921026e-05,0.008778073144179365,0.0015405747424472118
27355082,2.724321141467773e-05,0.0019150356942059202,9.840874909182397e-06,3.5723155479766035e-05,0.15808760678103229,0.6977868734536956,0.00016708009185062886,0.017946313483988258,0.1240242832534237
27355166,1.373775726651299e-05,0.00010530191773267534,1.1569972601808025e-05,3.223730623628007e-05,0.18249162577515035,0.5006771101215874,0.0024247235104456217,0.2319975507936453,0.08224614284533407
27355185,0.46727123603803794,6.428239346582708e-06,6.91990696254059e-07,4.262711426957849e-07,2.8958087041327408e-06,0.3187164600891562,1.1172524916785645e-05,0.003415678536582285,0.21057501050141694
27355495,0.007996506175278863,6.150009008941423e-05,1.0921138709328918e-06,7.929479531093144e-07,3.564616053594475e-05,0.9570514904100078,1.712424750427546e-05,0.03441256232706175,0.0004232855276978852
27355503,0.5610121145211469,3.4480279162673997e-06,1.0375215261143515e-05,5.945903576281813e-07,2.106842497268309e-05,0.19085138697453127,1.0496017105142866e-05,0.004348232814890352,0.24374228341381876
27355642,5.0935955930406534e-05,0.009490407826849501,9.582340555852777e-06,0.0006849137013133332,0.0009758338990233841,0.7490490602005363,0.019150706887779496,0.21290389930742473,0.007684659880587051
27355644,0.0006917347192804751,1.4063288374281524e-06,1.6553221113555517e-05,1.380271478858815e-06,2.40176022869782e-06,0.9700801736850506,2.501905342486186e-05,0.013426164091650141,0.015755166868935327
27355774,1.382730701414262e-05,3.03471826799545e-05,5.361700060435837e-06,0.0003094908109720604,0.008458677778983025,0.08217258127958327,0.00032788700347126723,0.9085209551743378,0.0001608717628978711
27355776,2.6162491393762843e-05,0.00025794621340502553,9.025832347701213e-06,0.00033702385437368865,0.004591798814258293,0.3757867727244271,0.0003694302987000419,0.6159554307129307,0.0026664090581637045
27355820,2.7924170261144944e-05,0.0003157517612468371,0.0004851547564850108,0.0006881281717990858,0.29045376671529893,0.37097782298088855,0.004002229685033823,0.33090015966263864,0.0021490620963479762
27355950,0.01507371700967908,1.954898427514753e-06,0.00013174164817135605,7.922348037529506e-06,6.781479245200169e-06,0.867631320865355,0.0062999134921979906,0.11077513008289264,7.151817599380106e-05
27356033,0.015530423874143712,8.496552855941365e-06,7.586093050161052e-05,1.6574000805667255e-06,3.223585310383625e-06,0.9183430220815986,6.5053308678349285e-06,0.06324218827053568,0.002788621974105829
27357496,0.0010251920224996808,9.539451402319292e-07,9.644821831471655e-07,1.343117455204566e-06,1.6088713504487945e-06,0.5038652508254191,0.011271922007096598,0.4837851888293292,4.75758995264447e-05
27357719,0.8125368648639146,1.5649879992001325e-06,7.464535656174503e-05,4.328641782000785e-06,8.175042228926902e-07,0.04348412528686355,7.537093016028718e-05,0.14326769458175342,0.0005545878467424959
27358020,0.00019535867327125472,0.00021392851649369745,1.2062447148092057e-05,5.311692839772769e-07,1.2852379745377123e-06,0.9074264871883917,0.00012989590765999622,0.09192478057582039,9.567028395635157e-05
27358802,0.0001843641153077907,6.82837412022983e-06,8.72553401107192e-06,0.0013897252192375613,0.0003977897196090925,0.4291537705258829,0.01362527207096699,0.5537123312255467,0.0015211932153175373
27359760,0.5231925211029013,0.00015398095642612535,4.631206082006663e-06,1.2333472981114875e-06,4.653304972654975e-06,0.45549403403526834,6.25963340374034e-05,0.0027511884631587873,0.01833516124985544
27360515,0.002237463277327543,2.235516205961935e-06,1.7891563501371431e-06,5.142073305277231e-07,3.6630040075513417e-07,0.9970634928513309,1.533259594875606e-06,0.0006743458589577464,1.8259572501502716e-05
27360764,0.0002789819445695381,5.556541763480351e-06,2.8186791673162596e-07,1.3458785205628394e-07,7.810826363093491e-07,0.9985699179487197,1.7901413836295815e-06,0.0010619943287263783,8.056155643219076e-05
27361157,3.67735561560203e-05,8.907785450281962e-05,0.0018600959884039307,0.00023028996793414912,0.07996544500960374,0.6976790904870951,0.0005628107350702995,0.21061578297693914,0.008960633424294784
27361357,8.295460407571444e-05,4.765682479607183e-06,3.620597874336441e-06,8.176946178097685e-07,3.328754489849248e-05,0.9926532771272403,9.436496464400158e-05,0.006549198419723868,0.0005777133644457233
27361482,0.18472379170375236,0.00018273411653399425,8.04655724168048e-06,1.0155768964118474e-05,0.0001300279386675102,0.38126418589808747,0.0005451926813402443,0.007996044544355086,0.4251398207910576
27361590,0.0036545814019450728,6.866059324430478e-07,7.299970588497288e-06,1.0823967845730595e-06,9.004834566690538e-07,0.8892566301383631,0.0019962948022380148,0.10500759826107645,7.492593961525946e-05
27361810,0.03660902850731022,3.923721414087652e-06,1.4304114094127518e-05,5.989645003183504e-07,1.0091905499783929e-06,0.9530558779559882,0.00014822680939322323,0.010011725391714514,0.00015530534503519373
27361941,0.10653823992085776,5.941403859676507e-06,5.64900062689443e-07,8.025065646143796e-07,1.625913542444997e-06,0.8763744068944833,6.659886413436027e-06,0.015840169899135115,0.0012315886750810263
27362201,0.0048189622576797035,1.968439945813476e-06,2.5358809382562353e-06,1.2539453948889728e-06,7.874270377545749e-06,0.9328367102879049,2.6087471234585996e-05,0.06214450883935887,0.00016009860716555076
27362875,0.3968781083667047,0.00045565620665965285,1.3172209271398915e-05,1.1537618617367614e-06,3.235280078672464e-05,0.6015420414742726,3.238408369559189e-05,0.0007798747762997071,0.00026525632044791854
27362965,9.550920679851746e-05,1.3156226396820647e-05,4.6516626416217644e-05,4.065259519688316e-06,2.7410630117869886e-05,0.8836650348893069,2.6831930780603004e-05,0.11601088296855652,0.00011059226210688821
27363017,5.601360432453971e-05,2.2717984153788663e-07,1.1656265659509893e-06,2.441205533242037e-07,8.675922646680981e-07,0.9985047029083512,1.7073295530520801e-06,0.0013302109211705982,0.000104860717374897
27363023,1.9086496924498427e-05,5.943197157528249e-07,1.493195404444925e-06,4.3193359733044974e-07,5.54036436074196e-06,0.99313760302022,4.863631175146954e-06,0.0066498817158895124,0.0001805053227124662
27363377,0.0013333555722713744,1.1426962929293951e-05,5.130112966602518e-07,2.0163846490750023e-07,5.391560493435695e-07,0.9981752503839972,1.4688428028960946e-06,0.00044608730643567313,3.1157125752586865e-05
27363492,5.419566061651699e-06,9.274265343670464e-07,1.3807492550464636e-06,2.000554669010282e-07,1.0853639013324082e-06,0.9989150754612972,2.3088314733862954e-05,0.000911959342070902,0.00014086372067871185
27363680,0.030485606949683386,4.608493441004574e-06,9.005022986290581e-07,7.196161995902682e-07,2.1718134566607583e-06,0.9543604113789165,2.2276876745907426e-05,0.014455223129201084,0.0006680812400574083
27363791,0.4926685268813576,3.0223880656480125e-05,7.393314728673956e-06,5.497926798860772e-07,3.1156277431080046e-06,0.5028036876187716,4.500548134521412e-06,0.0003096571593219143,0.004172345176606243
27363835,9.97120178847669e-06,3.765067829928563e-06,0.0009111453862465172,3.016212373286282e-07,6.340216039462799e-06,0.9930151945892863,1.0974667097768295e-05,0.005872822249706084,0.00016948500076798077
27363903,0.0032988370669403853,8.354398803143049e-07,6.530712461289963e-06,1.8327839478070093e-07,7.696862145947202e-07,0.9964801863958053,8.917415077749029e-07,0.00018240694880722685,2.935872998817236e-05
27363991,0.00042469649425547884,2.9433399453926834e-06,4.631369514804078e-06,2.0495926516224465e-07,7.724259500728383e-07,0.9980048788599742,6.68063614836651e-06,0.0007310227082157151,0.0008241692067307904
27364347,0.0001881933135986811,1.2173112394187252e-06,1.0848622144703358e-05,2.511611775025572e-06,5.049467066421071e-06,0.99841979448844,3.0231426799290535e-06,0.001163150427500111,0.0002062116155556773
27364537,0.0003600037765660707,7.318135030183942e-07,3.557535739333878e-05,1.8199927941954412e-07,6.229435053066089e-07,0.9986477461257521,1.8254346241107523e-06,0.00026580484623673956,0.0006875077031397067
27364819,0.03449764115307873,2.3477332536423972e-06,9.953964899094003e-05,7.845435726739547e-07,7.071584076990965e-06,0.9460832674199778,1.409310674675589e-05,0.01576598329634741,0.003529271513954893
27365033,0.0006331503012085664,2.4156037383930855e-05,6.308871829321793e-05,6.884525621189732e-05,0.9572470757294292,0.04089113899912771,2.0651312603881602e-05,0.000451138635345983,0.0006007550103955277
27365250,1.8172379805215606e-05,4.717064255824644e-07,6.965071000311204e-07,4.895416381008885e-07,3.3760451675675155e-06,0.996659239010371,6.136462567262589e-06,0.003184729068071787,0.00012668927885364155
27365552,8.355154695701895e-06,9.163958692938365e-06,2.0151420626302205e-05,3.4614401887188787e-06,1.610234612754361e-05,0.8798991520227263,1.5743145323164088e-05,0.08627667395285968,0.03375119655875955
27366111,0.39868484167209484,1.0532004427753029e-05,4.082858100418084e-05,4.849179008308788e-07,7.585773483939531e-07,0.5984363994507917,2.774587588515057e-06,0.002726386406196826,9.699380264694045e-05
27366386,0.6134495875993207,1.2352450588264719e-06,8.14006704944735e-07,1.3291437863793896e-06,1.6089220911283828e-06,0.1747546343245291,1.4923007681245792e-05,0.21173760712104728,3.826062978044934e-05
27366507,0.0010040954402192417,1.0399670867936595e-05,3.9639607534855544e-05,5.21254744796785e-06,7.297638260798608e-06,0.9820868664020752,0.00043124157097290845,0.008796037955419177,0.007619209167201979
27366966,5.486867458314601e-06,1.89862529807341e-05,8.10766598361442e-07,4.572694806234014e-06,0.8585579598115892,0.13043677084803446,0.0015229665530153255,0.008687180247462256,0.0007652659580552183
27367127,4.272021384847163e-05,5.562952219879261e-06,1.7798248053642724e-06,1.0787085643100582e-06,9.865987682738733e-07,0.994682394180803,8.184219016062625e-06,0.0033102920135389853,0.0019470012884356576
27367178,2.2125839976439183e-05,8.717058842732087e-05,2.069440791615243e-05,4.0702504610215566e-06,0.3272891276595117,0.5562559203795243,0.0016386102422330893,0.11093636550742333,0.003745915124526653
27367188,9.438157111027815e-06,4.852443081399713e-06,0.009233428709107627,5.075932580641681e-06,0.2791538959996319,0.6915204858625431,0.0019331836603391547,0.00936001830085984,0.00877962093474529
27367228,0.00015626760879961204,2.3835165059878477e-06,2.223042290590271e-05,1.8787108592659576e-06,1.948664406181584e-06,0.8393569536852954,5.061637801047793e-05,0.013365030248525176,0.14704269076469195
27367284,1.9224139710227414e-05,0.0001613628739825148,5.557929724924699e-06,7.952269156403331e-05,0.0007160002473744369,0.9179397693643543,0.0009736361071373245,0.07740722747334963,0.002697699172802814
27367352,3.9932131394652384e-05,0.00024888122994487234,2.8171763211002665e-05,5.392662608380246e-05,0.0028472283948922407,0.7055826231038217,0.0004073564483601156,0.2691268289874268,0.021665051314864785
27367406,1.8469682532271558e-05,0.00010364459206382117,0.00011105356848331456,4.681472101551476e-06,0.05231047845627921,0.931788433936217,5.343976559556942e-05,0.004546593749639722,0.011063204777087759
27367412,0.0006536327971059824,2.648787919263434e-06,1.656009660391479e-06,5.713502921780455e-07,7.105789590399958e-07,0.05458272054455038,8.746998471156146e-05,0.9445859072696807,8.468267712056796e-05
27367429,2.0199292158686306e-05,4.482451290534545e-06,1.5872994585219324e-05,6.24756743762606e-05,0.005615535156218619,0.4627033694621332,1.6529929654321166e-05,0.5110458656463059,0.020515669393277265
27367566,7.979784968960228e-05,1.5157839463906945e-06,3.344125099207644e-05,3.2693789653242783e-06,3.7595012233732367e-05,0.9043277817533839,0.009292007829292273,0.08606251006440188,0.0001620810770946889
27367614,4.133450043339915e-05,1.750325276449165e-05,3.5673045207437614e-06,0.00010573254885268163,0.0003045261554256092,0.973184063780795,0.0029971393423516143,0.02117058146848149,0.0021755516463749917
27367674,3.3746533312033204e-06,3.0861315005903867e-07,2.7779429419252475e-06,1.5851084632153337e-07,3.5327188739759526e-07,0.9995398037552882,6.334204253347591e-07,0.000440918384528318,1.1671447601485079e-05
27367750,8.850158522508402e-05,2.1717305824024475e-06,2.1033849120213837e-06,8.06682251513427e-07,1.7860418192533467e-05,0.9877610129149561,3.2204932793179624e-05,0.011977709075855898,0.0001176292752311454
27368203,2.169136423011834e-05,3.058035612195943e-06,1.155461917887392e-06,5.649943530898186e-07,4.7777086527348625e-06,0.9953317560437039,0.00011409342347437858,0.004437204275696519,8.569869235916686e-05
27368824,0.00014023419391903435,1.1879428914397794e-06,2.5196638546785773e-06,2.3957063483057937e-06,5.900152649018859e-06,0.7389348558837856,0.00042772994929933875,0.25750613824869606,0.002979038258556408
27368825,6.479674742148711e-05,8.600359486913886e-06,5.441651620698681e-06,1.4624966694101288e-06,1.2886562978096973e-05,0.9113107409391414,2.994182460223752e-05,0.08771002242960331,0.0008561069884764291
27368872,0.11263864277773974,4.389722421874679e-06,3.222405909852507e-05,1.4901445672356474e-06,3.8000106342033225e-06,0.8278407074575146,1.198074209004969e-05,0.059100269136946194,0.0003664959489875843
27368884,7.899811473208773e-05,4.72872125181452e-07,1.4622188984462243e-06,1.4720820234294022e-05,3.8113007783155133e-06,0.9826446995033858,8.355378723645329e-06,0.017075643282387015,0.00017183650873502763
27369018,2.4027112336328576e-05,2.42217078532283e-06,3.96377619846601e-06,0.0002599425008512816,1.232355036084512e-05,0.26812981684679793,0.009861698333739786,0.7054051242273894,0.016300681481540475
27369072,2.9787525129901997e-05,3.580508891574674e-05,2.2288719095130847e-06,0.03283895910445288,2.0209489382177092e-05,0.571281892680908,0.05279040802922301,0.3417749287340732,0.0012257804760055211
27369084,0.00010238753614438692,9.892572303835527e-07,2.4514515466684747e-05,3.4088289272446967e-06,1.0726117747920459e-05,0.18115287803412522,0.00030303695299163603,0.8140304929811787,0.004371565776187792
27369294,0.0005669621940849721,2.422700944618042e-06,1.895869638709747e-06,5.840677503748322e-05,0.00014134347074470368,0.4391892059018795,0.049904675214012026,0.509369333690057,0.000765754183600978
27369367,0.0020360886418544595,1.9397404420659527e-06,3.528993533093097e-05,6.7538107047796586e-06,1.7159847893845355e-05,0.40016809574722767,0.0006670668226791056,0.5955354521243432,0.0015321533295238735
27369384,7.101889019718862e-05,1.984443887072717e-06,6.597302992552529e-06,2.636567256811237e-06,6.16423629472897e-05,0.6933119555446025,2.01939126356626e-05,0.3063102181080284,0.00021375286745258749
27369473,9.838456637521937e-06,2.195116604458185e-06,5.483499989407074e-06,1.450489400848328e-06,3.596574147175811e-05,0.7867124282081803,1.4200090611219362e-05,0.2130269749005739,0.0001914634965303958
27369484,0.00016130232350034567,1.0218950600744798e-06,5.236535267646767e-07,1.1289116817867494e-06,1.460057868331584e-06,0.9457421439518564,4.9889110606804754e-06,0.05404409338171286,4.3336913732893405e-05
27369510,0.0004810795667673512,4.587105412702038e-06,0.0002962805232447559,1.1519973633463003e-05,0.0002875846456105623,0.7466750360665089,0.005354240844644994,0.24359026713943538,0.003299404134741917
27369542,0.0012090596536996497,1.549987936004517e-06,0.0001681483704628888,1.8687395428954175e-06,2.8351059340720786e-06,0.9070631524153014,0.040434830031704665,0.04933302231068668,0.001785533384731692
27369740,0.0006087034355888372,1.1407425252432119e-06,0.00020445698928924053,1.1591695640467325e-06,2.4953663558513493e-06,0.9713815464300748,5.3446849351017886e-05,0.023106437145930143,0.0046406138713208644
27369907,1.1107212118705929e-05,5.355219443723787e-07,1.8680755209164493e-06,4.640411119659934e-06,2.1038226342626707e-06,0.11557096463333352,0.0002904205989131107,0.884070518944462,4.7840779953403365e-05
27369950,0.0014279081978216617,6.879284758174623e-07,1.4484745494530272e-06,5.152203315027075e-07,1.0481076311861122e-06,0.9760288271493458,2.527379975466353e-05,0.02205823029741307,0.0004560608246767774
27370005,2.799568396495382e-05,8.656294229219935e-07,1.9236571293932947e-05,2.2897214750306333e-06,5.794592810152359e-05,0.9370158790853503,0.015381379022448304,0.029965914953533745,0.017528493404409217
27370052,6.005314052802619e-05,1.9465203985277546e-07,6.440549490323061e-07,1.0572625062775123e-06,9.74358433608646e-07,0.9959736207918748,5.203680799658453e-07,0.003771662082505975,0.0001912732890823762
27370070,0.00012808694732585835,5.369946439977389e-07,2.38608240545646e-06,2.0342737535203685e-06,2.4677962233773996e-06,0.9890073771482193,3.187502201324229e-06,0.009702205303736671,0.0011517179514904917
27370308,0.002223073124673785,1.323951355659146e-06,4.427449697539601e-06,1.965629275021537e-06,5.5952797251542825e-06,0.6510710998535184,0.00038735189512118407,0.3456929065521768,0.0006122562644565155
27370697,0.05542370821800158,1.1573522182643448e-06,4.795695988442391e-06,6.130313598164588e-07,1.665368057142813e-06,0.9389157686943476,8.77690633861643e-06,0.005514426117911763,0.00012908861577679427
27370787,0.001670700165446295,1.7689177055358695e-06,4.813906232021359e-07,2.7613692310112e-07,1.107830602391421e-06,0.9964377747875244,6.411735437909402e-06,0.0014990381498045454,0.00038244088593268854
27370965,0.00018013103900048588,8.11762575079296e-06,3.010558868803178e-07,2.062154849325677e-07,4.4784296473552887e-07,0.9969515506419053,9.670197791276976e-06,0.0026398173756593587,0.0002097580055561991
27371182,0.001952784105675397,1.8137728885750227e-06,3.852583369227248e-06,1.3166696149493464e-06,3.003301753768724e-06,0.8908776690531812,0.0004174488936334295,0.10652741325294943,0.00021469836693397416
27371273,0.01436259590432785,1.649708155947358e-06,1.0554861991575637e-06,1.7318671456281364e-06,2.012296840395398e-06,0.9778656751024831,6.483167840598794e-06,0.006656200937112322,0.001102595529894991
27371457,0.002187011024148636,1.4278697144042075e-06,4.689508685780544e-06,1.6361985700873888e-06,5.664767084813027e-06,0.4886446932262743,0.0003573925825438605,0.5084257910773526,0.00037169374562543307
27371771,3.0996741767094606e-05,1.0426379171301275e-06,1.4904425778647543e-05,3.6989619871891814e-06,6.938821398266804e-05,0.45336746936812966,0.0014957706588120873,0.544220416629676,0.0007963123619493872
27371882,0.016846022367712536,0.0039848132469345494,3.859245935332978e-06,1.3190635897460916e-06,2.9311024373696935e-06,0.9412970539493083,1.8681461233263076e-05,0.037348001448166496,0.000497318114682402
27372009,0.0001155061618446482,0.0024057225715647364,0.0788971651442923,0.00036208951769654737,5.247506183042358e-06,0.07034853591612661,0.004166481886108272,0.8275471869411695,0.016152064355014453
27372036,0.00011747655243967614,1.3251684059488934e-06,0.0001804709063380305,1.9035112842302768e-06,2.7166152691286668e-05,0.745518330823509,6.2555030273357034e-06,0.25360874518002385,0.000538326202280597
27372357,0.004241249072136709,2.3067762903319143e-05,2.8819637865730284e-05,4.444490202763747e-06,7.721503619567935e-05,0.9494518341825076,0.0005338166654785302,0.0454992198117483,0.00014033334096115777
27372387,8.619727263906156e-05,7.000475928911068e-07,4.408090968052197e-06,3.2068897778347646e-07,2.1084436355227557e-06,0.9958266403551284,1.6529348378404575e-05,0.002625253915828658,0.0014378418368511923
27372467,0.00036811493424832655,0.00011264393855608382,0.00019139568722033846,8.349984688398068e-05,0.0011712676668418835,0.5839683760088705,0.0005296330651440352,0.3805112412833732,0.03306382756886153
27372709,3.166528550702997e-05,3.771815755194192e-05,0.0316303659740757,5.6857308293557695e-06,1.7177656944158878e-05,0.46806079668480205,0.001645838088892074,0.4964398538282181,0.0021308985931797145
27372849,0.0008269098248130888,1.581606524530454e-05,2.1680363998039743e-06,3.6892857345897525e-07,1.0029491391446368e-06,0.9939524429329468,2.9195734125825686e-05,0.004856322400102327,0.0003157731286542164
27372878,0.00024564687472884586,1.3106604177671348e-06,8.289940133814386e-07,3.113204777758021e-07,4.658833763429226e-07,0.9981518620508021,9.315305339846138e-06,0.001275187229455536,0.0003150716813886052
27372953,6.838915653069647e-05,2.9693683738005302e-06,3.073520767290266e-05,1.5640163739041137e-05,0.00010670470254974971,0.7195454113517721,0.0001598027994363774,0.27958338513894027,0.000486962110985138
27372963,0.005418186012769782,1.8171797524560696e-06,5.09711622576366e-07,4.03933358132725e-07,1.6611770945703056e-06,0.9857553862730452,2.375901742800608e-05,0.0032810204133471126,0.005517256281582053
27373251,2.695579761601674e-05,1.806136837829504e-06,3.4771571896988896e-07,5.44850154831644e-07,4.795057089886756e-07,0.99647529559464,2.212484064053596e-06,0.0022245996243188586,0.0012677582909404032
27373586,7.165195855685563e-05,4.3502982801437824e-07,2.125080680941127e-06,9.374796668651864e-07,3.0321019655023164e-06,0.9911374754265279,4.175038316350665e-06,0.008439597903887668,0.0003405699805700516
27374362,0.07947936405950157,8.87764562796009e-06,1.177261729944267e-06,7.120756798835804e-07,1.2159080912550333e-06,0.9161805305704538,4.527049515197075e-06,0.004085475680455599,0.00023811974894475825
27374805,0.0006167033906615214,5.716107672892157e-07,2.6494922445715694e-06,3.906909346844604e-06,1.1050008282096337e-06,0.0773527264882301,8.476662141996199e-05,0.9219026184853947,3.495200110680112e-05
27375784,0.0032168621681431435,2.4953260560935426e-06,1.1665144437710145e-05,7.257851630190397e-07,1.2136951656591115e-06,0.9921211097403173,1.3051573665810924e-05,0.004493197850731703,0.00013967871631971916
27376400,0.002368836259072548,5.368450739589809e-06,0.0005911160193012672,1.8098072780403447e-05,0.00015928412078022096,0.7610471707176375,0.002046390583364849,0.23123304146836307,0.0025306943079605885
27376981,8.080280452307957e-05,2.235171079521896e-06,1.0338179694920502e-05,5.51399531725792e-06,2.894346682561454e-06,0.7843396492474156,0.0009350716282449257,0.21436896588070664,0.00025452874633552356
27377219,2.1092463964793035e-05,3.756451545023643e-06,0.23734593072318924,2.9018279239478215e-06,0.00019128107675006492,0.7043472653194865,0.008218977220414737,0.041127301273846964,0.008741493642878745
27377360,0.0030726330702890103,7.955435172675358e-07,3.164728241910646e-05,1.533036272557609e-06,1.4078292330482186e-06,0.9915520521741511,3.1708671315123156e-05,0.004770326139684167,0.0005378962531185402
27377477,4.7216030114235524e-05,3.394434243482487e-05,0.00816775841722172,4.486774348509446e-06,0.014096248573385203,0.6407147371450925,0.00012386257501574663,0.33626777401138364,0.000543972131003684
27377812,6.148675701630701e-05,2.658746757098113e-06,3.189785309591542e-05,3.728759967144546e-06,8.194607408395086e-06,0.9150264753987111,0.0005620093831386031,0.08425503023758127,4.851825632419798e-05
27377895,0.029734420506945712,5.749063105141811e-05,5.2903658322602444e-05,1.281106918587473e-06,5.388780933466834e-06,0.9619562810155582,6.324134717717628e-05,0.0059006721059284145,0.0022283208471643038
27377938,0.0002560771701558454,2.4354617813212635e-06,6.475433304558895e-07,5.532560154117398e-07,1.4179413768880702e-06,0.9947800578948156,5.3092578088853514e-06,0.004793451395242069,0.00016005007947348139
27377964,3.3234246851079915e-05,7.944154803588472e-06,0.00010069059014568795,0.0025333106132977507,0.4031527480512075,0.4289721731371797,0.0002498653392436588,0.16054650748175348,0.004403526385517506
27378135,0.0001162617907257354,4.959871663833419e-07,1.476857129332935e-06,5.162992415114952e-07,2.296890919059935e-06,0.9923411271457573,2.8580232588234633e-06,0.0042913021412001534,0.0032436648646017264
27378200,0.007687070658509025,0.00010896672633894387,8.286677969084017e-06,1.8635952341000703e-06,0.00026408166419955803,0.7986384474375162,0.00034942224202886603,0.005601291354698563,0.18734056964350562
27378316,0.04193929593126865,2.1503886205347903e-06,1.3914920925973693e-05,8.539738485212746e-07,9.386444675642484e-06,0.9502404358261026,7.636931301316809e-06,0.00034056139009179694,0.007445764193164855
27378420,0.006797889468733551,2.7623083292981393e-06,1.0682446094656186e-05,2.8758108324400086e-06,4.5231816048677835e-06,0.5495003336278353,0.004374067915454348,0.43650823728146637,0.002798627959649012
27378502,0.005229535860126819,0.0005118294224137293,0.00015891639709921332,0.006020922146388792,0.3512978403764222,0.23072287208162004,0.0004501200338302665,0.27619948226249347,0.12940848141960548
27378503,0.0695566049400444,3.3702416523462665e-06,1.1065406974747834e-06,5.046926353403255e-07,1.82293914993347e-06,0.9174812670734813,1.0460018869476199e-05,0.012801968584584178,0.00014289496888555422
27378642,5.917083377849815e-06,9.378069639136397e-06,1.8984592605951219e-06,0.0012720634274971487,6.379839748244414e-06,0.19234170542874196,0.795281786200129,0.010651564429646215,0.000429307061959897
27378789,4.126402283343954e-05,7.00734198656823e-05,0.0416701692259153,9.157390650551945e-05,0.0028473274149810003,0.7278493267993422,0.06049098118539017,0.045860321298283,0.12107896272688361
27378854,1.6576411902430782e-05,0.0007736710484814991,0.0012622118904807487,0.049545556327902876,0.002515753975632317,0.20809258885846466,0.5498884854279144,0.18149373688506767,0.006411419174153425
27378974,1.1759127138112015e-05,2.868052665940067e-06,1.2235441621518967e-05,7.955023457699462e-07,6.927355203913141e-06,0.9168086413612327,0.0015299428259500137,0.05204311931340657,0.029583711020435343
27379077,7.540945004362625e-06,9.438078211828607e-06,0.0011018914720454767,2.0344748456977246e-06,2.9361553149572434e-05,0.97274324025569,0.0007186669207101225,0.02418326210687735,0.0012045641934656814
27379228,7.56518263312948e-05,4.379851985691315e-06,0.0001380413384817509,0.02026022086085947,3.4640794976163234e-05,0.7687062646855735,0.04907474764028229,0.13846459170884884,0.023241461292661216
27379256,6.759727439502195e-06,0.022698668011926805,0.0015037770386474485,0.002939975712082428,0.8469104046410237,0.06666343107347444,0.02308843040494602,0.03424984537683555,0.001938708013624147
27379305,0.028518640161648633,1.2907123608258645e-06,7.600634051037537e-06,2.36292561672642e-06,2.8112408854987455e-06,0.8102350724398928,2.6999701391939086e-05,0.16093488569347952,0.0002703364906729653
27379676,0.0008763836727960382,1.3162556270815778e-06,5.491369323427748e-06,5.352482071596386e-05,6.4984909128682915e-06,0.8612272890808397,9.789940260994024e-05,0.1372562812869655,0.0004753156202096
27380172,7.721255694922115e-06,0.30342355710298186,0.0033720104845754257,0.0020615720248979524,0.5746434899702193,0.03218468001829616,0.015867464553383108,0.05691107493975271,0.011528429650198565
27380754,0.2889557175752159,6.867535615988311e-05,1.516201650202315e-06,4.371691938662196e-06,1.0808407364522532e-05,0.6764568499342916,4.579528886974927e-05,0.02164916489229891,0.012807100652210728
27381012,6.809974917400212e-05,6.346763478254059e-05,9.828977276285168e-06,0.00660161261905363,0.0003301084230325934,0.7169277254803681,0.044295256209434045,0.16556808621821958,0.06613581468865921
27381985,0.19398439772812504,3.026702149620743e-06,7.799023740994449e-05,5.378046715984424e-07,2.83874808904843e-06,0.8055160591249123,4.730791080916213e-06,0.00013057530708565065,0.0002798435564759061
27382085,0.26204937368394526,1.670780225599355e-05,2.824495896373867e-06,1.917358690092421e-06,2.3861651316317825e-05,0.5895712205645772,6.123616857537509e-05,0.0012370365346679405,0.1470358217400754
27382536,0.0005527731317769771,8.618459663086603e-07,2.637837325139403e-07,3.83887108091067e-07,3.0164102045723097e-07,0.9982443853665199,1.271295719708143e-06,0.0010209610641246454,0.0001787979840314878
27382956,0.00025025247890534123,5.7064349805987764e-06,0.0002810399419969459,3.055237930259344e-07,8.391603371704092e-07,0.9970291127662941,1.2242213697731823e-05,0.0020802441723524376,0.0003402573076426706
27382957,0.4188487788910904,7.400513959758006e-06,6.389995713146918e-06,9.02871572830573e-07,1.4021016088252682e-06,0.5720466117209309,4.306925613238988e-06,0.008870745186566472,0.00021346179294431331
27383026,0.33422753479459666,7.626623755041348e-06,3.1822917009338428e-06,1.6472451147706078e-06,6.949230863553761e-06,0.6547519252208817,3.235244379266335e-05,0.009341682773980902,0.0016270993753138732
27383801,0.00011594003820792481,1.835167771151204e-06,3.1173295581368776e-05,4.2102462048435665e-07,2.2055539662990465e-05,0.9968318601525411,2.5585571445450292e-05,0.00042161441765589853,0.002549514792513788
27383815,0.0013277001593902673,4.3497255965517236e-07,1.083548331548056e-06,5.919094142183673e-07,1.0385730007027991e-06,0.005992251761071275,0.0005374654579087115,0.9921258833595725,1.355025875111811e-05
27383952,0.00021386213883645548,4.304230472360336e-07,1.2239443975654197e-06,2.0644069232551744e-07,6.928147048540117e-06,0.9990171201677441,6.905577756664456e-06,0.00033019770588040037,0.0004231254545967882
27384062,0.002941295854767732,7.363908255069251e-06,3.439108759280956e-06,7.28866328535915e-07,1.7729841716902947e-05,0.9499424690911968,4.059088835843835e-05,0.005114876912464817,0.04193150552815243
27384064,0.00026420952240981295,1.5931275738596019e-06,9.354959116713643e-06,5.085217581250376e-06,7.199012693933466e-06,0.07509155701538953,0.0010939365135922083,0.9234485995931877,7.846503845488099e-05
27384208,0.03993645779655874,6.860225981389894e-07,1.4865506543073872e-06,3.0658892200002017e-07,1.809807751433681e-06,0.9574076953911783,9.313602196859724e-05,0.0002171816247287151,0.0023412401956397428
27385310,1.014631272301326e-05,0.147993720427054,1.2403299624326502e-05,0.0018028625421721834,0.7020566855366235,0.07472569916796125,0.0005392256772725767,0.03873098286083217,0.03412827417573716
27385431,0.009159518223300392,5.713769423635413e-05,3.245363490975942e-06,1.5269708558239947e-06,5.790232051381224e-05,0.8139120406899514,5.4204879273000246e-05,0.00045631739119616306,0.17629810646718216
27386834,0.0023018829494345933,7.781143927597353e-07,1.407200111315698e-06,1.5705009434964447e-06,3.2289101024462908e-06,0.9500462208947157,0.0002999799908783048,0.04683121191324613,0.0005137195261752314
27386871,0.0001674403727034861,1.4230820890333252e-06,1.8198198073188525e-06,1.2040783477951106e-06,3.0547959708930725e-06,0.30657485197294726,0.10115782759632894,0.5918709209526464,0.00022145732915894857
27386953,1.948334987608458e-05,0.014590576985084586,0.0011574372591087294,0.0008362419186499123,0.5747543563712915,0.1726310724484578,0.01374526554957411,0.21809253429028286,0.004173031827674382
27387156,0.0008016349553441599,2.5323545823150428e-06,3.44351569439379e-06,2.0497637534539914e-06,2.44075819344053e-06,0.584838231020285,0.023733418079662758,0.39054311449436163,7.313505812288277e-05
27387223,0.006102444541068015,6.227086242776103e-07,6.1986235391706545e-06,4.570468669091839e-07,1.3695900593767584e-06,0.9706934671954199,1.1918001427929842e-05,0.022721326160185,0.0004621961328092878
27387235,0.0003076970141410928,1.1965064829154026e-06,3.003458533850502e-06,1.0021175566634958e-06,1.2856144768036274e-05,0.9484081500641104,6.62739328683704e-05,0.05049504731770147,0.0007047734438373106
27387356,0.004757752020804586,6.861776568480904e-07,3.127423187851147e-06,1.5995839582699646e-06,1.0649959221132043e-06,0.873171137159208,1.4434193647265626e-05,0.12139942610415784,0.0006507723414572739
27387432,7.059843552474255e-05,4.424394853652154e-06,1.4145358188819293e-06,1.2591891702108606e-06,3.464887988700534e-06,0.918229833060526,0.00011433323391392433,0.08128086567810396,0.00029380658410012924
27387490,0.00018610900414620156,9.630067277478863e-07,7.811865128594981e-05,1.9005112439036864e-06,2.1795886215579935e-05,0.979544654552099,7.060374041486011e-05,0.01728432878778267,0.0028115258600839707
27387609,0.00016897588768893156,1.7724293414710886e-06,6.437655572576451e-06,2.8128689063472194e-06,4.475849684172256e-05,0.9434427597502555,0.005719156032173206,0.05052428720568456,8.90396735356063e-05
27387894,0.035411421070797575,6.481200651920669e-05,3.352711663536679e-05,4.9466600147596755e-06,1.6531139961518282e-06,0.6928208211879451,5.573131933849432e-05,0.2708529788313706,0.0007541086933828958
27388061,2.7585380563740688e-05,3.7375975011209908e-06,0.00035837792684427554,1.7917703551950641e-06,9.182350329429967e-05,0.9885411090014184,3.1535431325063315e-05,0.009889019130538848,0.0010550202581590662
27388363,0.0004913324892149367,2.362949063727799e-06,4.973959525683507e-06,3.091392864120517e-06,2.382639211417052e-06,0.9623678183056104,1.5314765082188415e-05,0.036011723814913375,0.0011009996845142045
27388419,0.026551548511240523,6.135205664354328e-06,1.4428319600255516e-05,6.699251214545236e-07,0.0019305204486630336,0.9447162251335746,1.0389153335117305e-05,0.020447397245411565,0.00632268605738906
27388672,0.00037310609359581914,1.8272097038952713e-05,2.0493840392267337e-07,1.7563300618952938e-07,5.349755719709996e-07,0.9990231506189137,4.504367487852628e-06,0.0004805930548066317,9.945822117499615e-05
27388700,0.00031622534064720223,8.015730592647157e-07,4.057962358567093e-07,1.3213505391479854e-07,2.3643002013045276e-07,0.9993514711393423,2.207470490837256e-06,0.0002857795174168647,4.2740597733496706e-05
27388816,0.001718368371934012,1.1226680547073996e-06,3.3437522861933014e-06,4.859172787836705e-07,7.082211132333997e-07,0.9919380529968249,1.036447360684057e-05,0.006073032723930095,0.00025452087497130325
27388912,8.885508496161255e-05,1.9853815435448897e-06,7.685014778677047e-07,4.0369938327174456e-07,4.383258131426297e-07,0.9986749517617127,1.0223619811079963e-05,0.001026975825066428,0.0001953978002303508
27388975,0.00014568228354296448,4.982120907084592e-06,1.2824662101194772e-07,8.933455841930313e-08,2.1196770430183116e-07,0.9991564672095645,4.9329809616954605e-06,0.0006467268841071668,4.077897203293142e-05
27389262,4.319827826194745e-06,6.647654296325219e-07,2.2032879903420798e-06,3.12102519277655e-07,7.6225969336027676e-06,0.9960593798549203,4.9396393836670056e-05,0.0036413550114694397,0.00023474615907454827
27389386,9.054838509498104e-06,6.843257698398889e-06,2.5992091965514198e-05,0.00017470460844263671,3.839674478286051e-06,0.9387065666816937,0.0003040280077625221,0.060645361330868106,0.0001236095085813427
27389936,0.0044432623822717385,1.0785879992478667e-06,2.7407087630406536e-05,5.226569696171289e-07,7.635554720015884e-07,0.9949423668978424,4.4661647072236155e-06,0.000561696203550013,1.843646355716667e-05
27390071,0.0071936931160750325,2.1713957705639306e-06,0.00036915703164549704,7.936868997219973e-07,1.3316715892088733e-06,0.9568164522972491,5.03842967016106e-06,0.03554838371179545,6.297865930522194e-05
27390223,7.690137164458121e-05,1.844286470246024e-06,8.562918036034096e-07,3.064436421267465e-07,8.23816480831457e-07,0.9985738143054104,5.757885603660819e-05,0.0012076023959267548,8.027223258488468e-05
27390271,0.0018840147737081091,2.8234267174118056e-06,1.3096619226651115e-06,9.440110052697278e-07,4.114495804959445e-06,0.9820788531442929,2.35122774829975e-05,0.005706302385471912,0.010298125823593768
27390291,0.005811176113511144,8.678373204307024e-07,1.5807170000097026e-07,1.2341285565865337e-07,2.5592893794564124e-07,0.9929144025679539,2.3628678147364564e-06,0.0011478537061200983,0.00012279949378602388
27390319,0.001843741184259741,2.02776884603091e-06,5.792754159308937e-07,5.201003196039348e-07,1.3807033255893074e-06,0.993254283602335,2.8348652684590067e-06,0.004643701352827172,0.00025093114740246613
27390709,7.144324660201321e-05,1.7377777807604646e-07,1.5244517148730748e-07,2.2621492470396567e-07,2.4338692427806876e-07,0.9994057614601404,5.238053449593644e-07,0.00047126740782688645,5.0208255287148115e-05
27390827,2.000771286212753e-05,1.2325336104098604e-06,3.510734393153113e-06,1.0522446785107663e-06,2.7090835761525663e-05,0.9982253074312514,0.0001497161671332592,0.0011769170979010087,0.00039516524240858897
27390828,0.004505831365514273,7.379913177870758e-06,1.6682417103789266e-06,6.991681638796848e-07,8.436750426962348e-07,0.004116828723790724,0.00139722171195068,0.989834593440472,0.00013493376017754087
27390876,4.19641841417777e-05,1.660308124727686e-06,0.00030358639617715917,4.495535437817735e-06,0.0001927425419462995,0.9760039480860006,6.232301614763596e-05,0.018599383977550725,0.004789895954473528
27390943,0.012852401365141913,2.433351296982744e-06,6.798753075894891e-07,2.7611241603598834e-07,8.960689132125073e-07,0.9773753502512614,8.52673324744656e-06,0.00019551948845742003,0.00956391675395785
27391118,0.00027025057098479453,1.7663345241216714e-06,2.0756669713530423e-05,3.4458118944538126e-06,1.918117839159078e-06,0.8380215194925157,6.499572260960328e-05,0.1600780542997898,0.001537292980128726
27392023,0.5731288486630939,1.5618813081967062e-05,8.790337283866656e-07,5.525703635662343e-07,0.00010622024512437426,0.4104851427023761,5.009368845762222e-06,0.0010357829893245729,0.01522194561406153
27392399,0.0023114402198785174,7.604146998818544e-06,8.572270302022644e-06,1.2625455465958762e-05,0.2274154902093734,0.7342125425347458,7.66560735156313e-05,0.032268518450558836,0.003686550639161091
27392410,9.248150560861731e-05,8.291367092497485e-06,1.1009224993657068e-05,5.488065955541226e-05,0.9563693810974367,0.016499455156140132,5.1774867946680296e-05,0.02061705522252626,0.006295670898699902
27392878,0.0004272753875387167,3.873085460795378e-06,2.092253326174271e-06,1.9034933505329977e-06,0.982218709025588,0.013842062125070814,1.0592596711814144e-05,0.0012067935884443784,0.0022866984445086306
27790720,0.0004877622791488072,2.9517249081327303e-05,0.00045543981396509734,0.22066579085291832,3.850671014459003e-05,0.12863843063214564,0.007186296551902216,0.6419757438087732,0.000522512101920719
27790957,3.6680405914150946e-05,2.6931562895610188e-06,4.811877896664798e-06,3.452531885186959e-05,2.0591452874758714e-05,0.4122764453252429,0.00515700567265549,0.581591141749738,0.0008761050405366871
27791208,0.00397476447914423,4.616243083382639e-06,3.107529462445832e-05,1.876532341359278e-06,9.823298579166732e-06,0.5884904712518402,3.362364078294532e-05,0.4070327121652138,0.00042103709439047534
27791358,0.018397212222003335,2.275378262536129e-06,7.873346833472481e-05,0.0006493056226399401,8.296839600740342e-06,0.5575570153781673,5.61721676921557e-05,0.4031801475052891,0.020070841418010167
27792402,0.0024528786207975604,2.6071033599795788e-06,0.0002473092918641266,1.692863207298389e-06,3.5509272141871058e-06,0.05891623894434235,6.455798301721e-05,0.9378358195457126,0.00047534472048476147
27793377,0.00012581009786592618,1.756583371057945e-06,8.406517489042725e-06,1.052871403170239e-06,2.771876329512261e-05,0.9894264258674346,1.909910323350401e-05,0.008281119214339175,0.002108610981568311
27793451,8.126862899200003e-05,0.0006352778941640482,0.0002567553793982036,4.2102475969398183e-05,0.00024877823060948806,0.8653025908186971,0.05851176635704086,0.006982273467284572,0.06793918674784433
27793481,7.957264410122109e-05,0.00245149301227972,6.322403600823342e-06,0.00036655946751950534,0.00020569695729791542,0.332031800906915,0.0022260308937640397,0.6563785900713925,0.006253933643129228
27793513,7.809183146756382e-05,0.00013178358892839212,8.648734111791527e-05,1.1890220715385408e-05,0.00020414070731710154,0.831572329689622,0.0008206514527249754,0.1652928846288074,0.001801740539299259
27794044,0.00033699914558068823,1.0039760443947453e-06,5.519574461094366e-06,9.399453089161783e-06,1.8270787917163968e-05,0.9421374877485803,0.00017658599560252576,0.005620611964857439,0.051694121353867195
27794964,0.0013458172296668188,9.020692745017338e-07,1.0787750529317962e-06,2.6017822931369032e-06,2.0844822604340795e-06,0.9441352212041941,3.433864168878461e-05,0.05413751878934634,0.00034043702622285155
27795733,3.220471746039098e-05,1.16420444331091e-06,6.198772991957717e-06,1.142879585115331e-06,7.933717142734021e-07,0.9906717551302874,3.1615224279967823e-06,0.0034227387060491317,0.0058608406950403985
27795764,0.00014958699294902162,3.349405114118862e-06,4.8534500102858376e-05,3.4865939645251858e-06,2.835376725193007e-06,0.6915048791159369,0.055645926553499134,0.0969202019648063,0.15572119949690186
27795783,3.0452377320372164e-05,1.5346135313556032e-06,4.47187359471468e-06,2.1320672342517948e-06,1.7262715085890943e-06,0.9816895191019835,2.4123363085678662e-05,0.015413885199803213,0.0028321551319381924
27796951,0.0011561231172050085,1.2903980253381443e-06,3.3675024175501455e-06,1.6750432930527393e-06,1.715163420130474e-06,0.5751410561380295,4.828126399461598e-05,0.42361789324878585,2.8598124828966248e-05
27798374,3.772848458130075e-05,1.3975433693129146e-06,3.388638275862529e-05,2.948831598127139e-06,1.5367563246429624e-06,0.9696728179582994,0.0012678312778860662,0.024948471416739677,0.004033381348442814
27799672,2.6101865112373197e-05,0.0001635198681608125,2.7354554412415034e-06,2.409386316722321e-05,0.0001867424328537021,0.9333795752800631,0.003294129839194147,0.01839956330269864,0.04452353809330865
27801031,0.0005065884126866547,3.0938732600827754e-05,6.990042739270473e-06,2.361518068054792e-06,1.265591423371862e-05,0.201674471053109,0.19406479190771364,0.6017530006695113,0.0019482017493373794
27801204,0.0005453692190752638,4.547282327455438e-05,1.0848793726049427e-05,2.0692523244825615e-06,1.604733037663189e-05,0.3077482833385664,0.014114829140477281,0.6770696527824334,0.0004474273197460837
27801229,0.0001859072670697773,5.335310507918658e-05,5.55180098862579e-05,1.2061771268967686e-06,6.588405040438333e-06,0.12440653078911534,0.2790003994690638,0.5953159560421192,0.0009745407354992058
27801344,0.00013300406012717414,0.0002684785308448968,1.7342025480609875e-05,0.00020560850032304837,4.259484765585321e-05,0.9821486364632138,0.003979107528133184,0.01290897029693076,0.00029625774729068665
27801359,0.0017012316482975958,0.0023136616948444804,1.672996534294252e-05,2.0946822807550547e-05,0.0002643377873995105,0.5051314901844661,0.06835612976287508,0.4110529370528847,0.01114253508108195
27801598,0.0008462796206961555,0.0009281835660504719,2.2581356751907827e-05,3.0766283147067252e-06,1.6431515448681607e-05,0.3574364090887442,0.014822180896839992,0.6221524608089246,0.0037723965182292494
27801619,5.57920594279209e-05,6.096838916594812e-06,0.0010970410957852218,0.00023364290320673978,0.0027604467232591476,0.9587448763481217,0.0004136867497333563,0.024778485713613928,0.011909931567935416
27801782,0.004616383173597751,7.923984056488937e-05,0.0009410726399314234,3.798160760122396e-06,0.16692240534608563,0.8016734800259083,1.1897227506209757e-05,0.0005211896320121581,0.02523053395363335
27801901,5.7354365202916065e-05,9.620054596007114e-07,4.483967442518853e-05,1.4011760416810226e-06,2.885540427337438e-06,0.919217563896451,2.179503943707719e-05,0.08045566383594988,0.0001975344666053323
27802189,0.004200290304918888,6.9593679308272456e-06,7.423694221073827e-06,6.99008505618276e-05,0.00011749826221806759,0.2636741511308401,6.518064766009622e-05,0.6395909774396775,0.09226761830197162
27802195,3.22648179469463e-06,0.021134571246864797,0.0003487049741300873,0.00017376113902257403,0.9316359814202905,0.036443290846532486,0.00047080582518678184,0.007583537062183676,0.002206121003994397
27802286,4.3657186742346906e-05,8.12900334449595e-07,1.608422198533289e-06,4.0006474834479314e-07,4.3304680317603925e-07,0.9974280302357241,2.012296776254133e-05,0.0023506163403647,0.0001543188353215419
27802800,1.455611745996027e-05,0.005838816160728741,6.0610825736026956e-05,4.677779102953595e-06,6.24540404473481e-05,0.9665552304383901,0.00404147958001169,0.021221528086476555,0.002200646971646593
27803111,6.030184235405031e-05,0.00011070263713230705,0.00017458779029295486,0.001697637274895082,0.026830461175088128,0.858939381141776,0.004994399607325676,0.06535996559575724,0.041832562935378445
27803670,0.00047958871846757697,9.794980996553927e-07,9.874255489787097e-07,4.929386658658533e-07,5.940402298008228e-06,0.9405833260435298,0.00017790414282237006,0.058651340020612674,9.944080995522761e-05
27803730,0.0017628270197746268,3.7241580608040483e-06,0.004534357873788979,8.761292565830116e-06,5.849234015517154e-06,0.1568731794245723,0.000888386474371736,0.835532045966384,0.00039086855646624396
27803742,0.0010270233314389275,1.9843748231438133e-06,1.4213863082019933e-05,2.7176304922875585e-06,2.161574902512768e-06,0.8945923038170088,0.0007826239569586363,0.10317055356212687,0.00040641788916692445
27803824,0.00623149458144856,3.89509189018815e-06,6.581284883200222e-05,1.2918913685355054e-05,7.179821729835259e-06,0.6364721355156889,5.5052620565705974e-05,0.356363102283785,0.0007884083223745066
27804016,0.0006669089745979304,3.408741705904256e-06,0.00013587282049220905,0.000816235718541858,4.876734898550007e-06,0.14903613133597804,0.19557930441304244,0.4748961078623992,0.17886115339834371
27804050,0.0020035745886216143,6.9546813408186524e-06,1.070378302940782e-06,1.5762105594959415e-07,3.6662931506822644e-07,0.9971699223342425,1.1214626190729167e-05,0.0006510396415119865,0.00015569949941841992
27804383,9.577002798848843e-05,3.075397952023957e-06,6.596320053135592e-05,0.0005267435376084411,6.595279624310977e-06,0.9015892029834053,0.0014108465039369853,0.0791719523883603,0.017129850680592636
27804571,0.0022631885905389044,0.0004214080393616654,0.000540156522775938,3.7199369623621085e-06,0.4004074654586212,0.5920739489342742,2.1901532748440943e-05,0.001494059407597855,0.0027741515771193795
27804578,0.00046563888654589295,0.00020275038777432596,0.00011786859967424928,1.7754138678952006e-05,0.3563130844968426,0.586854827129803,6.953999679195388e-05,0.002259042940153392,0.05369949342373574
27804632,0.0001597879798915207,0.0002366342577401322,0.00021136884350791372,2.4150729841522227e-05,0.058002643578685883,0.8713811397896871,9.034836989499932e-05,0.06693970990589093,0.002954216544859961
27805015,2.7183024652068043e-05,4.6815045461870317e-07,1.7420444759582342e-05,1.2801631471199583e-05,2.0543805987024155e-06,0.03870040508635764,0.0010888253605942624,0.960110646976557,4.019494455484169e-05
27805077,0.00021307413830651817,0.0014603108510241143,6.76765560987312e-05,0.006039446339452467,0.8465152838632652,0.14267624671842366,0.0002944256443541712,0.0017904539996121548,0.0009430818894629647
27805095,4.089904024463346e-05,8.517697509580277e-07,5.735212549330395e-07,1.9126914013241957e-05,7.2589823827818005e-06,0.16673955825990677,0.23933354215918773,0.5938204824181781,3.770693508093346e-05
27805289,3.572419643455895e-05,4.625158435031228e-06,0.0010041267955108741,0.001814404581320262,0.002369797803727402,0.31539128340013656,0.016154750893138982,0.661780993419341,0.001444293751955399
27805344,8.013551863322188e-05,5.4086532240726485e-06,2.7898514234796136e-05,4.225027199321205e-05,0.0005015050294263594,0.41228996683285846,0.015401466630376559,0.5707211992261375,0.0009301693231156798
27805716,0.0001423230758496765,0.00011056153798161583,0.00012544493633546286,0.0004359326656753448,0.0011680239764870807,0.5530602844043951,0.0015894229278219326,0.004027529643238676,0.439340476832215
27805813,0.0003795206805675038,7.71782657054413e-05,3.3168175772695562e-06,4.795417506435953e-06,9.465175822794815e-06,0.8423881903407056,0.00015003449550050205,0.15441199025270838,0.0025755085539060814
27805896,0.0014816627237363164,3.7420248902009425e-07,2.5998443925404373e-06,5.459252952327109e-07,4.934613586520015e-07,0.006679890625987589,0.0001715764347813598,0.9916321647050687,3.069207689073879e-05
27806005,0.009490498674756131,4.09088430460666e-06,8.870686741234988e-07,3.4228616345364982e-06,1.0848028045105485e-06,0.10579461009011135,8.241013800988991e-05,0.8845936281072332,2.936737247174813e-05
27806354,3.7391422224021805e-06,7.345136109375315e-07,9.618188123433821e-06,0.0021847026402731272,1.2050517261133857e-05,0.051483629738345416,0.7656616699934313,0.18063639737112178,7.457895610444174e-06
27806823,0.00016143059799799433,9.841482168496035e-07,3.1996615155839445e-05,2.3557070111215114e-05,7.255855125628462e-06,0.9647804013841459,0.006177410411415269,0.011449919012307607,0.017367044905523717
27806957,9.350916986320808e-05,0.019257349665025215,1.3108120864934537e-05,0.0010445662278726398,0.015157376334951882,0.715920470745605,0.030397555132750175,0.1673938774387032,0.05072218716436368
27807052,3.4961481249733463e-05,4.5272075311268225e-05,2.9439058826819874e-05,0.004658188977970713,0.0008227709509876933,0.5592198101210895,0.05010431074011497,0.2820605245891973,0.1030247220052521
27807477,1.3463134367212953e-05,0.00038839102136088786,0.17319791867544507,4.9822195076011875e-05,0.00024241683576187262,0.1024670054001933,0.00010583094325839707,0.7231701324772266,0.0003650193173106751
27807746,3.971532120630261e-05,1.0030802533625486e-05,7.649255865043265e-06,1.0308782603168258e-05,2.398294579894314e-06,0.04209765251147236,0.029020849341198952,0.9181018531293859,0.010709542561154925
27808162,9.074585943796594e-05,1.6619493444157297e-06,6.350856170228952e-06,2.2872805232182235e-06,2.863672322241357e-06,0.8990563154046287,2.9996969042129385e-05,0.08782288980790845,0.012986888200622649
27808218,0.00020709011907738337,1.3938945695256057e-05,3.349179937015667e-06,1.9768530982333266e-06,5.696904742256839e-06,0.6339510153124457,0.00023111797423697248,0.10445764935753606,0.2611281653532311
27808482,6.421355367961442e-05,5.701101146006235e-06,5.186640983692326e-05,6.380900727214798e-06,0.0005455862023034301,0.9049915431928071,0.00016486910164405585,0.09408577066024534,8.406887761041462e-05
27808995,0.0013232064324104665,4.433131846228335e-06,2.7608102939051913e-05,0.10222771828081485,3.988396716663313e-06,0.04230037566190122,0.001454507137551074,0.8374677197971364,0.015190443058684064
27809307,0.00012313891518923398,1.1902011333141665e-05,8.034805244177562e-07,8.072505651980489e-05,1.0933261390849265e-05,0.952498914197301,0.0005787312943723304,0.04397512052601123,0.0027197312573579444
27809673,0.0003764547957352639,2.9130443500962243e-05,6.124642390365365e-07,3.109051306443608e-05,7.236662346350655e-06,0.8865115245715298,0.01672444605199356,0.09541537225443852,0.0009041322431521344
27809679,4.024297280690052e-05,0.0001487923669824791,1.4307700533103511e-05,0.0011916681863400201,0.010766300825212363,0.8031182378028852,0.07143119159454966,0.11263551774659937,0.0006537408040907964
27809686,1.6924981458251597e-05,5.756897841535926e-06,2.641780478026847e-06,0.01105034371938374,6.251809159866595e-05,0.4535428925265694,0.390661389778053,0.14423081000927856,0.00042672221533881426
27809745,0.00020837187199210832,7.1932206219427495e-06,0.0036518031562827826,0.0012050069055055583,0.0037502058297592075,0.885703745895307,0.003907527570049443,0.09547183144753715,0.006094314102944878
27809793,1.1054949199727234e-05,2.2532876946752383e-06,0.0046318784404305495,1.3195229527952217e-05,5.079812179748602e-05,0.85906903795703,0.02921383001731449,0.03324801743364131,0.07375993456336377
27809825,0.0009060995325294067,1.3425421170689962e-06,3.635093135835201e-05,1.5963206196804927e-06,2.76494027447995e-06,0.7687685206632784,0.0007572426635710304,0.22885022562353896,0.0006758567827125858
27809826,0.0005852748422198438,4.706914621572902e-06,1.8345747976363848e-05,1.6718058117434938e-06,3.86608624507741e-06,0.9579746529445069,0.003486226558899754,0.0353331556510454,0.0025920994486732566
27809828,0.00017155943022463416,4.357281121312355e-06,9.503695561158626e-06,0.00015877492052517283,6.191669106670681e-05,0.727280122265113,0.0001563314170609824,0.27115587010128595,0.0010015641980411002
27809852,2.9308401953616612e-05,3.6281572520680775e-06,3.0968633508972643e-06,1.0288348810346214e-06,2.1462164615909597e-05,0.38466598326279994,9.461960354579964e-06,0.614392397089145,0.0008736332656470207
27809863,1.875263543452797e-05,2.2070661843713427e-05,4.050646813987902e-06,9.903373641126176e-05,4.331761816127042e-05,0.6284053030865661,0.0017150642615169922,0.17242212596954737,0.1972702813837049
27809882,0.0003845593162995045,1.3657262270885593e-06,2.8476048767988427e-05,1.2923173797079235e-05,5.180464158227281e-06,0.8471090300233535,2.7071469083898114e-05,0.15117693256550319,0.0012544612128097203
27809928,0.005920977715565229,2.4140520489167766e-05,5.22450945264533e-06,1.081938290297671e-06,1.788035518790018e-06,0.9895794564569138,3.341211447437047e-05,0.0030414943277499266,0.0013924243815456017
27810395,0.000349251039610449,1.7717225008863992e-06,0.00010571105632526873,3.4252583999006824e-05,1.360007229068287e-06,0.01917971450857046,0.03878848868208977,0.940360695661824,0.001178754737851118
27810399,2.5189638294245555e-05,1.0084118347431846e-05,4.525154916653145e-05,2.4261687343007354e-05,1.7506222127735542e-05,0.9576241955601364,0.00012440791508948137,0.04128921067553797,0.0008398926339571279
27810450,3.818625972137582e-05,2.2014897024351143e-07,1.6318521065659812e-06,1.2649847225045318e-07,2.040777496120083e-07,0.0006455450395844868,1.5077148775025263e-05,0.9989581432439765,0.00034086573064381074
27810666,0.0005227446881902215,6.137030597722461e-06,9.260708577990194e-05,7.159484634643904e-06,6.5567388987891015e-06,0.9771102798600912,0.0006606744226717317,0.011931196802153949,0.009662643886981927
27812409,9.985430330849375e-06,1.5523113776629164e-05,1.0774164100643243e-05,9.241505475365674e-05,0.0009741214070012235,0.06092896321288158,0.5763117401421349,0.36114766273854304,0.0005088147364774003
27813952,3.8790366763221145e-05,1.141118894973347e-05,7.131353071939227e-05,0.003538579306444904,0.0001228927569849068,0.9080476186381597,0.031092875624350175,0.04909607368898215,0.007980444898645878
27814181,2.261237028698235e-06,0.07708306518192246,9.997090188610089e-06,0.002247836445976112,0.8764536080345406,0.02348775104319995,0.00740313749875649,0.006798489932568751,0.006513853535818276
27814312,0.00020541275228363752,0.0010918839416967957,0.004727468425253677,0.2349092235072307,0.0008724811192792816,0.0708216324509256,0.013863963990903769,0.670299906676755,0.003208027135671557
27815210,0.00016325772448836853,0.011834197928831914,0.0001143606896747572,0.0006606434822256772,0.03763957291592581,0.4312891807424868,0.24508494425574584,0.26284805806975675,0.010365784190864032
27815778,0.00036708500602227286,1.214111564477244e-06,1.2210481029064701e-06,1.6707696316038447e-06,1.6595192565988315e-06,0.9510934381986502,4.566057804122719e-05,0.047535007098292045,0.0009530436704386788
27816871,0.0002446626103573174,3.819598256705787e-06,0.00021442530066529916,6.93659008252548e-05,3.250151013261806e-05,0.934002080236547,0.041269636941924474,0.005259780166239985,0.018903727735051442
27817050,6.336721413412043e-05,1.6004955491758455e-06,4.649048896670206e-06,2.5744581364361904e-05,1.0214191458947894e-05,0.3480798541022466,0.003336862586761856,0.6446677911813875,0.003809916598200652
27817111,4.163728002338947e-05,8.397570824956525e-05,0.0015555865096857802,3.968493928359604e-05,6.71527845141719e-06,0.36282060993023374,0.005084767869044353,0.5594670042980606,0.07090001818696749
27817127,0.00011877372624841204,1.490719111186232e-05,1.586602697969642e-05,0.000174702699626142,3.6894323613342594e-05,0.48544094561633794,0.3436271638533671,0.08637381886882675,0.08419692769388878
27817260,0.000175322060659981,1.3776202707734016e-05,5.592067601106933e-06,0.0017561925539349883,2.874311319522343e-06,0.2226696397950434,0.7734429629526963,0.0008431799539924085,0.0010904601020445786
27817270,0.0003216128006232362,2.2915946084381334e-06,1.1780669216696024e-06,2.704236283057142e-05,1.776938136280755e-06,0.9860787586134301,8.252802656869003e-05,0.006882997031754221,0.00660181456512673
27817284,0.0014079778385052383,2.6134644039739924e-06,0.00029655597586732217,0.0004254901285892515,3.2062710372845425e-06,0.03011261268824757,0.004124519430060636,0.9626274782501619,0.0009995459531266936
27817320,0.00012367565391866196,2.7672061310129116e-06,0.00010098891366225472,5.314520519366815e-05,1.848851468999071e-05,0.8256366461750474,0.020457780747954856,0.12678514480890452,0.026821362774497537
27818613,0.00013537180030033134,1.0441372295146218e-06,1.5476983776063447e-06,6.999696476293574e-05,4.559476357141322e-06,0.9700283686759219,0.0005369866028885909,0.023111851095076505,0.006110273549085597
27819839,0.008669925975478925,0.00038268523049368773,0.0009419128662063222,4.834764199588813e-06,0.2505901216236835,0.7254841270758974,1.3476025960359282e-05,0.00040531519197383354,0.013507601246106466
27819914,4.319188873749467e-05,0.011717626590297344,0.020064591114439666,4.760073065444853e-05,0.0007955688345825685,0.9361171469761898,0.007223813548577268,0.022789134798709056,0.001201325517812463
27820106,0.0010642364674723578,2.502576057833441e-06,2.89311464408536e-06,7.437089411572762e-05,2.597482283581006e-06,0.915475607442693,0.00027778284484103943,0.08248805197709212,0.000611957200800284
27820127,0.00022152760151192855,8.47859028657045e-06,2.8718145121707662e-05,1.3145242514796279e-05,4.162157488076284e-06,0.67775735736721,0.30548295612529486,0.010463562492669819,0.006020092277902099
27820590,0.00033066642385099333,5.553321395897496e-06,3.8124259455729065e-06,0.00044987639319768257,3.979277040151876e-06,0.8296817782600368,0.13484117827402403,0.032042754673540466,0.002640400950968474
27820593,0.00023519467718106723,6.998881548754047e-05,1.1416941989175252e-05,0.11516619600843889,0.0015522749213948187,0.4701233657822189,0.2739612064882441,0.13667052023611975,0.002209836128925711
27820643,0.0004477721046887638,0.002382399266545535,1.80465446442757e-05,0.00017635820364271472,3.8895105474751965e-05,0.684430438288064,0.024663276123862914,0.2776478384203799,0.010194975942697079
27820696,0.0009658805353383988,1.803603255971693e-05,1.3863065216563625e-06,0.0005729547353344368,0.0001047786518016117,0.8992125755705687,1.0714868042615802e-05,0.09014554250134223,0.008968130798490686
27820697,0.0001625055463009235,6.534178718123091e-05,1.4497115110985109e-05,0.005489078223266679,2.2258081081474233e-05,0.7185292011550904,0.14147227354469655,0.10841254404197817,0.02583230050529351
27820711,0.00025681219017280126,5.3788605831414114e-06,5.802478765608118e-05,0.003077850709410161,0.0022859183496540822,0.2341735217619465,0.6852176564266604,0.07414888868946136,0.0007759482244555433
27820719,0.00010840667811252618,0.008573476464739636,2.5511156100670538e-06,0.003211682720968636,3.2979823944861934e-05,0.7891661269136367,0.16625040376964328,0.01820617228421307,0.014448200229131203
27820782,3.802561911491782e-05,0.0021465029700944707,4.311296080812661e-06,0.002027270348162363,0.0002497087895323339,0.8638185987643286,0.011305919359244836,0.07063205641287376,0.04977760644056794
27821053,0.0003952414213911783,0.0024840131811966347,2.5234635515820408e-05,2.5155945013880204e-05,4.031713559872863e-05,0.5408682525095598,0.0008629649038631819,0.45121284300502185,0.004085977262838768
27821289,0.0020497672312329335,1.596436678524573e-05,1.2415009748528925e-05,0.000519562342741408,1.0823613753691681e-05,0.31192170388189244,0.005494596680941759,0.6776195907368676,0.0023555761360363487
27821297,0.0005355065605765605,5.9386079081001605e-06,2.5262793096522598e-05,0.016187679400712342,6.247175040887734e-05,0.47944456073991415,0.036047621172235866,0.44946249404931427,0.018228464925833392
27821964,9.946593373455709e-05,0.0003343046138417166,0.0006642998689650118,0.0009090570377936558,0.00017440588243304388,0.9390005944076053,0.015452190473389305,0.04204738422060439,0.0013182975616330714
27821981,0.00018487643874881104,0.0031465642820458868,0.00015324904257524617,0.00017855214634648762,0.0004022747624396874,0.7339153834025418,0.12936817802531952,0.12879889184011958,0.0038520300598628397
27822072,0.00014459312623377714,0.0004799647774408725,3.173741551167475e-05,4.153217317666412e-05,8.575622525594761e-05,0.8894090685731099,0.0348357511225504,0.07059374789619091,0.004377848690529746
27822175,0.0005437845179085992,4.074818702935096e-05,3.22389358496839e-06,1.4489630583125527e-06,3.2373981568186563e-06,0.9361945298484111,2.1189139936648376e-05,0.06047302217541371,0.0027188158765005022
27822258,2.5360249204685284e-05,9.565506734354893e-05,5.7414576227810756e-05,0.00026457880632806206,6.730475142740513e-05,0.8701497633284283,0.0020013183757612344,0.1091907539530373,0.0181478508922416
27822577,0.0006908817603153306,0.0027860709125256842,3.2718881074649945e-06,4.232943700644357e-06,4.7538018580040495e-06,0.937924293823983,0.006781852673774342,0.05069824980386867,0.0011063923918667958
27822666,0.0002892275345033004,2.510905875349497e-06,2.540940001306642e-06,0.00015405082119625523,1.595541668460551e-05,0.9451040008018742,0.00982842448361999,0.03756975442459818,0.007033534671646792
27822761,8.80415819719322e-05,4.428057747289507e-06,3.357157659143819e-06,0.00017169717361982913,7.853331673233528e-06,0.6043329021093693,0.05592905721738509,0.33893241354636566,0.000530249824208431
27823521,0.00023236311965338035,0.1685435581733791,3.642709709469308e-05,0.0015150922006792733,0.03375951696124166,0.2381623644514935,0.040449430493066464,0.26032718313296405,0.25697406437042786
27823796,4.48999051054978e-05,0.0335130717975133,3.175686489949272e-05,0.0008164278168610461,0.014879582763280668,0.7647520873463262,0.04221472586198107,0.13692817719474032,0.006819270449292381
27823891,0.00012407941332060105,0.0007675047037735192,5.4565558321406814e-06,0.005650225552652993,0.9353415082060647,0.047596357228810435,9.070436075976371e-05,0.002783074821923268,0.007641089156862621
27823940,0.0001140407763091087,0.0025996163816310322,4.572592514803359e-06,5.010273017942731e-05,0.9831159738215167,0.008300553758289888,3.462137680085462e-05,0.002554243773555496,0.0032262747892026775
27824296,8.49218930978247e-05,4.593493334207035e-06,3.381593594757339e-06,3.354167490795325e-05,5.56775802318126e-06,0.6515544425532884,0.2827872777665414,0.06478207621210155,0.0007441970551107
27824965,1.3899245497686443e-05,0.058421825765198075,0.00022483578064846446,0.0005989270544408899,0.28075780904199943,0.49562702601407815,0.003104194358912403,0.15569892736917787,0.005552555370047042
27824973,1.4130762477037893e-05,0.004197576888398845,0.00032264301231478266,0.00047306272533109245,0.1568906620407835,0.7139816522595963,0.0020899274800338895,0.12098433270886788,0.0010460121221966328
27825620,4.594558758095271e-05,9.074232503023419e-05,1.555975001528009e-05,8.09210011142549e-06,6.797884421302448e-06,0.9796525070507446,0.00020395236019294153,0.015845640376902614,0.004130762565000645
27826018,2.848803558467769e-05,1.802521578902931e-05,3.487603784659825e-05,0.00012890649360627462,5.321898470900959e-06,0.9132489720683694,0.010178568181179556,0.06459815117718962,0.011758690891963818
27826098,2.4698731185336144e-05,2.0030141372351788e-06,6.100098562089212e-06,1.2140577492826416e-05,4.7561964543068465e-06,0.6231557986764806,0.234109817414189,0.14039495921571732,0.002289726075781294
27826235,0.00014338943705359807,0.00018023431545424417,7.742749429769976e-06,2.0090468978224486e-05,0.00037522692149007423,0.0825073849311245,7.958618413406754e-05,0.45919038783019783,0.45749595716213765
27826276,0.00014806267442990517,0.003921833098211055,5.077144647930446e-06,1.6727437424305315e-05,0.000504606010322679,0.31724125001648584,0.0001660157450533647,0.572706836252656,0.10528959162076894
27826338,8.26038615495138e-05,8.076254314512515e-05,0.00011430649095528898,1.2922929116141981e-06,2.853630958915424e-06,0.9465126332935918,7.96592194070517e-05,0.045556560063606984,0.007569328603873754
27826531,1.1520127306212115e-05,1.5326746453668545e-05,4.750738603760491e-05,0.4038555326323288,0.0007405360102733462,0.08198442869006446,0.0010577723821681888,0.5052979703030049,0.006989405722362832
27826578,0.00014074347900545184,1.169844367054411e-05,9.364405785231778e-06,1.7783132834945238e-05,4.019940469676492e-06,0.9308561823353303,0.018310317086797305,0.0312536539162813,0.019396237259825297
27826709,3.124264631605791e-05,3.0756814350565714e-06,9.823228376025712e-06,0.09536259982914416,1.8680106603863555e-05,0.13487289801846433,0.7229065083448372,0.012173234977437782,0.034621937167385555
27827567,8.95202695130206e-05,0.00023007173074555604,5.608033975402821e-05,8.660961687352994e-07,1.3194690206760673e-05,0.9245194836617253,0.00018837110303113227,0.06174255654074545,0.013159855568109929
27827960,0.007175590820353475,2.154036902557888e-06,2.6093896891945865e-06,1.3258666570035045e-05,4.1030232039069e-06,0.2537214359046633,0.001386684621729768,0.7352671072960784,0.002427056240809424
27827965,3.2895223900826966e-05,1.0288995393335223e-05,0.04610523946277596,4.767978611906706e-05,0.0166754234205529,0.6145915789676412,0.0002547582986415432,0.3177526259092739,0.004529509935701262
27828047,0.0022719648216930374,3.2697658412793397e-06,2.542438517189496e-06,3.569201121786056e-06,3.8914642278882545e-06,0.44415420389790106,0.0007872156910685718,0.5501436140480744,0.0026297286715548035
27828372,0.0034609316198649467,5.4136055051785496e-06,1.2143098490133929e-06,2.882287255188316e-06,2.9992675512181435e-06,0.668748653855455,0.0028343512161503165,0.32434640583641783,0.0005971480019512301
27828436,0.0006229433468400758,0.01793845783284733,5.342407327551943e-06,2.5013300487329336e-06,5.93555791793641e-06,0.36111680145256464,0.008091716253193782,0.6113696087362759,0.0008466930829840169
27828585,0.011956665127080626,2.6645537866524044e-06,1.312028158110944e-05,3.970335541006931e-06,7.26883849101652e-06,0.6481949431243134,0.07279117037047086,0.26438189305606075,0.0026483043126746633
27828863,9.280189445960639e-05,6.7842866647360355e-06,4.567171652891771e-06,5.133878973978796e-07,4.041068476121842e-06,0.9728471383048145,0.00021875139876626843,0.01270483087671529,0.014120571610553103
27828994,0.00047106585291646803,3.2572603571331597e-06,1.0570670213579944e-05,3.971064895705224e-07,1.0506181449982304e-05,0.9849364663300078,4.888882420374317e-05,0.013637865654149994,0.0008809821202118148
27829036,3.661009054659519e-05,0.0004538133670390847,0.00038537123690843137,0.009514461895338428,0.0011510126337602941,0.7049747501400615,0.03803496181901075,0.24129789834767879,0.0041511204696560505
27829544,0.00019288524978066664,4.3895260510251906e-06,8.57336155566406e-06,2.027199426201672e-06,2.2525495356812773e-06,0.37826371375073364,0.001153777988276847,0.6092944698684685,0.011077910506171901
27829566,0.0050844841585553245,1.3612935142882004e-05,6.703313294020573e-07,1.680182546554292e-05,1.4032447512876869e-06,0.167208034290814,0.0002834357634074054,0.827309102834586,8.245461594813576e-05
27829568,0.00022787496420930697,1.4346959918349841e-05,7.942430363545932e-06,5.069174204475874e-06,6.164754303821243e-06,0.3366040615019389,0.3410323700398564,0.3019591858086209,0.02014298436658426
27829613,9.491571006060296e-05,9.789846635755684e-07,6.705817350125854e-07,1.0936835023673271e-06,8.487866928894669e-07,0.9786378547505974,4.3494679384580115e-05,0.015679275956727707,0.0055408668666358084
27829640,0.00024307058454960305,2.7298375722431108e-06,7.872288558207624e-06,9.253985663989218e-07,1.2112609312586028e-06,0.9828974341598047,1.8612339849745033e-05,0.016093469446662886,0.0007346746835051324
27829781,7.86738887467189e-05,0.1015266352652651,1.177513525183475e-05,0.0005332185601219962,0.005006490703427626,0.6815133712567535,0.003438753264349414,0.08856799731319609,0.1193230846128877
27831184,0.028703943081373688,1.4908808049407805e-06,2.1568642551053435e-05,1.8741752382587543e-06,3.0826282517616025e-06,0.06031197097636143,0.0001737263644478873,0.9107256246511172,5.671859985380102e-05
27832153,3.5289281490862304e-05,0.00039909696398887813,1.6788258945048437e-05,0.0009981592125539395,0.6946651616632219,0.03916973512522141,0.00013583806127050088,0.00045734926886139215,0.26412258216444606
27832334,0.00017751058691274461,0.0001913838323731011,0.0002200662089946936,3.996827140717547e-05,1.33890417644633e-05,0.2588760184854655,0.01664363575760904,0.7220737887450479,0.0017642390704254232
27832702,6.135431241643103e-05,7.483057009826889e-05,7.155216305189093e-05,0.0003141454503332126,9.603901485248149e-05,0.6970213947894179,0.0009435639541487122,0.2988880126660535,0.0025291070796275594
27832750,2.3225325783854302e-05,6.847814910001034e-05,7.080096316889963e-06,1.1072326031459888e-05,8.893737543177888e-06,0.528378265154131,0.46148186833967186,0.009125183083156175,0.0008959337882655956
27832752,0.00013848230420658326,3.334324976533379e-05,6.1102473653648935e-06,0.0026708779162969393,1.528711861318963e-05,0.680973024198183,0.13701902429180837,0.16755000925702612,0.011593841416735029
27832846,0.00018474568883993726,8.445725751658901e-05,1.778999631938575e-05,0.0004638853214776795,9.530871339173469e-05,0.9509099429261353,0.0039146148349140835,0.036482654769119945,0.007846600492285194
27833884,0.002463362849748299,1.505443033329794e-05,5.656878924223973e-05,5.628851899226664e-06,3.855222799670682e-06,0.8175765601914249,0.04635982961901548,0.1254024935652789,0.00811664648025803
27836060,0.002116137082144848,2.482497717622705e-06,1.0667665358145912e-05,5.9443369557045056e-06,9.440287229001665e-06,0.35411070439354886,0.0005767727545804412,0.6396061455302311,0.0035617054522343117
27837142,0.00014715102856756649,0.0044406219552438776,2.2039780359090054e-05,5.5123126027879105e-05,0.0065388541910956135,0.8352551120179935,0.0013079119115972301,0.12271569389029527,0.029517492098819865
27837413,1.6423460037621016e-05,4.386388790132907e-06,1.9359191430382224e-06,7.5191395699713e-05,0.002343480217339484,0.6473036127898066,0.0008471099003213191,0.32873679568579844,0.0206710642430635
27837630,2.6667532014221903e-05,7.0318064947477855e-06,5.3431934741500135e-06,0.009970670744832084,0.0009841263862820288,0.5664877038958356,0.40232672066337327,0.01980017416028007,0.0003915616174135678
27837708,1.2157276018523656e-05,3.3821208791088706e-06,1.6149173099741467e-06,0.0006150356598426083,8.047400264585774e-05,0.3681526797802416,0.5126580523863999,0.11608076509230807,0.0023958387643543875
27837830,1.2343911140139777e-05,0.0008268733394326321,1.04580729510272e-05,7.331103802777165e-06,0.0004605228058233448,0.9904479082266537,0.0024045352803291607,0.004794875188683378,0.0010351520711838421
27837913,0.00025910481799310946,1.7726781255524398e-05,6.84916979368262e-05,3.4528830177455297e-06,9.893456710338942e-05,0.9982105916900762,9.34900081771555e-06,0.0002653261104753623,0.0010670224513241397
27838486,3.498323640784551e-05,2.4375398830053513e-05,1.7615684853536803e-05,7.394681639300311e-05,4.7454906904352685e-05,0.7572904955330322,0.11728488710559751,0.0207222514464394,0.10450398987154223
27838542,0.001425507151032439,0.01860207467157129,7.998770877899377e-05,4.251485263533142e-05,4.412295415582844e-05,0.3666028636908096,0.007791837598021528,0.5929931591494391,0.012417932223556017
27838565,9.496715230780888e-05,0.0003288844435208163,4.966339059616148e-06,2.756195934207229e-05,0.00016162288229891608,0.05590923497028444,0.30811057982201706,0.5921215966425797,0.0432405857885897
27839108,0.0025001177423286947,0.0023763503242514557,2.551663893950739e-05,0.00877879165087975,3.578154182131656e-05,0.951634945318568,0.005203962069897284,0.02010537893712272,0.00933915577619131
27839246,0.0004138681171796554,6.118367920544303e-06,4.3373282771453516e-05,5.960694051595349e-05,3.11876441514656e-05,0.8234212997016632,0.02643313574242004,0.07769432830991316,0.07189708189346439
27839328,3.32343816179386e-05,0.013127042083656837,6.6525763856366535e-06,0.06263822392811039,0.00021877008849317307,0.6341249653318701,0.017933888981297913,0.21735888475652532,0.05455833787204277
27839364,7.75440502734336e-06,0.00015226612307561797,2.367381936798139e-06,5.926863793659235e-05,0.0009944668706237142,0.8482202154666044,0.00016480574631077085,0.007348614293914363,0.1430502410745704
27839649,3.508838633259055e-05,3.460096377114507e-06,9.575606191291864e-07,1.065386884332129e-06,1.305199783800358e-06,0.9982200667210307,6.283079761916268e-06,0.0008030663525871116,0.0009287072166232893
27841731,0.004060897619299854,2.900605887603857e-06,3.440849548975483e-05,0.00024401196503271295,2.7250131471723514e-06,0.24270920711142777,0.0002995356255110472,0.7454498042367843,0.007196509327419805
27842419,8.634179220410581e-05,1.5597287014747384e-06,5.236952617161729e-06,2.1087236308456626e-06,6.964391905088004e-06,0.8102964907635567,0.00108867116379879,0.04158914663548537,0.14692347984810045
27842521,3.2599842954796472e-06,9.051825686678422e-07,0.008196099246990596,1.2220523432383868e-06,7.179463368525813e-05,0.13534035902025499,0.8488611549424837,0.006549843009961145,0.0009753619274168776
27843188,0.00937435920235461,1.9116352709273455e-06,1.1672630941748363e-06,1.42571202507649e-06,6.915401325662661e-06,0.823987882737411,0.0005338470949459872,0.1656739055876662,0.00041858536590628625
27843587,6.549493686250619e-05,1.2925725944791107e-05,0.014212266058992281,3.901781486984067e-05,0.0028274076244222757,0.7337036567652596,0.006950046248064822,0.22911846167932715,0.01307072314625679
27843967,2.3601442842717405e-05,6.792174175348398e-07,4.933663800499085e-07,3.2819755435139226e-07,6.440637284461589e-07,0.8494002443121099,0.00012155651114247627,0.15043533759904631,1.7115289778138694e-05
27844389,0.013206134215346119,6.127909748698304e-06,4.155164474401823e-06,8.678182935401893e-07,3.101751296245882e-06,0.94467867650771,6.866847708423627e-05,0.04182204083306273,0.00021022732298408786
27844658,1.2944101176619657e-05,1.5884685896970757e-06,0.00025910808468540303,6.209084731120669e-06,5.901059934992982e-05,0.9260379229068574,0.00037226174941563554,0.07186090399816947,0.0013900510070247347
27844773,4.855525193168944e-05,0.0006491501894175082,0.00018618166669693626,0.005836670290377609,0.00823891029043154,0.9156351495206222,0.05718245260911775,0.010688527429596606,0.0015344027518082851
27844928,0.00012335671983207072,0.00011178990183066319,2.9583999212241693e-06,1.70128099276951e-05,0.00013886241493578187,0.08604843650219207,0.0016731744695612967,0.8981025393348203,0.013781869446978835
27844971,2.6252811694947803e-05,0.00030699042948104875,1.4161597788343335e-06,1.2986756942630579e-05,0.00011748447193704599,0.25809649298837806,0.02888385990864355,0.7116711339311314,0.0008833825420125913
27845007,8.980926342963957e-06,2.411267755817299e-05,1.4197398722152232e-06,3.4164821811291563e-06,6.203580719628117e-06,0.044750683371782715,0.23321913748066744,0.7218081137967977,0.0001779319440780294
27846556,0.00034515954470911196,0.0004353252256769486,2.130087199448539e-05,0.0002538035440478223,2.9407401224768743e-05,0.9280968493964735,0.01361479675128598,0.0540367520734254,0.0031666051911619373
27846603,0.00013098091344459145,3.349804196340708e-05,0.00012168887577898033,0.026993692405717078,6.253042615962912e-05,0.6423573945552064,0.00022462525007754477,0.12391348310658756,0.2061621064250648
27846986,0.0008953651517472011,0.009126669871750644,8.010226437126907e-06,6.45653596289332e-05,0.0014086916117548305,0.3485547148228211,0.002510546642006692,0.14680721325344287,0.49062422306041065
27846987,0.004721429480482799,0.00337784890270732,2.4770192791462307e-05,0.0007347947582708494,0.005761400932364163,0.43905249660413614,0.0026289030109364884,0.2716175069996568,0.272080849118654
27847155,2.5423384197365694e-05,7.515113689761149e-05,5.090310337811e-06,4.350524511851892e-05,0.0008257784398964015,0.30386248363039703,0.0031841020794580997,0.6687507653276553,0.023227700446041923
27847200,1.0025048957670623e-05,3.841326299174803e-05,1.3818779069461605e-06,4.238439038293601e-05,0.023261377599161137,0.6618622304130939,0.006617054493620942,0.10223192495557325,0.20593520795831152
27847244,0.0033176690396866035,0.0010285108938265302,1.1933415756581098e-05,0.016454881320524785,0.9633043108968342,0.01301930314993203,9.758026504199097e-05,0.0021346349986697817,0.0006311760197274844
27847265,0.00036906674718895164,0.001225298477838868,2.71025024221525e-06,0.00013720802961379253,0.3249505500697635,0.1813390176639278,0.00016685053435481828,0.30226774935387557,0.18954154887319455
27847278,6.422289510323994e-05,8.513926806159005e-07,5.224150963435669e-07,6.425002066395813e-06,2.0396271492559316e-05,0.17298168561625915,0.008157180931194361,0.8131973218357169,0.005571393640390386
27848545,7.094508574641925e-07,1.1988237827295153e-07,3.7231163757113186e-06,9.447232828209551e-07,6.997190863623316e-07,0.05444282392810372,0.9427410330762722,0.0026333836255926476,0.00017656247805076933
27848657,1.1637183743376543e-05,0.5019182514940248,0.006553453804283539,0.00025200186012626575,0.030946869384340974,0.016685218376193457,0.002374029832821444,0.05954111251660006,0.38171742554786614
27848835,2.443790575920088e-05,9.749746470831053e-06,9.378777605108558e-05,0.00027194930642542714,0.0001274066877943177,0.895363443287564,0.007812169005184911,0.08111019126558125,0.015186865019169044
27849022,5.70194082060899e-07,1.0348610907808768e-07,1.0181301253235136e-06,0.003916545135431515,1.2044553867284138e-06,0.002741834237048364,0.9932108406923625,3.1370966126671916e-05,9.651270332772008e-05
27849428,3.0935224161795274e-05,0.008529371154226504,0.005126170514627529,0.0543050379577479,0.004906271728333462,0.6940288670977044,0.12532301051593467,0.1012994890141885,0.006450846793075141
27850759,6.995121386243976e-05,2.7954025454083014e-06,3.4269441899127465e-05,0.00013871291864450878,7.71351496620978e-06,0.9888529748890335,0.0011898024965419753,0.008861725337953976,0.0008420547845529357
27850966,2.5296178545257453e-05,3.1477625315635788e-06,2.9328648996504197e-05,0.009852365072574814,1.327718606190138e-05,0.1922303285773484,0.5491423608532116,0.04116951951152701,0.20753437620920287
27851107,0.00014773778747184177,7.860778680482544e-06,1.2340172977028113e-05,1.4774213563946458e-05,4.107069177972915e-06,0.15366391101414165,0.007812427155553266,0.8228138596393537,0.015522982169080112
27852983,2.6293831683934236e-05,4.393416725357918e-06,0.012700020513570876,2.7322773200676317e-05,0.0002553710713267913,0.6116351888968963,0.35526090304781394,0.01869238216729302,0.0013981242814891093
27853420,2.447699611877585e-05,2.0902412352170134e-05,7.171137545553338e-06,0.00043662959712330654,0.0006216298184695109,0.9528244170872474,0.0108612657522098,0.034894011201151834,0.00030949599778171957
27853492,2.5464164042273254e-05,3.473345805442559e-06,1.495072692754087e-06,4.185947003199651e-05,3.7240946224255636e-06,0.498029085910788,0.055207475337029036,0.44377804457383724,0.002909378031150745
27853502,2.898959740120851e-06,1.233189281934574e-06,7.150682388987108e-07,1.1790640165214042e-05,5.3772378039780875e-06,0.166244626009791,0.8295275181206175,0.003909874518544186,0.00029596625581704874
27853513,9.558556562643868e-06,2.832532700269768e-06,7.401524608643948e-07,3.2302017529920945e-05,3.428152951947385e-06,0.273389283015271,0.5528312524087333,0.1709525396680028,0.0027780634957872714
27853610,5.561157848505049e-05,3.6697372364162216e-06,0.00013399976934775154,0.0014810922288869392,1.2588280476075137e-05,0.17692717005240427,0.007995936665517966,0.8098375920447498,0.0035523396428957187
27853619,0.0011210311347410727,1.3105348631790386e-06,6.511067890296043e-05,3.6629297050185583e-06,4.938476155367119e-06,0.9569183105313364,5.760913551955016e-05,0.020689314030582034,0.021138712548194594
27853692,2.694724828296922e-05,0.00011063943150909446,8.425496700603722e-06,7.027912590931373e-05,2.8207286027491205e-05,0.9758210213501346,0.0005593335520836338,0.019797881209463603,0.003577265299888751
27853755,1.2991924021255364e-05,0.0003377686543299883,9.497610908556107e-06,2.2639366591718832e-05,0.0010370042406330732,0.9669081772204027,0.0057519532987558505,0.01802695125717201,0.007893016427184776
27853819,0.0036668269720677043,6.5471809166257435e-06,0.0001449589663186334,8.70806446479733e-05,7.719577859986695e-06,0.2525039910006148,0.0009605896421434425,0.7218505707508462,0.020771715264584455
27853891,6.798222194534828e-05,0.0021311275411700415,8.520596211999177e-05,0.0003672691211078833,0.12398669158290362,0.1742193075489619,0.061692865514852514,0.15266957254318056,0.48477997796375805
27854684,7.782557571283703e-05,1.3761722932021449e-06,3.194085864481253e-06,0.00040583995809344547,4.993935283556768e-06,0.36027239523518084,0.0008009633922252647,0.6368104110399344,0.0016230006054120249
27854761,0.05015904573434717,0.0008255938540284074,4.733484572629977e-05,3.353635757305315e-05,6.505362074161279e-05,0.6708742647803198,0.0009120718474492917,0.26207538351591886,0.015007715443895508
27856185,2.119681016141329e-05,5.804055282034372e-06,4.7489731885379e-06,1.7491550826072822e-06,1.2100819725439013e-05,0.9545242010641038,1.872548533190768e-05,0.029845111146951327,0.015566362490172857
27856524,0.0002312422160875446,2.483526102659492e-05,4.240389640249168e-06,2.0917863647049733e-05,5.541050208060689e-06,0.6336098817796104,0.00014301731164500625,0.3223029652739181,0.04365735885421687
27858079,0.004854451537060573,5.760261902345525e-07,5.130440449654432e-06,1.1813087881817884e-06,8.057352239753402e-07,0.013564938795987807,2.5248256202909466e-05,0.9815130930480903,3.4574852006430785e-05
27859622,0.00021311849056207424,7.358759529542477e-06,5.16387200713528e-05,0.5563508556321599,2.1734291146099605e-05,0.09864023428788406,0.00799364960583705,0.33348640996490914,0.003235000247900746
27859654,0.0027948605509481514,4.254689901612705e-06,1.9028275266019422e-05,5.045280812841107e-06,7.968414945518137e-06,0.5190814062244394,0.0036973030936089833,0.4742003568570417,0.00018977661303576975
27860519,7.219370798207461e-05,0.0001256718761560565,1.1256230412949229e-05,0.001176780975591271,3.4443262778132847e-05,0.774987579683562,0.00036739793587432904,0.1816071901356425,0.04161748619200066
27860948,0.00023288200644636337,0.0004974204875639806,0.000440845993017696,0.004020470351257464,0.0010679520321461358,0.8719335927750705,0.00791125796467517,0.042806853029558896,0.07108872536026381
27861529,0.0001803424212767527,6.116584663151434e-06,0.0029012313986714294,6.97557120241841e-05,6.359537513131216e-06,0.9287989811600349,0.019621561052999538,0.017372199091463616,0.031043453041353208
27861854,3.887830271209005e-05,5.191415740761444e-06,0.01382637669493215,0.00020485684687834068,0.000639371870799942,0.9506491510991395,0.0001806517501830623,0.03223573084540788,0.0022197911742061274
27862367,4.249066350612452e-05,0.00028601785103553985,0.000669680665317555,2.594032299278291e-06,0.0007704492666704121,0.9924356499782793,0.00012960048368685628,0.005483865301570861,0.0001796517576340733
27863325,0.000710219131744088,1.3545817132473498e-05,0.00010645927519958803,2.1214575305303432e-06,2.2313956477591663e-06,0.8474325322033405,5.9412978713038266e-05,0.14883781990712056,0.0028356578335714763
27863342,0.00012150794896706443,0.00029041861100254876,4.704948902985336e-06,5.1293757206596985e-06,2.292951066878244e-06,0.4717258639524612,7.516609182654994e-05,0.5271896889679984,0.0005852271520537431
27863364,1.3388005319618225e-05,9.323493673662588e-05,0.0012712553038711893,3.0112985321235004e-06,0.00012204398168519324,0.990286040299153,3.694298219115554e-05,0.006579640522600907,0.0015944426699100928
27863492,8.186097805114407e-05,8.742131741493135e-05,2.9737975010569638e-06,0.00025128147076926624,5.45910595781112e-06,0.9601605002693161,0.001959647205816299,0.03451982258369311,0.002931033271480318
27863524,9.499725158655062e-05,0.0025579199768542924,3.0747628889327466e-06,0.00018257368198550594,2.5860312105070846e-05,0.981599894263313,6.127616621981591e-05,0.012252072794833811,0.003222330790213021
27864385,0.0009169675096851407,0.07921079952733749,3.413979321108143e-05,0.00040727101182616544,0.0023977329287701438,0.4433025808889707,0.118921962062564,0.3274479705997295,0.02736057567790575
27866858,0.0005465943761119461,0.0003682135114341983,0.0011338621313548318,8.421671607915814e-06,1.9266725783939257e-05,0.9066968830047772,3.761820622240383e-05,0.08934060711976513,0.0018485332529423835
27867009,2.4237486082523e-05,0.0009748479605133466,2.299447975337554e-06,3.880723732903724e-06,8.23117727502141e-06,0.9054521608786963,0.0001058934321143088,0.06876613866327903,0.02466231023033121
27867295,5.704880675535985e-05,0.006613686470716934,0.00023489331295332446,0.0009117005870534639,0.014917372805588067,0.8584324064696535,0.0015467055904212943,0.1133219150833152,0.003964270873542907
27867320,7.364388331879123e-05,0.005574204003874605,0.00015589627633068258,0.001203515145223944,0.18768213043872756,0.6176754663096415,0.0006882412226532589,0.18365261731880542,0.0032942854014241093
27868671,8.784435513656076e-05,1.0007349305986328e-06,8.152117325258029e-06,7.3811794462702e-07,7.982006578866065e-07,0.9893440176599085,7.850967980548457e-05,0.007794656534081813,0.002684282600209168
27869124,0.45609182786939384,4.1190717889135435e-06,7.326462297442526e-06,1.3986442631901026e-06,4.642596032111018e-05,0.5324880500864525,2.4717333509264755e-05,0.0063587865329998595,0.004977348038973943
27871353,0.0001501719434549681,0.0009980193024028625,3.0467087110599778e-05,5.538792555856377e-05,0.00010460304505931163,0.7864323802330598,0.03287013341666828,0.1762338307609444,0.003125006285741138
27872065,9.676460364032297e-05,7.618149297395881e-05,2.002386669345566e-06,4.810001727659087e-05,1.3297337282407376e-05,0.9626984951422329,0.0032532854601600436,0.03162596162751834,0.0021859119322459497
27872090,3.5987878287422085e-05,0.0007366006102113119,0.00012197099262918813,3.989420715448913e-05,1.1017687557952843e-05,0.6036184909508642,0.017125329840632527,0.3736583710068286,0.004652336825834364
27872346,0.0003215279288342934,0.020234679061961698,6.601182437793411e-05,0.00018193877763819465,0.26954450657148804,0.03849570653088206,0.00013245100565126012,0.03356730559972494,0.6374558726994417
27872375,1.2268157475904694e-05,0.003555565237128011,5.98839710839304e-05,0.01545885238834135,0.006519425729126514,0.3404212287851819,0.4671033369845099,0.12909977521452837,0.037769663532624106
27873105,0.0006175632292542649,3.3082424318109585e-06,2.183577422772462e-06,5.404755345455998e-07,4.672027122461729e-06,0.9897590297956226,1.14839725985219e-05,0.002700826672951971,0.006900392007061017
27873254,2.083115064803855e-05,0.0007678625556975197,0.00040396418384276337,6.439534832794605e-05,0.00019409373497413968,0.8942878108701577,0.010196302728374495,0.08817609476014537,0.00588864466783186
27875292,0.00019948446214249904,9.326578291215682e-06,1.3688068250701631e-05,0.001696007449007551,0.0003309509670652201,0.28837250454502283,0.050046906304282004,0.657935273741585,0.001395857884352932
27875536,1.1224027520116438e-05,3.4033986130982933e-06,8.975775170372039e-06,6.496405107333464e-07,0.00011544835533929284,0.9880181502116014,0.00022145072389815132,0.01101271529056805,0.0006079825767787416
27875573,0.00016831727006073467,4.194391226766376e-05,7.596409731033929e-06,0.0002952398882571673,0.13329563179486933,0.5133937320328086,0.03372987466706022,0.3183947049720016,0.0006729590529437413
27875678,2.6138849522413278e-05,0.00014871615321117787,0.0002729714409981936,2.455941228929255e-05,0.04388783229288774,0.942873303149651,0.0007845894885885622,0.002434122746140439,0.009547766466711106
27876547,0.0003860803037122376,5.2618121270281094e-06,2.1701286271685045e-05,2.459386822031841e-06,1.2775100477327022e-05,0.9805031673761174,9.294575028138877e-05,0.005323675000147526,0.013651933984043501
27876652,0.0007321911443698856,9.789999977814907e-06,8.479667143478569e-05,1.9114980186566814e-06,2.0167436998168156e-05,0.7623175690533047,1.3274177661397516e-05,0.21179364988619453,0.025026650132039946
27877075,0.07371832395858856,1.9670529735307006e-06,1.2402095775773151e-06,7.938345067395211e-07,2.5227404789664923e-05,0.9183493576156977,5.9909572792429595e-05,0.002964684914401219,0.004878495436672542
27877878,0.08795565754084819,1.4276748325344862e-05,3.3682672997649653e-06,2.352521726807237e-06,4.755019126064783e-06,0.37876854306821606,0.0001673329875319062,0.5328571486974901,0.00022656514943571117
27878191,0.00012149709617836331,0.03545191181686788,8.642651891914544e-06,0.0005211710839186308,0.6583034646528271,0.029196506297897783,0.00023101302991913238,0.006320879167018334,0.2698449142034809
27878419,0.0013655937155416164,8.491622358082918e-06,4.458386407589809e-06,4.7936562375024285e-06,4.768704536498312e-06,0.06974971367719615,0.03007650833331781,0.888585861982636,0.01019980992176882
27879446,0.0006690732437268789,1.6951096056439344e-05,0.00017183343962338805,7.769343466416235e-07,7.482487179525057e-05,0.8873233776189622,0.0009396026409069204,0.013359902435289516,0.09744365771929273
27880308,0.06995058974339874,1.8018726249057813e-06,5.5790452611281205e-06,8.230764179351394e-06,1.3725965252315204e-06,0.07548822058654338,0.00011205682469466282,0.8543876074140732,4.454115269940087e-05
27880313,0.0009385909710187967,6.119975138736942e-07,5.3148605937298465e-05,1.3145233901265916e-06,6.372018463631502e-07,0.004100081595096191,0.003709808807013175,0.9910462055183142,0.00014960077986990718
27880477,0.0004439028145942738,9.387264873085397e-07,7.203734750710906e-06,3.090078021474814e-05,1.2284867024646478e-06,0.12160640374565009,0.00041071820439052677,0.8773990658407236,9.963766648628457e-05
27882180,0.00014097589746475385,4.7641684659019924e-07,9.641842768133443e-07,1.7387778777120835e-06,9.127814517460448e-07,0.9916628617838837,7.426915929402362e-06,0.005025363117162854,0.0031592801251061676
27882747,0.0002599442965454606,0.05655053127009524,0.03178299200942605,0.0007207062392218032,0.008682142342343208,0.4910600777570694,0.012177977706750737,0.3274695209490189,0.07129610742952917
27887188,3.186854436298288e-05,0.4849155749650566,0.022134226389392133,0.10181044960250814,0.020453841438060907,0.05182259116920953,0.005870983200983524,0.16526206482965483,0.1476983998607714
27890575,0.0008660471371252039,0.026986477752571618,0.00023127321061604467,2.794059714099826e-05,0.09328433072173914,0.7291102153705807,4.986839695283996e-05,0.0010706557991036999,0.14837319101416974
504327934,7.655363782532608e-05,0.0006543903253641065,0.0004041860446260594,3.5536662460806304e-05,0.00023284970264729498,0.9881073904920497,0.00011528603088788991,0.007559776604405622,0.002814030499733388
504328716,0.006681681422562489,0.007598972195548935,0.004034529036955865,1.0703139820444601e-05,0.004928729976240861,0.8240711945432709,2.1040367971269508e-05,0.1500044454803433,0.002648703837285843
504329271,0.0009245931310405368,2.695736433695534e-05,4.219808994723485e-06,1.3565104031975431e-06,3.199180961431514e-06,0.9578353650062288,0.0002609438531990624,0.03431366931318255,0.0066296958316527585
504329427,0.00016478942077709653,0.028862549534429394,0.001267644154670174,0.002258156746880238,0.0019519795404385177,0.8971905252143448,0.04066471622447482,0.024573038302234444,0.0030666008617504345
504329461,0.00011465930436609023,5.54757079182676e-07,1.0852104335472306e-06,5.415233851525464e-07,2.193672400623972e-06,0.9981122837826396,1.5509407624941732e-05,0.0016009207466205883,0.0001522515954505056
504329836,0.0034446993616537415,1.0067399705492606e-06,4.149604965749679e-06,2.0575877139184626e-06,2.488458618146165e-06,0.8950839902125975,3.7512808149356425e-05,0.1010854930219652,0.00033860220436574765
504330927,0.0002692890236248115,1.8202614886962588e-05,0.00017827651450842398,0.28221162322632415,0.00020135752875977833,0.3415490199228956,0.00014529859892819537,0.02685512531941403,0.34857180725065806
504333251,0.26100268691281353,4.228741055143421e-05,8.016875670169398e-06,1.0967243483525356e-06,2.9762699243065776e-06,0.7259123436635257,1.4379530471315416e-05,0.012675538403067727,0.00034067420962738247
504333643,0.0989175890505222,2.5552936981990543e-05,7.168466749393102e-05,7.3855742847076685e-06,6.535394541923809e-06,0.8312560013371215,1.7962959615569243e-05,0.06947563053845403,0.00022165754098427837
504334005,0.0009310393315210802,2.437864034434069e-05,1.8559361521996316e-05,1.8687601719949663e-05,0.00010635942982424318,0.9713132980663783,1.5001006459752781e-05,0.027145357752147298,0.0004273188100831077
504334043,0.06255460965970594,0.00023893521187669323,7.612492874206096e-06,6.9133909643999855e-06,4.463025218435827e-06,0.892033755585152,0.0003092045155779509,0.04419128123230684,0.0006532248863234892
504336051,0.007596514517048474,5.3543576847220864e-06,2.9627707046586137e-06,7.032822144435006e-06,2.2996692471885136e-05,0.9431310206131167,1.6612435561110036e-05,0.0488831208401747,0.00033438495109321413
504336563,2.9678455877149547e-05,0.0005012893337488015,4.517490157206762e-05,4.629418844123261e-05,0.009098242237018807,0.31823488504496245,0.0025459598485505393,0.5627580327939359,0.10674044319589296
504336564,7.731952691780513e-05,0.0007082562796690841,0.0002693496625001603,0.00044206906632411527,0.10801650061074619,0.33379085831649913,0.04819003685901946,0.35859649041786285,0.14990911926046124
504336738,1.6572907871204653e-05,1.3887576906388313e-05,0.00013672297107539103,1.2704411160138643e-05,0.02845361609308892,0.6116641451820792,0.001039028019282112,0.357093487497752,0.0015698353407846664
504336762,4.296418341629372e-06,8.317758789701077e-06,0.0003147479116822037,6.28234149288917e-05,0.7954965205827847,0.12766978465778653,0.053137901034684284,0.023211858295339872,9.374992566209136e-05
504336812,6.0293777773685106e-06,6.060179292989892e-06,0.00029984474589555605,0.00013690303803795908,0.9048812463538116,0.06627894727467608,0.009570555165028435,0.017772097628179512,0.0010483162373006172
504336868,4.1441926504650194e-05,0.00012887701988320268,0.00011620725200149604,1.0194973334572247e-05,0.4850015258284282,0.4416807045123897,0.00416216548921781,0.04553203319234524,0.023326849805895198
504336915,6.385493507571753e-06,1.0078142976119463e-05,2.446460590638404e-05,0.0001788111572534193,0.004855451306459467,0.01021738007347781,0.9202369366075664,0.05937350664489259,0.005096985967959961
504336920,5.8596998350764654e-05,1.8467337384837334e-05,1.1277291349954739e-05,0.0007331406805648145,0.06880286701735167,0.09425836106331406,0.6247674328527484,0.20831262744434675,0.00303722931458882
504337993,0.006886812341098947,1.4811997850576392e-06,9.759314612355556e-07,9.292075729160664e-07,1.3072293311947803e-06,0.9474377056780448,0.00020348459373438005,0.04407288053453431,0.0013944232844372594
504338000,0.0026871875605143356,2.4035742382126918e-06,1.7698767387677095e-06,4.252278594339654e-06,4.344965206386721e-06,0.7076161470785589,1.4997605101744463e-05,0.27972062951856697,0.009948267542480429
504338862,0.012643135109347456,4.475219258117664e-05,4.572549273866913e-05,7.2595803908470695e-06,1.1623238260635397e-05,0.8566601336923757,1.4599504605011145e-05,0.13022020807264353,0.00035256311705702696
504339844,0.34393422757107045,0.00211996688038835,0.001986788650156714,5.639931949639657e-06,3.4282339879515565e-05,0.611750797809963,5.0103452914166117e-05,0.03982836257438436,0.0002898307892938622
504340924,0.0035166270127928783,0.0001639363206550255,9.421071734899286e-05,0.0033391944129327208,0.026979046716154403,0.8341540873241138,0.03925211367753568,0.05775820265018479,0.03474258116828175
504341625,0.00038996332910485167,1.0804895259277522e-05,2.9236235118823278e-05,5.201820960349634e-06,0.000394548187020357,0.9961906813787473,0.0005926436779448944,0.001290344650644976,0.0010965758251989788
504342171,0.0009041373422969751,9.706959193828956e-05,0.005547826475593097,0.003937287276171428,0.003858148839797457,0.9310019177572277,0.0003834114955515369,0.017183836154765535,0.03708636506665795
504343999,0.19850961969765607,4.811913632317092e-05,0.00016513613565981902,2.6641713523165075e-06,8.181909951693455e-06,0.7762388873317436,2.1529369036504548e-05,0.02397907481167871,0.0010267874365980764
504345544,0.0003807097557388478,0.0003604808423347922,0.003286666708727651,1.6363427395095754e-05,0.022392974041475007,0.5687926225899228,4.5621086954347235e-05,0.0965402833786471,0.3081842781688042
504345636,6.878692512742947e-06,0.036701683202847175,0.00010311093880437547,2.2586531276771787e-06,0.8916320192378476,0.0421198667137132,0.0023392381196755893,0.01641496758175106,0.010679976859720547
504345932,4.818873310175746e-05,1.98892941643353e-05,0.00013056918301785912,2.830318905031679e-05,0.4025873724277143,0.5831411703675226,0.00027572945724346884,0.008221484392062205,0.005547292956123071
504346223,0.0001784790461124909,3.332448844447708e-05,2.3116910569529913e-05,0.003435576126376287,0.0009651867145487573,0.2505134218509899,9.430346098208316e-05,0.049736541628999445,0.6950200497729769
504346364,0.0025015997525618056,0.02055154865580109,0.012646879389365148,0.00013155284516928273,0.0075924180106414375,0.8701447003478038,0.00026405246414497134,0.08449616421660223,0.001671084317910243
504346647,0.0015857612224461075,0.05225108208013159,5.218020219110649e-05,3.9912814286387735e-05,0.09571147863972011,0.7319618668801604,0.0005693649992535139,0.10862604456822245,0.009202308593588409
504347099,1.2499295322769081e-05,0.0011344548471943327,0.0006979049953833989,2.1367622468860758e-05,0.2991309686960581,0.5996966180003898,0.0003913438244663057,0.0971402986165646,0.0017745441021518934
504347180,3.174551395576837e-05,0.00678284562957672,1.2717385825187995e-05,6.911495216665374e-05,0.4319922924070574,0.029342708020004982,0.3416655243599088,0.1428597333359432,0.04724331839556119
504347225,0.00012093166254286553,0.0018399482179004886,7.634901758264003e-05,0.003646599669103568,0.07626796169785796,0.7961531721260648,0.035242183897496004,0.03782512907543471,0.04882772463601702
504347329,4.07850938665731e-06,0.00016460461022515187,2.2064870487161117e-06,7.451256293853887e-07,0.8098453774017548,0.0027284066437506947,0.0009469705665274651,0.00045886172240323903,0.1858487489332737
504347783,3.7594915189288956e-05,0.018029610012332838,1.599451347332445e-05,2.5424430345752932e-05,0.07203159463427541,0.5950329789203057,0.00019557635457526863,0.003014355916538226,0.31161687030296414
504349952,0.0011940155691280375,2.1867387045525547e-06,0.00011071047765712002,0.017083495669080635,7.270960216683167e-06,0.944555862453166,0.0001269902726653474,0.01735992860819431,0.01955953925118742
504350366,0.0012007181716096975,0.00025919902426807263,4.553167954249174e-05,0.0003929344307731436,1.1397102053113479e-05,0.5679803034659028,0.027682890381225338,0.3936499203495509,0.008777105395074493
504351424,0.0012025821011389965,2.092413886911209e-05,1.8310828051710834e-05,1.687145494872326e-05,0.0005392297138431,0.820343819988101,4.635690957207391e-05,0.08198041956766705,0.09583148529780838
504351466,0.0006793479136458862,1.1013377050135788e-05,0.10710924926730123,0.008481029653200304,0.0111307922402471,0.25915780412629,1.3042860344660256e-05,0.027880322447372912,0.5855373981145477
504351469,0.00022060022169916792,2.7954066909574663e-05,0.08115999470133775,6.82900746333041e-05,0.00044958087440766134,0.8935169567171203,4.3937460574664944e-05,0.021240147694897637,0.003272538188420019
504351474,0.00036526152402782127,1.0558425111613888e-05,0.00014189737188688006,8.190666236347788e-05,8.64043980380465e-05,0.9404695794729514,0.0009934290736280309,0.047779952851872594,0.010071010220119995
504351507,0.0005623667688877585,3.279766873906834e-06,1.3914236122941068e-06,1.0564082037292161e-06,4.817702087021891e-06,0.8932231117800404,2.3818216082262084e-05,0.10605303724747914,0.00012712068673343397
504351699,0.0364311388243293,0.01025365902270003,8.976904259622903e-05,6.367076995867958e-05,0.0006523902993713094,0.7881465128620325,8.067821233626529e-05,0.16384774117342,0.000434439793255644
504351768,0.0016807081240728266,0.0008902724399387854,1.1905697982643925e-05,8.024366055036912e-06,0.00019406158638122557,0.7854282375130465,1.5181269983625663e-05,0.21129050071886968,0.00048110828366957476
504352727,0.0004057302725147617,0.003933751809625131,0.0007918675480890955,0.00993270003089874,0.012270689470361773,0.2968641640205882,0.00033048853366945757,0.0491858840882277,0.6262847242260252
504353018,4.5426587861037276e-05,1.6612857684152727e-05,1.2177309342921786e-05,3.7224800188028354e-05,2.346910011719752e-05,0.3716940025071315,0.32127978204396795,0.30614423962362314,0.0007470651700839855
504353426,0.0012218738643951896,6.566989549720994e-06,0.0004908634907603785,4.005560628945271e-05,8.139199431038044e-06,0.8573667160695153,0.05003837978265482,0.030510026737322928,0.06031737826008106
504354365,0.0024180662263387585,5.093179530188448e-06,0.002554161461779181,3.716629335189111e-05,0.00258855108432877,0.979810446608966,1.1105137028617212e-05,0.007532270719622355,0.0050431392890541915
504355126,3.4738454430932546e-05,3.2087623289078315e-06,2.3657783735314657e-05,0.000850699152607082,7.556275199166324e-06,0.9713158903712733,0.0007275861921429912,0.02105848356776069,0.005978179440521541
504357330,0.6827564379077631,0.0004066921612354688,1.1575601612028136e-05,1.2552553413386691e-06,7.182154497004166e-06,0.24655175854722255,2.1815028845195598e-05,0.07016608262381356,7.720071966973428e-05
504357667,0.01388945991315837,0.00014000111997802256,1.1151357791335129e-05,1.0698615075481322e-05,0.0003006163116536539,0.8607435460695992,1.8976117053746818e-05,0.12219273074573982,0.002692819749950401
504357830,0.0014743736004145197,0.010147620313425433,0.0034903338880961656,0.00022637390309426876,0.5235480873679345,0.43701221657113776,0.00017391501437994148,0.021668955279002457,0.002258124062515
504360233,0.0013711452199593175,5.103515981287391e-05,0.0006627520853473181,0.0001820152743692499,0.0005293874756082466,0.9434739100549555,0.009738450019460833,0.027446597658064197,0.016544707052422374
504362035,4.506381115547112e-05,3.0061777731030445e-05,8.873674901111749e-05,0.0009113817190992447,6.0904303521035845e-05,0.445950340661226,6.492256412875243e-05,0.06583888546639709,0.48700970294773027
504365115,4.832044754925266e-06,0.7840166132205751,5.368200096980868e-05,0.0007536223462434904,0.20022672929244528,0.0022768471105236252,0.00032648166045692704,0.0014152973437274352,0.010925894980303334
504366525,0.04130002218073641,2.6123002117394273e-05,0.0006491019780643773,6.195383081073204e-05,0.0016849464709391727,0.7359285027267689,0.002246526630358544,0.1303242678034679,0.08777855537673655
504368253,0.036974301056049694,0.00022031129099099635,0.00012489778506626656,0.0011525727466406073,4.195932465270577e-05,0.9237611255811669,0.00010303476922636685,0.0286674798447351,0.00895431760147147
504368381,0.0010754390771738362,3.838048987500479e-06,2.4615585313690494e-05,7.596153085600785e-05,5.0653737380611253e-05,0.7937714699924687,1.6658881458215723e-05,0.19964609937709452,0.0053352637692670336
504371163,0.0009261187084547734,4.553869478359588e-06,1.980869235783293e-06,3.4136141359184127e-07,8.404428911760439e-07,0.9860428243455189,0.00012053667959960295,0.012859908604853943,4.289511855387437e-05
504376962,0.0014832511723613037,1.3230072123358757e-05,1.2751524396506471e-06,2.8538419173407482e-06,1.1331813633043053e-06,0.9838623156146038,5.945504454323503e-05,0.014329284748214734,0.00024720117243318444
504380857,0.31619923567216834,0.00023031535683844983,1.1997147683444759e-05,0.00038914459665063494,0.00043047759504798806,0.47512188281876694,8.286970772711294e-05,0.20570945321812978,0.0018246238869874883
504381584,0.7237768409452834,0.002185263506995811,3.3596187047419316e-05,8.095831710219587e-06,3.3993115947405145e-06,0.19462029320386562,8.342593712634154e-05,0.06808310766794598,0.011205977408430552
504381589,0.0004819505050460625,2.3314771564323792e-07,7.418026395333904e-07,1.873712348019636e-07,6.212019307359519e-07,0.9976874118164369,8.22234574387005e-06,0.001665979398794929,0.0001546524104575381
504381831,0.001923132227214375,1.4807721469637636e-05,9.002009926013387e-06,1.2896548928969069e-05,0.0001497605356068962,0.639600104365929,5.614852568685117e-05,0.0607364056680282,0.29749774239721016
504382069,0.0001864796346096335,7.056903712541484e-05,9.420289783685261e-05,0.0003495506996439719,0.008382088355624855,0.6064941125960475,7.584358573298865e-05,0.08578325488403561,0.2985638983093432
504384590,0.00035031358804335294,6.979878901419188e-07,1.378009329872674e-05,4.823995925721524e-07,1.612167542849822e-06,0.9554965618979938,0.002082211656803236,0.04199853485203499,5.58053568003662e-05
504385383,0.008002673875330855,3.8647281987425926e-06,4.211424667377149e-07,6.057046191532585e-07,2.5541346249600247e-06,0.9832054682734063,7.718353044461564e-06,0.008734759796868873,4.19339914400271e-05
504387218,0.017664490899776404,6.155787281094771e-07,9.69787839050905e-07,4.867037501234639e-07,9.762900712257107e-07,0.9722553923612504,4.222315981558883e-05,0.0050628236990335725,0.004972021519735507
504387287,7.752855788254429e-05,5.811569537390492e-07,1.1536535953302732e-06,5.016858908723664e-07,7.112511590323887e-07,0.986462052458178,6.9189657298190426e-06,0.00979011478446156,0.003660437486149329
504388681,0.008676987481781012,5.292300583634399e-06,0.00023855816243824728,4.617804985954029e-06,4.028656820561655e-05,0.726785928166892,1.659110295845487e-05,0.26383748487368086,0.0003942535384742534
504388798,0.0023015743045204256,2.674162423755027e-06,9.527539106343235e-06,4.472477841649017e-06,9.236083507436136e-06,0.7629707081775067,0.0013571934412026157,0.2320138269343465,0.0013307868795445627
504389816,0.0031185109935691433,4.606671754239333e-06,0.001768178324288077,0.00043818760247518854,5.7977561290417035e-05,0.7888905169987378,0.0008076956156836884,0.19009913352571578,0.014815192706485559
504390492,0.008573788521136749,6.303433880503178e-07,9.01434506269121e-06,6.440495985959211e-07,1.67437648003432e-05,0.9745702165878253,0.00021070199962556422,0.01442666370544785,0.0021915966831147
504390493,0.0006223122247706861,8.979612712337945e-07,2.697475895139998e-06,1.6712435594820866e-06,1.8116929188292248e-05,0.9095474364936649,1.5029365179688705e-05,0.08951025630684246,0.00028158199962807393
504390545,0.00029792029475625393,6.120502018317427e-06,4.500860332066964e-05,0.0011727671293415933,4.590055180702864e-06,0.5986220055987808,0.00020307297707215923,0.3945174331669118,0.005131081672617806
504391576,0.039231364032272106,0.006084669408567988,3.2965612757990127e-06,1.4633096224683863e-05,4.2894108216210826e-05,0.948684629850777,2.614157471773011e-05,0.005308330437227145,0.0006040409307215335
504392332,0.01622619863769592,0.0005132020924210809,7.139694217417125e-06,2.8547595319453006e-06,0.00012672713802157256,0.9648178106394779,1.9271578716780476e-05,0.01822803061062799,5.8764849289418016e-05
504395066,6.76984378754323e-06,0.1545402166778726,3.8446006320065e-06,0.0006476666374262852,0.7913103850046099,0.013259526340492215,1.021014225991595e-05,0.0006520282130839596,0.03956935253983561
504395322,0.001978157579904626,0.0017685236751550225,0.00025897035667234413,0.009047708063281068,0.01832458448133358,0.7383210163725273,0.13319148622012053,0.05587459032789689,0.04123496292310873
504395895,0.006601604921211482,1.1467583010047663e-06,3.7112686552886245e-05,1.4186780372661462e-05,1.4805139488785073e-05,0.9578821841322431,2.1377707132950064e-05,0.035126500290606946,0.0003010815840901154
504397336,0.0003766001986157898,0.00013899737050117577,0.002154414469718173,0.05483934191115615,3.173895926485299e-05,0.8896582411206726,0.0081906314578767,0.030060054520564206,0.014549979991630357
504397863,0.0010031164366416326,1.2347312883321165e-06,4.3021164655830535e-05,1.6245341288716043e-06,6.502914214480229e-07,0.9936402058763383,2.3449866716082434e-06,0.0052650569045805725,4.274507427351407e-05
504400079,7.855719716705312e-05,0.004953891497642156,0.000320879716864822,5.205972668373605e-06,0.0003124984949602136,0.9872107827146623,0.0002386329521071358,0.0014044406048269707,0.005475110849101015
504401003,0.0017724095969532082,5.641623812226866e-05,0.0005448012365560559,1.2584703162769287e-05,0.0010559786274912223,0.5169353748245106,9.680693998977271e-06,0.47873758682008843,0.0008751672591164212
504401036,0.148146838726038,0.000369016113776835,7.582748780954647e-06,1.3863439117112105e-05,3.0575579846621894e-05,0.7687739850994546,2.322535079168365e-05,0.08175662151002937,0.0008782914321647844
504401676,0.00031922914801140953,1.800346751613425e-05,4.520134294044418e-06,7.503818865550491e-06,0.0075120297153006025,0.9766977511215049,8.336645137345786e-06,0.014113459128253658,0.0013191668211163122
504402555,0.024220876757508215,0.00014378336923206704,1.0661063443372777e-05,1.8181454722939405e-06,7.10807438971106e-05,0.9264399680936497,1.9004063514694395e-05,0.049038017834216165,5.478992906633697e-05
504408291,0.012999267495497985,0.0003165324078650057,1.7997928341483727e-05,1.928376848951041e-05,0.0005811142861452213,0.9628937227937401,2.0587504116696905e-05,0.023003110250283235,0.00014838356552089086
504408409,0.00037106599934998613,0.00025596000795700404,1.272093565846716e-05,1.8142210102385597e-06,0.0005516512647090355,0.9869090844817643,0.00011895002095561916,0.010220209448307012,0.0015585436202883677
504408471,0.00025427986428814056,2.3615749552021372e-05,4.095641660145251e-06,1.3324361325781933e-06,0.00012694250586669712,0.9617712648479154,6.887315213283388e-05,0.002150972685789727,0.0355986231166625
504408632,0.04817869742753412,4.337374834475456e-05,1.099659193612634e-05,1.1977535876271507e-05,7.18067766834438e-06,0.9498170648239981,3.0275216083614642e-05,0.0018765263643757877,2.390761418283006e-05
504408669,0.006898664542176867,6.71491743766764e-05,2.1759785128804282e-05,2.8949640650101827e-07,8.78438648685966e-07,0.9926046236760676,7.208130493544647e-06,0.0003249401876103831,7.448656909085935e-05
504408824,0.002856114875995813,0.00048143029068364326,6.0699075368481116e-06,2.1660715217077217e-06,1.2159129969433829e-05,0.9859716132651215,4.584493888144516e-05,0.01059892774533681,2.567377495298571e-05
504408952,3.544596912607755e-05,0.0017984473686048195,0.00012359897421100678,0.002756702483206701,0.008233023740099047,0.9047850322107266,4.744214425788423e-06,0.008350850797584155,0.07391215424201585
504409199,0.0009509021440469338,0.00023829173004932236,2.8493611839898464e-05,0.23003740047836313,1.8677364281558922e-05,0.5917634769751908,0.001407971992792182,0.1027132918661465,0.07284149383728972
504412460,0.00018019891957573987,4.264925962031255e-06,1.0430232620167928e-06,3.184845678533091e-05,3.4099545146339537e-06,0.21146793500675756,0.7716865994996173,0.01618989434323292,0.00043480587029239004
504413297,0.004235492290755417,6.5606128775248025e-06,0.00020532231075270235,5.283881848297399e-06,0.00010031734212683958,0.6805586102307826,1.5095056691087589e-05,0.3120120737826888,0.002861244491476707
504413469,0.005409424118494478,2.095249510318502e-06,1.7107849674920046e-06,1.2323397997725848e-06,3.2272950376640883e-06,0.9147322422609181,3.5362760506578805e-05,0.0796718539976665,0.00014285119309920014
504413580,0.00010254663748307433,0.0020970262946677144,1.3950078398948819e-05,8.478618858067833e-07,4.9448907336836745e-05,0.9459273456924846,8.951992720363591e-05,0.000607538122452521,0.05111177647808679
504414977,0.0001748862607723502,2.0071932435491304e-06,1.4988096800481096e-05,4.6857983399929755e-05,9.668317948507759e-06,0.9317316665083204,0.026034567963063478,0.041582191768153184,0.0004031659082980997
504416303,0.30632792104663376,1.924780205537307e-06,2.1945694854570516e-05,1.64138780919256e-06,1.7429232672191216e-06,0.48217825690880467,2.944255592277018e-05,0.2112399150520346,0.000197209650467651
504416469,2.8718577727076958e-05,0.00013405200278422067,3.0697263895190884e-05,0.0001858618412878416,3.6302527435870836e-06,0.7511572276948505,0.00019416907503867965,0.23614442636781724,0.012121216923855645
504420292,9.21123077153426e-05,1.5637939689269444e-05,9.400905644336999e-07,3.0094154059339763e-07,3.6066079161287594e-07,0.9993380284013409,1.6452307091889195e-06,0.0005360826756703816,1.4891751978161841e-05
504421020,3.1252310631177015e-05,9.249707661699275e-06,3.847775351442835e-06,2.0594748647467885e-07,4.202023806518284e-07,0.999500925265591,7.551991721073374e-07,0.0003642253087333205,8.911828299212703e-05
504423211,0.0018277328440973475,0.00020768214036061256,0.0019761469606528704,0.0036097368020582624,1.5789206230137403e-05,0.09296759198534779,0.003855176465292422,0.6203519321911224,0.27518821140483823
504423619,0.44914279427786113,2.7849767388447186e-06,9.597407553961675e-06,1.703496451035001e-06,2.497635943897154e-06,0.36106249582917754,3.5272161537476934e-05,0.18941531289282398,0.00032754132191213295
504423775,0.0027395636239093794,2.3262309270507025e-06,7.675740802844558e-07,1.0707442983891953e-06,2.539060176031048e-06,0.8710072538549541,3.8331893920607936e-05,0.12364207407000147,0.0025660729477326462
504424204,0.046869569723381695,1.5766631747515572e-06,1.4528716796178283e-06,5.607937085606361e-07,1.1751371556307433e-06,0.5244935200637776,1.1721930667754284e-05,0.4280538740587998,0.0005665487576546035
504424299,0.0025743720271289234,2.7702389549110807e-06,3.4015202953709366e-05,9.206771024704386e-07,1.4219342244266714e-06,0.373475084218373,0.0017257195903721424,0.613890844909138,0.00829485120175247
504426029,2.7923608027859713e-05,1.069061780863561e-06,1.8033157615451814e-06,1.7351031526348054e-05,1.3848304709616334e-05,0.7547336204586118,7.903006379074732e-05,0.24487518460134156,0.00025016955444972556
504426195,0.00010010683575851448,0.034733096546502966,9.289293214237939e-05,0.11469627220809815,0.014899537010000241,0.5432934080476027,0.2530885196491191,0.016471812672532983,0.022624354098243003
504426301,0.00015095227226225765,0.3410793774628064,0.0004307263364983141,0.06399199746512171,0.08329996897745247,0.3441473865627171,0.06939226677304788,0.048959473019239946,0.04854785113085386
504427057,6.730788561529202e-05,0.09494924491891235,0.0006046451043234434,0.002175496334953949,0.10426304165137394,0.10528659483583343,0.2467139777688105,0.30893108427322497,0.13700860722695218
504427389,5.5884364565256465e-06,0.004460761416120234,9.453821614526664e-05,2.250461497229837e-05,0.2316690345557733,0.0007384909587058663,0.7606773471671701,0.0018488508883523064,0.00048288374630414005
504427939,5.7309843278429615e-06,0.015544414702393506,0.0019854348549124233,0.00037568489325941857,0.32254262611340234,0.017094169421150072,0.6127468263690903,0.01066039820433396,0.01904471445713021
504428006,1.5055619310446261e-05,0.10824407564396994,0.0010826548836426603,0.009147005109062113,0.013165926619217302,0.010717584833284282,0.8442852317180236,0.007673566233903338,0.005668899339586523
504428022,6.777503331098058e-06,0.007341988237745624,0.00032100096530398496,0.0002574211327386144,0.06866788138301759,0.0034836716306102813,0.9122487115781857,0.0038535172119580964,0.0038190303571091406
504428239,1.5681912269218617e-05,0.7969968275905922,6.318213070287407e-05,0.0028076969348382517,0.12410006977205656,0.0013047229138410637,0.013644660466831129,0.0014101131645948201,0.05965704511427365
504428249,6.985968971423152e-05,0.5557462141273153,0.008726504962102968,0.02417415815036591,0.1722645852772519,0.026763420278251293,0.04948869100091902,0.013057079884668057,0.1497094866294114
504428395,8.538353082821941e-05,0.04617963243828112,0.00044109620471533743,0.516056037470068,0.02369997804847715,0.057865856645735,0.3066898881651672,0.029981125364602308,0.019001002132125674
504428424,1.686972418089499e-05,0.005644702435299987,1.5833899210596536e-05,8.802982284285698e-05,0.5148408325393462,0.011624476772776315,0.28733680750202967,0.040869619714034355,0.13956282759027913
504428819,0.02545151646383063,0.0006093264568355986,0.0003932549156821788,2.2112815750991754e-05,0.0023179845119131568,0.5523036420135542,2.5469048262740988e-05,0.41521387399586007,0.003662819778310604
504429299,0.00013772971621963957,0.23530249521398897,0.0001822204462863834,0.00011426685019789865,0.007465307108462729,0.5375938686325619,0.003772387886427106,0.06877875449804537,0.14665296964780997
504429339,5.825747759141359e-05,0.2904703288798466,0.00014585140688799526,0.00013353281006245812,0.008754484392499666,0.42070419711522666,0.003699537607272641,0.13513235442793267,0.14090145588268
504429343,7.86362734957817e-05,0.314689898223951,0.0003430951791913112,7.298891297463799e-05,0.2293495617985995,0.17741188015464784,0.0033392262378175324,0.006649053137736819,0.2680656600815856
504430437,0.00044950958870119934,6.231991575746894e-07,1.5232952398567555e-05,6.716780249887428e-07,1.4411594081899084e-06,0.9261170710420012,0.00010561096808096758,0.07326986526357687,3.997414865031675e-05
504431398,0.0008997106210911189,0.00022161945360144958,0.0002453561875990773,0.00020628745355848535,0.03660090027398978,0.4452259224599624,0.00029802447298614724,0.018188929589758915,0.49811324948745267
504431611,4.4377659593556286e-05,2.0493392477032985e-05,2.394240515928788e-05,1.2537308734324597e-05,0.00020892087932999573,0.9937817558731439,0.002038242299347505,0.0006506967944803586,0.003219033387734129
504433659,0.0012127165074111536,4.958151162460461e-05,0.002688159324355474,0.005761984024330454,0.03669387181824176,0.8382291078327203,3.1297330956428626e-05,0.10624933028354086,0.009083951366818981
533174543,3.529368440447429e-05,4.2271487839962354e-06,2.41068171234371e-05,1.7770330994862365e-05,0.2755282573673895,0.3648944394247267,0.0007738905956693328,0.35791241598257584,0.0008095986483318681
533174547,4.891972828928607e-05,0.0028845816405761245,1.2058477226723978e-05,0.8040410184174014,0.0036052115688526634,0.11490955814385254,0.01247500041478967,0.04963515029555978,0.012388501313451861
533175655,0.0003991785742165313,7.465359681573216e-06,8.836216139278976e-05,5.876958868880585e-05,1.962165768410187e-05,0.39758603747359966,0.004226981956243056,0.5916928269175297,0.0059207563109638555
533175850,0.00022387110617526148,0.005556725443861885,0.006309272643155585,0.0018815992683614668,0.1771590908735256,0.7307654783451285,0.0003856818208966467,0.005004674061244427,0.07271360643765058
533177196,0.0006007091236193283,3.296096728317291e-05,2.1139329136420764e-05,2.866530786624072e-05,0.004308769716870999,0.5998064634263136,4.742422773387116e-05,0.3903754477532178,0.004778420147958527
533177275,0.001090477082071706,0.00018901635698679757,1.5975590270111268e-05,2.4968328098620306e-05,0.001590121260880959,0.5467658169653353,1.3894535465465834e-05,0.445979759559029,0.004329970321862034
533177327,0.0001635758064324773,0.0015778598912455013,0.018682464273715147,4.5502029147397236e-05,0.022630412424765236,0.8598063875947084,6.850965996166548e-05,0.09639973590392423,0.0006255524160999768
533178326,3.1368822895824875e-05,0.888745653791065,0.0009166649514698019,7.458977122478854e-06,0.09133606875858176,0.010061778031677253,0.00021964820751396025,0.0006501315656328561,0.008031226894041224
533178451,4.92966129914667e-06,0.9362513662030445,1.240797680572928e-05,1.8345639369707455e-07,0.058951908822672795,0.0005851983176274838,4.204930730238449e-06,0.003420487131450118,0.0007693134999763596
533178511,1.770740608928121e-05,0.07370780524179209,2.8983958499768396e-06,2.1799951433164227e-05,0.725070664028897,0.0021866895234448863,0.00048467803302941264,0.006489116153334157,0.19201864126612994
533178855,0.00012100067552931115,0.00019654523387253991,7.451494052011928e-07,8.01680096755914e-06,0.9837109909990343,0.002696378034235639,4.248515074781158e-05,0.0033908699919249336,0.009832967964282803
533179869,0.0018718271797746502,0.00033794256393844763,7.40903142502394e-05,1.8187459368416177e-06,9.275330145020856e-05,0.9946290880392155,3.3655693489615507e-06,0.0024018458736429363,0.0005872684124421783
533180924,5.771304794061469e-05,0.9781303801317222,1.2586191959178397e-05,1.900104116395441e-06,0.0050375035436466846,0.015376412611115265,6.329837958603405e-06,0.00038113968827588714,0.0009960348432653135
533180990,5.5290828326020744e-05,0.08121022116209553,4.725377970434124e-05,0.000717132946703744,0.6496386859282834,0.24709920634052165,0.0003520661625331462,0.011328419536641245,0.009551723315190896
533182136,0.0006273879229154132,3.90745524800546e-06,6.217978869476965e-06,6.511453033116623e-07,1.229298091026082e-06,0.9905719683842935,0.00013742548920116796,0.008044469220782512,0.00060674310529537
533182633,0.00019764825484382739,0.03943930857780022,5.998499149997482e-05,0.2022936496239768,0.08934352185055454,0.5005653240194763,0.011260674384475654,0.013543276792505773,0.14329661150486683
533184860,0.0005441916448273275,5.324682757650871e-06,1.3612387703693825e-05,4.2287321559965416e-07,1.926806621157075e-06,0.9946828202761797,4.926656261321353e-05,0.0020501008975690755,0.002652333868512587
533184862,4.447418934402544e-05,1.3615951211469488e-06,2.706787579689762e-06,1.2332660982561523e-06,1.7615767541569899e-06,0.7135797825147365,0.008846502504193667,0.2773215693178769,0.00020060824829563583
533185108,0.0004695893030127354,9.737833296544692e-07,1.976284155976344e-06,1.7575848665091857e-06,3.322792879175026e-06,0.9541342730460469,1.3073475041343833e-05,0.028839937032447676,0.016535096698219964
533185721,0.002601569257511767,1.77585097657837e-06,1.023835200362561e-06,6.994850105383777e-07,2.25542431619389e-06,0.9823107273392928,1.3030819266222692e-05,0.014621068483885271,0.00044784950454034787
533185873,0.09770470763923891,4.1523928274218244e-05,0.0008478624411097877,6.864619316655795e-07,2.6699402723773418e-06,0.9008215054784955,6.65325697043752e-06,0.00047740949129763114,9.698136240935978e-05
533186174,0.00017060197295058397,3.728355741687917e-07,0.00022856126193582482,2.669157084336933e-07,2.053695283266305e-06,0.9985596563762472,2.4677761663410507e-06,0.0007436049410298442,0.00029241422510425485
533189525,0.00015134382702136485,0.02542272302338531,0.0003018395225527457,0.1452369744488823,0.21671532960338133,0.5307203058416896,0.016707628449489597,0.01890463224392635,0.04583922303967149
533189863,0.00010640376988296999,0.00021614492065035956,0.0005425948158729015,0.1804738917785425,0.004635398123264014,0.7503350275834955,0.0008715022461691605,0.057820590163740346,0.0049984465983824
533191217,0.00166356359997847,2.9552040983286957e-06,2.474588441090603e-05,7.248956633891411e-06,1.7324285821224732e-06,0.8213026605846133,0.0024257705012015944,0.17439753417985876,0.0001737886606225671
533191451,0.0025381799507173315,1.9735416898906363e-06,1.3729080146227467e-06,1.7633141058644185e-06,5.382746599863752e-06,0.7346339798016823,0.001982547216771411,0.25887545749547247,0.0019593430249461364
533193707,0.0010478732879411513,0.003626547808666993,0.0001944757224866571,8.764687905069246e-06,0.0006917124589817974,0.9435947271007663,5.212248162551768e-05,0.05016731280400945,0.0006164636476169944
533194041,0.007399217304302421,5.9104095573844705e-05,4.016714841464826e-06,6.960961121403476e-06,8.834672856362479e-06,0.8007409724982566,0.0005223894628509236,0.18609604348910222,0.005162460801094762
533194885,0.00017956021828115836,0.0002778673266893187,3.029624561019888e-06,7.273884716559669e-07,7.589987557275485e-06,0.9951343368529054,4.751486148366302e-06,0.004234713296877067,0.00015742381850882055
533195438,7.446174833981307e-06,1.976095756270321e-06,2.4423920406519892e-06,6.926452979921267e-05,3.615288594624856e-05,0.03390223991607272,0.000330614700734393,0.965022552285188,0.0006273110196285236
533195444,1.4281819342734225e-05,2.3118315663744994e-07,2.544795036414756e-07,4.929466226467372e-07,6.873376590598901e-07,0.04603392226040814,2.1945494419447983e-05,0.953761232095793,0.0001669523830946636
533195449,0.0006317737581578207,3.195311858401399e-06,2.5135844181810558e-05,0.00016880507829396407,1.066587069818212e-05,0.7234910670494837,0.001433135124291389,0.26142700201384816,0.012809219949186618
533195473,7.101735144739686e-05,1.2483357842589579e-06,1.1637612262434364e-06,4.327312464480392e-06,2.1549636718162015e-06,0.7307593787546365,0.0029432988787757796,0.265909994728091,0.00030741591390260725
533195485,1.241424181058335e-05,3.1517859059165115e-07,2.4848410261401296e-06,6.693100700386106e-07,5.176587798356205e-06,0.05848643255734731,0.00010708071028310125,0.9408208310557103,0.000564595517363374
533198040,0.0006001190700404798,6.765351922054102e-07,3.855007626101387e-06,2.7605450855797653e-07,4.5015922140982687e-07,0.9982072304637905,1.5518710882701496e-05,0.0011086577880484844,6.321621068944267e-05
533200264,3.0486564749641054e-05,0.00015430361552847818,0.0008283601185176961,0.2609789973727076,0.013527411756550808,0.47458301806938963,0.0027597322296863003,0.24168615022642487,0.00545154004644502
533201480,0.0001493213239527002,0.012672837021317154,0.00023169121308070463,0.1315009926524669,0.020106013543080364,0.18602529783840963,0.02113022171653311,0.2636518901554688,0.3645317345356907
533201498,0.00015441016129616938,0.2479480156624289,2.8917914571229555e-05,0.0026906930467123303,0.49903943850643184,0.13628884652264478,0.00045701828789740243,0.021841802138967043,0.09155085775905034
533201854,2.3790058257006042e-05,0.0012066471778658242,2.1585344230510627e-06,0.8164885641322804,0.004009919358034285,0.07938440132705518,0.0004947633928798686,0.015113171997193389,0.0832765840220109
533201920,3.427562765245823e-05,1.4632763697882536e-05,4.5090180843931854e-05,0.5485699869166034,2.1630082903066114e-05,0.18288052919635556,0.002089054419945942,0.2658455928176226,0.000499207994375007
533202120,0.00025528796924794344,4.410428716843943e-06,0.00012403240208055916,0.00012705529621399067,1.7075172175996003e-05,0.89374514886795,0.0022714281661458586,0.1013429561623154,0.0021126055351534103
533202555,0.0003205827807632664,8.528696288331897e-06,3.058497435943799e-05,1.1534890504503145e-05,5.481933376046034e-06,0.962934238777204,0.0023701491713393496,0.03293239018482504,0.0013865085913401462
533203002,0.0005735021013273473,6.499504384488246e-05,0.0012622395400128297,0.19493359602915594,0.01239338890470886,0.5332659241505996,0.015368372004906813,0.23552203589521808,0.006615946330225604
533203019,6.065873416949344e-05,8.92826114551054e-06,4.891499626138273e-05,0.7604597499515314,0.024425792329375477,0.19049329318578714,0.005675368681385363,0.018483070552080132,0.00034422330826417997
533203438,6.770793975687641e-05,5.556394571832341e-05,0.006483591200996791,0.374109933198058,0.008182375421201569,0.5841093768279857,0.003935119576721711,0.01642492334293235,0.006631408546628796
533205437,3.7731537363857345e-05,2.1648725187121805e-06,3.296182620719556e-06,1.5446475520134178e-06,9.628268714901194e-06,0.8359665179727495,0.1373658909950867,0.024778358752313826,0.001834866771079796
533205770,5.171409314448023e-05,3.923559947550846e-06,1.2811999279180592e-06,0.17419228077953022,8.250011689767295e-06,0.7589912820639023,0.05542888448392813,0.008492024762133529,0.002830359045796035
533207497,3.777370649042126e-05,1.364416045302114e-05,2.5824124773310426e-05,1.656258310620394e-06,6.687593285404764e-06,0.35005857090769454,0.47218310610219516,0.1772745873443073,0.00039814980249027246
533209071,4.2859854589822706e-05,1.4203544885940478e-06,4.215682242420006e-06,1.24818996927973e-05,1.1608969941605425e-05,0.7742542958443739,0.19416725627586492,0.03101109298775847,0.0004947681310474528
533213890,0.00018794654966460287,4.364689098262173e-05,2.6250600133447878e-05,2.5882416735852023e-06,0.009428217212514675,0.9809757228499691,0.0010245382787064405,0.0009500823905501825,0.007361006985805237
533216743,0.0004474122537973625,1.5180158661309033e-06,4.9335699263211985e-05,2.2929977483429503e-06,6.560935532273844e-06,0.8535647200570814,0.0006811850582748284,0.14274149518640789,0.002505479796028564
533216785,5.499955643728621e-05,3.087253159765313e-06,5.566557095490431e-07,6.2929541607367995e-06,2.025961903285137e-06,0.9405575097980844,0.00010020471252279189,0.058551382844268654,0.0007239402637536097
533218853,0.0006165803207942971,2.102657774279096e-05,9.388934078756853e-06,9.62002202747182e-06,0.16993748224140498,0.3407763798996497,8.567622387358254e-05,0.0033961493119849737,0.48514769646844347
533219145,7.255654583636581e-05,0.0037607676380056396,0.00010304644944225791,0.010213308788973193,0.16622826655885461,0.7489192196066101,0.01604137593489766,0.04033984091375258,0.014321617563627561
533219629,0.17622829326432732,0.00011169469593321604,2.9267576768114598e-05,2.1492390791493278e-06,0.00013215055753415663,0.8204291601492416,1.5814353242055996e-05,0.00036181225756598903,0.0026896579063083576
533221725,0.4412716504339003,0.000486247688433938,1.7892906053902652e-05,4.288197828942154e-06,1.6691847741890033e-05,0.01622540835119521,0.00018768312684510775,0.5414053250947,0.00038481235330070976
533222260,0.0001274092760123757,3.561479309335337e-05,3.6847929178669323e-07,2.1462705472529757e-07,6.423390301363716e-07,0.999546256412535,8.001704378367789e-07,0.00025597682032263576,3.2717082222029754e-05
533222765,0.00019253527045010795,0.20602407938959783,2.2888264495091155e-05,0.00030951680658895364,0.04490594900217819,0.29302203920364495,4.161013648005302e-05,0.014608378377596884,0.4408730035489678
533223218,0.00012341962985944693,0.49465929904997763,2.0118435879427688e-05,0.001253283329810874,0.3411922693926203,0.14768989049395378,0.0007912773332211704,0.0004712524399839141,0.013799189894693429
533223882,2.1822420685067225e-05,0.3399497734325315,3.321550417614793e-05,0.0002139584122971337,0.0034370857994046656,0.4916738985213974,5.0472398795116986e-05,0.006251834873416151,0.15836793863729676
533226274,0.0008410115227885705,2.2255626354883388e-05,0.0007302719038409825,0.009507638487060448,0.014896711033330016,0.38067539775459813,9.530721988684513e-05,0.012715456164455335,0.5805159502876848
533228737,0.8650228246803969,4.296128675193028e-06,3.32605124767294e-06,1.6421506106888723e-06,6.821399579206761e-07,0.06553574499681793,1.6533143705205958e-05,0.06822104199941796,0.001193908709170515
533229360,0.013044048518478294,0.006991109775353289,1.7408581120673527e-05,0.005082947902042103,0.06028234340491101,0.46440466502924,0.002236156675849519,0.15124343666272608,0.2966978834502791
533229362,0.003959058320954825,0.0039033420978040988,1.3526937417302271e-05,0.0005088348133316112,0.37071690584054445,0.19658301883526513,0.0015472280682376177,0.20732903706144637,0.21543904802499858
533229379,0.0015132566164941887,0.0016519343989672187,1.2386971117681451e-05,0.00018703290812198306,0.1315313458112501,0.5274607631984933,0.001408846575825346,0.09157492797448556,0.2446595055452446
533229787,0.000532982798135299,0.00035395705619654374,7.785273626335868e-06,6.717360529165343e-05,0.02385010763621808,0.75040491992504,0.0005565605250677974,0.19808862883995285,0.02613788434047134
533230002,4.3869914835266206e-05,2.8162898682391357e-06,2.742260086791721e-05,4.636088300646236e-05,5.071793702755618e-06,0.08721393929277306,0.006367009630987586,0.9031612535256514,0.0031322560683074334
533231729,0.0001589838996834966,1.5878166137229143e-06,3.4763603505241116e-06,3.940888176099852e-05,2.6848108046965227e-06,0.7613549917877258,0.001501674414964789,0.23659581845489783,0.00034137357319816104
533237211,0.0007927225935498005,2.4491969330206388e-06,1.0995948131940321e-06,1.1391416621997641e-05,2.0257576788234826e-06,0.9546318352977881,0.00018898726939503503,0.04399803234693285,0.0003714565262871883
533237330,2.7081585855690855e-05,8.200619503776033e-06,4.1685597153577e-06,0.15766860879444186,1.1936033433165125e-05,0.32377252246696264,0.5016224087499896,0.016216713837246766,0.0006683593528511165
533237348,0.00020434075777193348,9.181357987256472e-05,0.0007001977108486006,0.06654370094956943,0.0005967735582228447,0.3765439669165393,0.48914858969191694,0.05260388222005419,0.013566734615204246
533237744,0.01285419645088295,2.3198518888842545e-06,3.7997729191302225e-05,0.00046779342645225625,6.54884136299233e-06,0.7363854986479952,0.005597486355889582,0.24374577874727618,0.0009023799490606319
533238082,0.00032653223993042604,6.7570330413712645e-06,1.967008862293118e-05,0.003254149100523776,6.779120396382573e-06,0.9100590965630696,0.0014692426490053086,0.08256889841841095,0.002288874786999291
533239437,0.0004503185239035245,0.0011539965390749592,0.00018685305308302832,0.03992631516069943,0.032475622973545684,0.7969189468619785,0.0027385970731963077,0.06244066659662388,0.06370868321789482
533240180,0.0023873549141390344,7.2302038951330656e-06,2.749538794335969e-07,2.732650423544491e-07,1.5279686089099136e-06,0.9967993013023768,6.122381626020273e-06,0.0007716158613785886,2.629914905362059e-05
533241288,2.1888179641943364e-05,4.0792384739376216e-07,9.060937510723158e-07,8.63061040998813e-07,9.132065040591852e-07,0.994092838446921,5.124718016447414e-06,0.0057271682856480325,0.0001498900846290926
533244189,0.011209133531919916,0.0019719097283381927,2.190136128878021e-06,5.818751336590426e-06,4.222401268680702e-06,0.69036711117923,2.2690233915020445e-05,0.2954907944775101,0.0009261295603525874
533250633,0.01734613634100458,2.285367363497156e-05,3.070825683273484e-05,1.5965307190802045e-06,2.816579255908104e-06,0.9778896520721956,1.421943277453431e-05,0.004013526862513344,0.0006784902510692951
533253042,0.005208703542490115,5.8232565966113845e-06,0.0001216461730193911,0.00034532340628432153,1.3737642810146607e-05,0.9277650569896168,4.404800014393399e-05,0.06581032781695081,0.0006853331720878699
533253303,0.00964893762685783,0.00019165739792777946,4.74331480604313e-05,3.850324751447912e-06,5.353896288459593e-05,0.8759831092658384,2.709052015981211e-05,0.11362680001012568,0.0004175827433939316
533253452,0.003986708713785773,1.423191925179491e-06,2.915033304905085e-06,2.749404198065211e-06,2.1060681472740455e-06,0.9472610069696923,0.002741610036956389,0.0393964248446683,0.006605055737321802
533253763,0.00011167330883060712,5.379927631220014e-06,2.4950045792068645e-06,1.1595142046973838e-06,5.636561772259734e-06,0.9831088485963255,0.00012721336306844872,0.015451635364840783,0.0011859583587473888
533254077,0.0056578153631042065,2.627114722274691e-05,2.723331851286267e-06,6.962820243991643e-07,4.228991811866422e-06,0.9830952765896488,0.0005117956318690117,0.010329705225930847,0.00037148743653686497
533254248,0.04089645099446741,7.571541480487612e-06,1.3358948743197502e-05,2.9253426122008e-06,1.2222685798881182e-05,0.9213320370649676,4.3824011277411695e-05,0.0375142192750174,0.00017739013563552452
533254312,0.00021619545724682704,2.831063716462823e-07,1.0986089151215228e-05,5.404108771034373e-07,6.227370623593979e-07,0.9892457894646448,6.405811158347727e-06,0.010471429432690903,4.774749079703104e-05
533255422,0.0001706604481605584,0.011072946533130278,9.128900361177212e-06,0.0007897162172053567,0.16285839964479848,0.004656863355743801,3.341662899610246e-05,0.0036756603705278743,0.8167332079010764
533255667,0.006428863791525621,1.6912293982898756e-06,4.737616518934276e-06,6.083150616871986e-07,1.624164983888079e-06,0.9828737169476929,0.0005275274106959945,0.008649959748299874,0.0015112707758227375
533256459,0.00344692539825676,4.463328413872035e-06,1.686960857207948e-05,5.030757547162655e-07,6.437784372953908e-06,0.986826351218314,0.005453783061745927,0.0032588593271476547,0.0009858071974219534
533256851,4.909606528071346e-05,0.063661373157003,0.00023146223843466414,0.4392036642450865,0.09861363067338094,0.05738659914417428,0.02989885397533291,0.04421421482235479,0.26674110567895215
533256903,9.118223161058802e-05,0.028823902322614964,0.003872465319356159,0.00060991175051428,0.7037298321129123,0.18749811081404189,0.004251348863024593,0.003583393270384625,0.06753985331554052
533257018,0.0006076811505730877,1.3832657327550879e-06,2.792480463690331e-06,2.3889728309037395e-06,1.0075944731578469e-05,0.7839049435802564,5.007315111263149e-05,0.21503822268927236,0.00038243876502664433
533258669,0.0009060058607266025,0.4670180034536509,4.904483519616252e-05,0.0032875227721768695,0.11004133605741592,0.3480633144673092,0.0013751489532281996,0.007527688495004602,0.061731935105291416
533259172,0.009576990612038379,1.6211289999414562e-06,1.8712068777001035e-05,4.861325012059553e-06,7.205275199476815e-06,0.6977380131230773,0.0003581792034277892,0.2909205065484796,0.001373910714988507
533259912,9.617101908813094e-05,3.7031747945927916e-06,2.3660108381602794e-06,3.9841042204421515e-07,1.911791769546858e-06,0.9941615423219924,4.9774332509811644e-05,0.005549633806432924,0.000134499132152413
533260880,0.008277249559481272,7.686242838961204e-06,3.4353086902039087e-06,8.648363904329259e-05,1.39296154771201e-05,0.2876948324683485,6.509898035336447e-05,0.6795432689868282,0.024308015198939107
533261570,0.0005109277715084936,5.8828733231804855e-05,4.068605874359649e-06,3.233272846542538e-05,0.2617696223665908,0.19943257890525654,0.00039760914798755276,0.0038987753200610668,0.5338952564210239
533261614,0.00014791083178549653,4.350261335419938e-05,1.616433966482594e-06,1.990287313157642e-05,0.07510963893090812,0.17104326671579634,0.00010243430507747755,0.0007182572256488658,0.7528134700703315
533261629,0.002104074113646734,0.009224500941267795,2.0751222473498393e-05,0.000846198757473517,0.07613351813127861,0.2986039944812514,0.005377539068323722,0.01085180772683859,0.5968376155574461
533261746,0.00014599313036741182,0.00017626268704766876,2.1835887682164166e-06,9.994640702050196e-06,0.14320806372451547,0.11494649679601701,0.00010681271409516769,0.0006722794363210264,0.740731913282166
533261929,0.01889778751928673,5.53240374422364e-06,0.00018913894839822176,4.0106459067486614e-07,1.0346429693996557e-06,0.9797524946344192,6.906809188914438e-06,0.0007942943624235684,0.0003524096149790055
533263406,0.001526293154280282,2.2743256824359487e-05,3.361322885409642e-05,2.3199339054363953e-05,0.0017514787098227764,0.8356681859372366,0.0015417314881184033,0.13758207842379572,0.021850676462013486
533263420,0.0032869265475935607,1.9480742467463864e-06,1.522133632443044e-05,3.0921234465691915e-06,7.731701953329998e-05,0.9846844139750756,1.4787544261193772e-05,0.008083078707057868,0.0038332146724608758
533263423,0.27581641515608757,3.2804449118410693e-06,3.7864059084288245e-06,1.0577317059808415e-06,5.3966097647020814e-06,0.7219891277597152,6.93432233236766e-05,0.00037501873664409736,0.0017365739319384018
533263480,0.0023116848033235982,5.183630821045703e-05,4.650756829540164e-06,2.335102875698086e-06,1.3443843913879064e-05,0.9922643857809798,7.036106358007469e-05,0.003983337445339125,0.0012979648949479768
533263558,0.003716859701551053,3.086981918135731e-05,2.6074283704657402e-06,2.0509723450689293e-06,0.007548026193100512,0.9877770640510537,2.3488179228252844e-05,0.0002957649731966965,0.0006032686819730216
533264115,0.00038369205226740876,7.264014494528515e-05,5.0097211264833906e-05,0.0022818618159388083,0.0013362444426070303,0.5514850893109685,0.27837333149389054,0.16016120495966574,0.0058558385684519135
533264152,0.000968444155493523,4.5540664828824115e-05,1.5806377520879325e-05,0.08848920256793155,0.0017652031644194398,0.6580147020427234,0.13209404331721297,0.0856451948451167,0.032961862864752715
533264250,6.874258843126209e-05,2.0113804456262213e-05,8.448230301001517e-06,0.6220596871656247,0.0016622507156663596,0.26364051703086605,0.020700915817434513,0.08919603095856495,0.002643293688654986
533265339,0.0001323365814486015,7.537702722556775e-05,6.2469770602072155e-06,6.102004443324859e-06,0.010847224897715207,0.9612357430609275,1.671101693070486e-05,0.004267301143356313,0.023412957290892506
533266269,0.0004535564496443531,0.00046464075436223007,1.603407148711697e-07,1.3097437243411258e-07,1.4545437290065132e-06,0.998384060023449,2.7554885073161814e-06,0.0006655758217241814,2.7665603496575244e-05
533267244,0.04250284157145692,2.1471469677035053e-06,0.00013763461267995788,1.4477222077548973e-05,1.2739571161968986e-05,0.8512183809484819,5.599357166346588e-05,0.10377138016679491,0.0022844051887154536
533268969,0.005752078561551132,1.9184940292058224e-06,1.1731222398222023e-06,1.0590235521385067e-05,3.4674370672937476e-06,0.9097180631616165,1.3012339184500702e-05,0.08254113490766286,0.0019585617411270973
533270675,0.00041728982780326414,0.0001274363269262701,0.0004848684519265085,0.33190712303566905,0.06466715440095575,0.524295742898034,0.022687402232278425,0.03333399321498334,0.0220789896114233
533270790,0.0002749817808575142,0.003375748868372861,0.00010016357061143097,0.06459184188718736,0.07339116571236189,0.5824670430999932,0.01134513995005191,0.07972450897623312,0.18472940615433067
533272000,6.965930664423536e-06,5.258184147912994e-05,1.834297326418698e-05,2.096860994011415e-05,4.5846890538495764e-05,0.6060893797432007,0.37986077285915776,0.011597096051422777,0.002308045100332462
533272060,8.629954699472918e-06,1.3465815418020155e-05,1.0261028842567883e-05,0.00011644102803058289,0.014233436082861647,0.7257015636777797,0.0017208243170019379,0.09642308841030137,0.16177228968506457
533272113,9.845979105376694e-06,2.5637826476473283e-05,1.7387089438366684e-05,3.50473809692981e-05,0.06317428611156546,0.8283884708224045,0.006456599914128627,0.05875292660516446,0.043139798270747376
533272261,0.0005193628926072905,2.130846641449118e-05,6.804577513309492e-06,7.807042969502737e-06,4.032284231389664e-06,0.8430566767612214,0.00707593823774578,0.11870198222222487,0.03060608751507185
533272274,0.009420921327848471,5.232506485440039e-06,1.9146239355547943e-06,1.5522325982762558e-06,1.1340948792250339e-05,0.9615567318714577,0.0028335230421008876,0.01848256952077882,0.007686213926002647
533272328,6.05582455807187e-05,1.1708585261331119e-05,1.2483125520801085e-06,2.856739945617631e-06,3.065988564604582e-06,0.14477907426525452,0.1828763706112642,0.6692894955257576,0.002975621725819573
533272940,0.528721810597433,2.411565050837951e-05,0.00021800032356622903,1.5938471497477213e-05,0.0007916205965114553,0.33560177358245713,4.044075177435603e-05,0.0011400036937886026,0.13344629633246358
533273103,0.36437242630291006,5.838080422837158e-05,1.9058795951422355e-06,1.2096777270953183e-06,0.4789761679362372,0.11004794988298608,8.039900815486644e-06,0.00010004791936907558,0.04643387169613147
533274934,0.13193482050554944,6.14227291083264e-05,7.838357933550037e-05,4.791655345137218e-05,1.3558390357383326e-05,0.551666744650518,0.1621133081421966,0.1457182695302516,0.008365575919231703
533275430,3.873616080684743e-05,0.06283784260456712,0.00015221711873185205,0.00012699557925745182,0.007384605020117244,0.8902351789711777,0.0015968460750191038,0.029432511726414916,0.008195066743907927
533275817,0.00018768826581011568,0.0012450864229925165,1.5703403132761143e-05,0.00023515628054952478,0.0044537589319433,0.7961351086155036,0.03191020503358645,0.011376781545131078,0.15444051150135069
533276098,0.003348950103859656,6.66286287735685e-06,0.00010156575297778385,2.9820199356249976e-05,2.2708210456713465e-05,0.9876208653130997,1.4504682196214238e-05,0.003847217051353849,0.005007705823822359
533277381,0.009035046091898709,3.242093751621191e-05,1.840043432684924e-05,2.5728636255247183e-06,1.2609372552213616e-05,0.8742819675370065,6.828283871357146e-05,0.11538193121610947,0.0011667687082510282
533277492,0.13045396120731323,1.2799818118612426e-05,3.4081503956486523e-06,5.90978340529814e-07,3.6784745708785077e-06,0.8634306646096415,6.9739835973351084e-06,0.005323969543619516,0.0007639532344027307
533277542,0.030386525214056874,3.855926461597354e-05,6.82373459899396e-05,1.1539189221793066e-06,3.2002391927348643e-06,0.9664960315333749,6.577858704938451e-06,0.002822875767449709,0.00017683885769268545
533277609,0.0015425893976015032,1.3630623607458342e-05,0.00018653591318654227,7.398319568977975e-07,1.0566179666457439e-05,0.9908970214581986,3.4136265782456034e-05,0.006787767896325873,0.0005270124336741838
533277621,0.00013456956570425763,1.3602822132103673e-06,9.756478844923685e-06,5.558220751032483e-07,3.479283614337147e-05,0.9987969300657433,2.328266096211411e-06,0.0006992396107130313,0.0003204670724666009
533278764,0.6734055812678226,4.7499693811073386e-05,7.095626454515148e-07,4.8134599708711954e-05,4.703990096073874e-06,0.28235775250313583,1.0429302399317719e-05,0.04388139834320768,0.00024379073717319745
533278814,0.003175005543985533,1.0866136133100827e-05,0.0001696581004335313,0.006335235621728039,7.442485372519307e-05,0.9047896985593444,9.018259683912416e-05,0.06611218290787604,0.01924274567993493
533280122,0.10443221555578545,0.005803827874399434,1.632641977061486e-05,5.8308710585489114e-06,0.2903102207735584,0.49774028887690225,2.617296669285819e-05,0.00048260201121291335,0.10118251465061952
533280233,0.10809442271466725,3.535105376838033e-05,3.682381790586727e-05,1.3014696155212821e-05,0.0007017669920275918,0.8818498580564705,0.00010724564376677082,0.005211505683517291,0.0039500113417211494
533280441,0.32463392551565534,7.431024161197594e-06,2.2004432577873625e-05,7.900734483345713e-06,0.00015731358309754843,0.5808290939297456,3.66153031587445e-05,0.09119234371395987,0.003113371763160531
533280749,0.0022794583877294864,0.0011452105423571232,2.256875072246233e-05,4.023285186983156e-06,0.00020581485139472872,0.9954674383892421,3.08547826730942e-05,0.000498154123898902,0.00034647688679508666
533280981,4.798941164269858e-05,7.905380445554142e-05,0.0003211314764043316,0.00022557255214520743,4.9783264181029545e-05,0.5635227752193667,0.0003984004950869658,0.18988986316505688,0.24546543061166068
533281468,8.303365381680295e-06,5.3073863740698405e-06,0.0015039109104539252,8.44035611095079e-05,0.0007945684556740879,0.655471834307916,0.00015584996042770525,0.07238375671294046,0.26959206533972246
533281489,0.00018096001900584987,1.1777099206734746e-06,1.1465457044468786e-05,1.404641980420171e-06,3.5897917019570263e-06,0.7437620862532486,0.00022130718537445286,0.25480404557152536,0.0010139633701981288
533281642,0.0003401381971779958,2.271212893625021e-06,8.936075070209055e-07,4.701270114239447e-07,5.673647468272166e-07,0.9989852087248483,1.774680991534959e-05,0.00048811216245652915,0.00016459179344286134
533281773,0.00025458087317725795,1.1971397409089999e-06,3.090038580683919e-06,5.042388565429167e-07,2.8937171131661564e-07,0.9992315400902942,1.2256381670666933e-06,0.00038525499711491697,0.00012231761235703497
533281941,0.00011944473770201592,4.522057234253402e-06,2.2035463146477663e-05,8.20012196121614e-07,8.216681493172519e-07,0.9989715627250018,3.4793558540815712e-06,0.0007681066325575976,0.00010920734815852821
533282091,0.0012366370869860122,1.7154432461076375e-05,2.7746366857948637e-05,4.484546148064984e-07,1.5482907200626977e-05,0.9981983234142197,1.10372922655537e-05,0.00020226074384912637,0.0002909093015452852
533282290,0.0009432106545429142,3.4211369255004078e-06,5.591637035074889e-05,6.100108517486678e-07,2.1645790127920983e-06,0.8366751243957751,0.0004889362781648444,0.16040409525525365,0.0014265213191227127
533282297,0.004682604832977437,1.439428711870767e-05,2.1704281828315665e-06,3.0796243332786056e-07,1.15934614921525e-06,0.9934165685413511,2.5197926746684474e-06,0.0017614440960608368,0.00011883071305186003
533282531,0.01479587809275593,0.00012350835990943324,8.650534879987263e-06,5.969491323884908e-07,6.000259460577785e-06,0.9788232237695969,4.5765165463042823e-05,0.006024129226620408,0.0001722476421813313
533284501,0.0021451956060397222,8.708055291994045e-06,4.405311468908629e-06,8.307074652654167e-06,7.053949742154267e-06,0.8787933541450335,0.0004439429908870879,0.013031674930317216,0.10555735793656687
533284750,0.001113210253290449,1.7753399318990461e-06,4.384083909930244e-05,0.00014541804726244685,6.472646960352195e-06,0.6692165123474525,0.0004457912743498548,0.32495447992397847,0.00407249932767473
533284961,0.00020282027009520248,1.1982251288636597e-06,3.370075820499773e-05,1.8621615900921203e-05,9.129304064991192e-06,0.9899477167064662,7.264017440980289e-06,0.009537295599824304,0.0002422535028735337
533285180,8.098289548444371e-05,4.805930962548467e-06,2.963038706326436e-06,5.7225403530290295e-06,2.2380553200396487e-06,0.7334798164182305,0.015444581267830498,0.24728688386298736,0.0036920059901252994
533286573,6.428017343336262e-05,0.005345162974932835,6.749973348004784e-06,0.0016244085903699694,0.01404938154724572,0.7560456644084563,0.004253841393243572,0.014780026552519443,0.20383048438645063
533287602,0.0031322821017930164,4.575515782261445e-06,0.0002578118403940737,0.0013222830773206315,2.0304080813415256e-05,0.7415466277923295,0.00016925642846390895,0.02251718837869937,0.2310296707844039
533288236,0.6672933669926843,0.0017027681994136706,3.8837079880144635e-06,2.4273586484331538e-05,1.2196017931255391e-05,0.13432500146715975,0.007788044559953432,0.1832890832643876,0.005561382203997806
533288718,0.026362916550706904,3.1870353191538555e-06,8.640829032696852e-06,2.0458528889631678e-05,1.4499291614316668e-05,0.7859488846004516,0.09357075740313721,0.08688470338122516,0.007185952379623358
533288743,0.39135552469369805,0.00045641755640325483,6.271328811178335e-06,1.374135400646238e-05,1.130592935401569e-05,0.515799488903382,0.0024046011454959956,0.08927599503349185,0.000676654055357022
533289020,0.00044205497852764926,1.2607143512420941e-05,1.674575603963677e-05,2.2558743173740073e-05,0.0002703558397701756,0.8836325197390732,1.825862867006093e-05,0.11377847352552559,0.0018064256457077268
533290582,0.11848625888483741,1.417824707590388e-05,8.691685053595961e-06,2.399006777631901e-06,0.0003605019755900099,0.7955825931029027,4.967785459598161e-05,0.0016787632192421533,0.08381693602392457
533290584,0.07681753758319741,0.00010927735307355723,1.044188485516612e-05,3.062573174596942e-06,1.2735235650912535e-05,0.9199195601621,9.784018581521868e-05,0.0008408781841251769,0.0021886668380080134
533290817,0.6250418923203023,6.325070676170108e-06,4.514824937615319e-06,8.057990209876195e-07,2.00314743382942e-05,0.37028690322434976,1.148558666401977e-05,0.0004923626328617204,0.004135679066849228
533291917,0.3169352764254671,0.0020249768924933296,0.00163879959483451,0.0006224355644731687,0.0010869405077452777,0.6016536153686066,2.2100480720343888e-05,0.07473214730068316,0.001283707864976454
533292328,0.0009029100890370196,2.8885175364649467e-05,4.44385994613184e-06,1.737404646711329e-07,2.618661930968426e-06,0.99890325036633,1.1357725681350177e-06,0.00014469258493021614,1.1889749428289931e-05
533293510,0.0008438447882268424,0.00022249895252254522,0.00538488843081065,0.003901631954190219,4.013998978564757e-05,0.7784418453079831,1.528699048809292e-05,0.0819624271909889,0.12918743639500407
533293853,0.005349669325662507,0.00011273608563833727,8.614753150092757e-05,6.139134493879521e-05,0.293761724848415,0.5237920459931644,0.0001401267711076678,0.0023798539887433016,0.17431630411082902
533293874,0.18878967558767007,0.0013115078103601361,1.115819794330639e-05,6.588695660173725e-06,0.07005517852346918,0.19623751269020354,5.482017992624419e-05,0.00024280103890217424,0.5432907572758652
533293970,0.02214526834524321,1.2741767983902169e-05,1.8765164282490935e-05,2.1884843412265497e-06,0.003268961914232806,0.4651334011188233,0.0006376353852232505,0.0014112397394774267,0.5073697980803924
533294166,0.0006710387575432454,4.8296315557565544e-05,0.0003203732509927974,0.0004452341625345754,0.008879053955039148,0.5506150187016842,3.6662294002097816e-05,0.056937875538743354,0.382046447023903
533294201,0.012319236702993888,6.361206420566275e-06,2.323394104484103e-06,4.429087883161601e-07,1.3674128064503834e-06,0.9537303379125188,2.0092201010530193e-06,0.00044682535668433553,0.03349109588558226
533294214,0.0028396862295852975,1.3016874247746281e-05,0.007846614608588817,0.008366403218634725,0.0009777248485875931,0.4649656412872921,1.2395725843429058e-05,0.03347129960976866,0.48150721759745163
533294269,0.018367980419639277,0.00012291795011740446,0.0005226916638104622,1.4503500572477037e-06,1.566121243256651e-06,0.9697640292488028,9.662444030428054e-06,0.011174468791870104,3.523301042903807e-05
533294280,0.00016637852754214957,0.004936224231137098,0.0009182541185099837,0.00010322422177214228,0.003943970625261836,0.9686864933255823,8.896709724955897e-05,0.0033243350307814003,0.0178321528221635
533295339,0.22636655737737593,6.758549120555293e-05,2.193576238067089e-05,3.1669077588348828e-06,4.821231678750599e-06,0.7471605376025654,2.640667349970664e-05,0.026216542944655592,0.00013244600887974932
533295429,0.026953004271391218,2.7706075841995772e-06,5.122334357882108e-05,1.4399404520678116e-05,2.407277767618013e-06,0.28781885411710184,0.00012955747497595487,0.681947237459208,0.003080546043871616
533296483,0.15312100583148797,5.6321665861563426e-06,3.925577546435144e-06,2.15790980291404e-06,8.312227901287666e-06,0.835370595899535,7.564694798603243e-06,0.010245622249866616,0.001235183442475076
533297801,0.06541113848294308,0.00011587351805497973,1.8088959486870075e-06,2.040857318386662e-06,1.8426850435429732e-05,0.864087955050176,3.0736240305615574e-05,0.04326215400549728,0.027069866099320623
533297907,2.6273027955560017e-05,0.6385507869162964,0.00026365713333022407,0.00015759551001788221,0.2613678536668578,0.037804295263654114,0.0001637088807203738,0.004631266779700664,0.057034562821467016
589557727,1.584569108614273e-05,8.964498490875592e-07,2.1656861519967787e-07,1.1312697341245577e-07,1.692885165267444e-07,0.9995954991377957,1.1421003607418326e-06,0.0003672287438825888,1.888889292056547e-05
589561745,0.0005235796442714563,0.00015143852874167186,0.00018321436248837868,0.0004957374780828556,6.964977493171409e-06,0.1702259730015679,0.0004752574520182406,0.6283683991489499,0.19956943540638641
589566223,0.2253175257524334,1.1437210426372154e-05,8.195183330691498e-05,8.176691973171077e-07,2.2690628065667836e-06,0.7649369247449966,6.931189450955891e-06,0.00792075446215458,0.0017213880752272623
589569117,0.002188851190656204,0.0017439916775553097,2.649511726838533e-05,4.210754955644691e-06,0.0003395219508060225,0.9908112799726805,1.7009990132392175e-05,0.0045799062305758855,0.000288733115369622
589569950,0.00013828024274486716,2.4879910543266718e-05,1.0275344550212265e-05,3.2826686129619954e-07,3.886422477909328e-06,0.9969079639370809,1.7002782679562052e-06,0.002692928903261734,0.00021975669421177342
589570061,0.0036915749406753753,0.0013702319238253523,9.34728790971748e-05,6.998390447921076e-07,0.0006013391732058433,0.9938560530164622,1.3440209172627278e-05,0.0002298092847660702,0.00014337873375047753
589570487,0.00019143489312170136,2.121117986440666e-05,2.1794604463813562e-05,7.673930471115433e-07,2.4283392562716822e-06,0.939789459288404,0.00013452123767466995,0.05898213407870821,0.0008562489854598212
589570489,0.00022896757799981045,7.091668541804478e-07,3.7328378228744174e-06,2.2563514166040242e-07,1.0758920310148482e-06,0.9967877031758554,1.695308685453789e-06,0.0028841325583177794,9.175784729171431e-05
589571551,0.014912637868167905,1.9290766004503193e-06,9.080411533719909e-06,1.114638732877946e-06,2.050702450795916e-06,0.9123692486105709,1.5222949036002026e-05,0.07256166042500262,0.0001270553179047156
589572579,6.927577997999424e-05,0.028658599094499464,4.7650444740990264e-05,0.0328157740965011,0.01712001042604321,0.7025170504242546,0.09562586453656077,0.05800844634849141,0.06513732884892838
589572580,0.0006165892695505815,4.839656007877329e-06,2.128124443641231e-06,2.235008476056961e-07,4.895523179674701e-07,0.9982082806875654,2.9023117491442873e-06,0.0008782410672832418,0.0002863058302343956
589573474,0.00034716980979427085,3.540631731545471e-05,8.437801803295392e-06,1.0849862546149708e-06,8.092308482628158e-06,0.9960770708515353,6.741010975513272e-06,0.003169062151034372,0.0003469347628043631
589573874,0.00014625400543367468,1.4322583397628497e-06,7.789685321554484e-07,4.180473975890614e-06,1.8564355503919485e-06,0.9708894732314398,0.00019213199377730454,0.026253663735376232,0.002510228897574642
589574988,3.427679676811792e-05,7.604738435928854e-06,2.2548132357216385e-05,5.156803040230213e-05,0.05072609424678737,0.558689937161799,0.38190214398880346,0.004964589443274117,0.0036012374613724855
589575044,2.5825431163157922e-05,4.8710290692109e-05,4.0545675140971983e-05,0.0006583136723745384,0.18900152112247026,0.01670434215422007,0.697263354139623,0.059840449748202816,0.036416937766113
589575060,2.0363502651682655e-05,0.001753996598683408,1.646076645443396e-05,1.0778781254672277e-05,0.6660629457120499,0.023531694682210304,0.2646924707407496,0.004235255997058112,0.039676033218887755
589575078,8.841461210023886e-06,8.637100424281112e-05,7.029088205390679e-06,1.2472953671203347e-06,0.5481828230475859,0.045779591827232645,0.11532632088514731,0.0007130934397947357,0.28989468195121404
589575286,1.4152761499019853e-05,3.262713616933637e-05,4.288284913746671e-06,1.3322766607624965e-06,0.00013652147327896297,0.6782108666823943,2.1900840621934218e-05,0.008758973083760216,0.3128193374607018
589577054,0.0003109444811397809,0.0002274815398297244,9.3635540262045e-05,6.970653905376468e-07,3.8499657593102515e-05,0.9970081896863352,4.768412520458477e-06,0.001853049698652086,0.00046273391827704734
589578162,5.809708817120962e-06,5.4216159486023215e-06,5.6054803395075115e-06,3.8532962373716116e-07,8.199615656748834e-07,0.9982557178969118,3.936902513965301e-06,0.0013677323854170377,0.00035457071886263756
589578861,0.00014598991432227654,7.692817504490177e-07,3.097385491297422e-07,6.233381131763168e-07,3.657013802442615e-07,0.9984293836412231,1.1424286045367574e-06,0.0013577861610741368,6.362979498303629e-05
589579781,3.8954159014771796e-05,8.678692415471006e-07,1.5402282556017953e-05,3.446382019069845e-07,1.1444526824904781e-06,0.998627839242924,0.0002760788176744121,0.0005910638164369181,0.0004483047212680689
589580528,1.3030468037596575e-05,8.476278688085482e-06,7.827577807891192e-06,6.310186241039113e-07,3.930397624424532e-06,0.9961612676864338,0.0027264378846187224,0.0002727648269178739,0.0008056338612475268
589580564,0.003615345791511018,3.3884294175257994e-06,4.317696490628766e-06,1.711038822947272e-07,1.1174727292811859e-06,0.9955544834905925,4.226213550973558e-06,0.000290886602755757,0.0005260631990698917
589582540,0.013073015300631988,0.00010197958479853926,0.00010322888572649139,1.3220173130547753e-06,4.008594063621532e-06,0.985289823404577,1.7152666557304318e-05,0.0012668117055219578,0.00014265784080975144
589583482,0.0002392640055525514,3.901098673197748e-07,1.5828593701284584e-06,5.033733511615886e-07,2.4202658652575934e-06,0.9930262229354406,1.5267664290113163e-05,0.006611993912219507,0.00010235487404338455
589584716,0.00023596597040425135,6.712384334141381e-05,2.2518216886808453e-05,4.674172122720825e-07,9.23663221063173e-07,0.997920056105848,2.2525026796383784e-06,0.0016085892239758968,0.00014210305643059937
589585690,0.0005220507411540061,4.004664874881743e-07,1.2664837145364781e-06,1.583702988189957e-06,9.105357445152262e-07,0.9967943542871287,9.258210710392546e-06,0.0021841301222619326,0.0004860454498102801
589586337,0.011971625288340776,9.869119009670606e-06,5.176204324319391e-06,2.1973708531235317e-06,3.3749143573798444e-05,0.9854871969728751,1.3928939508647459e-05,0.0012962306883057028,0.001180026273208815
589587263,0.00029565807282832,1.0255439066114856e-06,3.133268530676391e-05,9.878317839048407e-07,1.2019655059601224e-06,0.9865915826180063,0.00012100015447994335,0.01196633928705503,0.0009908718411271496
589588472,0.0010804602738425624,0.0003642343047201969,7.75463609006563e-06,1.2874178484561778e-05,0.002000853243589973,0.9458792308346073,0.000505723934123392,0.04050072298275109,0.009648145611790851
589589960,0.03548582920441775,1.878229580055204e-06,5.1976206360191974e-05,7.055186119735542e-07,1.3987839798384325e-05,0.9587887366000236,2.5427912425088276e-05,0.0034372124633242824,0.0021942460254585354
589590560,0.16799181803212787,5.462829395679717e-06,1.6974666636278843e-05,4.884026080642976e-05,0.000478784193322651,0.6355408685483082,0.00012040501933436427,0.19323390209433292,0.0025629443557356893
589592645,0.006139255847060813,3.407589358844862e-06,0.005647712845682338,0.00031544664763521405,2.6365986589580335e-06,0.5760879530357182,8.914209702198e-05,0.35932043766917604,0.05239400766968757
589595488,0.002505477559852387,1.7912283171535503e-05,7.159071615520713e-05,6.281228703372503e-07,9.859730689327606e-07,0.996973047155706,1.2008927271561404e-05,0.0002640831386585611,0.00015426612324551532
589595509,0.0003753639884370324,0.0004592770059510348,7.55335395979395e-06,0.0032347885411610384,4.413438836936788e-06,0.9399132374975567,0.0011195332690833808,0.015764348403727677,0.03912148450128639
589602405,0.010124313457682539,4.845704803885507e-07,1.1945234401257802e-06,5.973797595368818e-07,1.617107386580145e-06,0.9835377734614085,1.3457591021540829e-05,0.006104652809250082,0.00021590909957084668
589602766,0.20019493322988677,3.959065936738169e-06,3.411766349164636e-05,4.542887464283857e-06,1.267605607996053e-05,0.6388688863756389,2.2860332285101945e-05,0.16042834855553412,0.00042967583368245285
589603220,0.00028286096698372634,0.00016611430465744904,0.0001420109910891486,1.9615522236836128e-06,0.002214822548214415,0.9934617930902636,4.3330590558795695e-06,0.0019940432013130847,0.0017320602861990394
589603540,6.825263947246021e-05,2.497040485135307e-07,4.452017579259656e-07,8.37667517296537e-07,4.2785513233183357e-07,0.9988359521623181,5.096703228629801e-06,0.001058717194997841,3.0020871526944394e-05
589604163,0.0005314265935399173,2.352203362672821e-06,3.704809835250973e-06,5.558891071623885e-07,8.543094623197272e-07,0.9765891861347125,0.00015716828648385458,0.01947498718067365,0.003239764592822725
589605780,0.004496892787278194,7.147716864898091e-06,6.422999857539041e-05,1.0513309735225063e-06,1.3350753584072968e-06,0.9686564180304928,1.0262210146833868e-05,0.02610417904049992,0.0006584838098099526
589605823,0.0002645890682640581,4.498247529456194e-05,1.8385147489080235e-05,5.6432240494640876e-05,0.00036992896602981875,0.7403091006419924,0.0033875052848935266,0.03863125975164302,0.21691781642389882
589606661,0.0009499783215300952,7.618735369011356e-07,5.945491101548418e-06,5.800239283718171e-07,1.7981574790411986e-06,0.9657038245406003,1.1782235307316865e-05,0.011067381592583083,0.02225794776393344
589608416,0.00028743368171402423,2.994339389948869e-06,8.566668564185788e-05,1.8480370843266656e-06,3.7205876982866042e-06,0.21405841484170524,0.005685374872567023,0.7791076487263193,0.0007668982278800399
589611604,0.016536842736683433,8.42914930506348e-06,5.944895760344022e-06,2.0138661217253128e-06,1.501118428762187e-06,0.030111310780642348,7.34860873735847e-05,0.9506879346547891,0.002572536710895645
589613063,0.0009162535538613801,6.3126993347151855e-06,8.066564096859455e-05,1.8216249822180308e-06,2.0042902442649802e-05,0.9588981507331112,6.511363826232895e-05,0.011735619329268216,0.028276019877768666
589613683,0.002186868990218883,2.541307176527199e-06,9.422704508626711e-07,6.288925487800641e-07,1.835540245336424e-06,0.9775773348037304,1.9832993944321544e-05,0.020110348591743897,9.966660994073543e-05
589617107,0.00042588378979972,3.18142872585023e-06,1.8109729652280865e-06,1.4094381243022722e-06,2.8525783293431124e-06,0.922245537596026,0.00022261941993459268,0.07611214954657904,0.000984555229515955
589618208,0.0002913011898953893,1.7224511275232204e-06,1.157771494812698e-05,3.3163354346130582e-06,2.5319829559219134e-06,0.8966923019383957,0.00624419324100563,0.09646813316312425,0.0002849219831127999
589620671,9.995127402027635e-06,1.5197315508460392e-05,2.0005334456678853e-06,5.096922890748061e-06,1.9645172741165994e-06,0.9904945527532988,0.005554264428663182,0.0035978800437453983,0.0003190483577715739
589620870,1.6939263544488372e-05,3.7098432685740104e-06,0.0001877419087564172,9.557002430103318e-07,5.1423629361255924e-06,0.9961780612872776,0.0007611959329390978,0.0024460433786637915,0.0004002103223710261
589620994,0.007559120924009208,8.532826134609671e-06,1.1910546289413239e-06,3.4959532585275777e-07,2.6107885279415475e-06,0.9909054970069866,2.9843348888983146e-05,0.0004736772076312166,0.0010191772478665502
589621600,8.230892424712375e-06,8.817486062240704e-06,1.3420543970745875e-06,4.6027504501297015e-07,8.631045811250284e-07,0.9989567060560807,8.897170306985917e-06,0.0007420633668281266,0.00027261959427397626
589621801,0.0002586782945409975,2.395993624554255e-05,1.4210519799506231e-05,4.808990236047383e-06,0.00011273238752964951,0.9727461539274138,7.682495466192037e-05,0.02504071776152067,0.0017219132280519515
589621949,0.010486154353317251,8.931380448639081e-07,6.97531472454098e-06,8.018579399185976e-07,1.3388179633738692e-06,0.952846140841927,6.322884498396604e-05,0.020917359175467717,0.015677107655631427
589622522,6.452171316568381e-06,3.0942596052506475e-05,3.0309969485323892e-06,3.970852371259456e-06,5.350155582544217e-06,0.9302778820676101,0.005920846084283176,0.063513127720705,0.00023839735513026743
589626768,0.00038406918671539376,5.586328325361009e-06,1.0223036271133767e-06,1.7554827645760725e-07,4.1574117528934197e-07,0.9981073074196857,4.907656153030695e-06,0.0014059496074692334,9.056620857250223e-05
589626847,6.515461641654553e-05,3.085097343728221e-06,4.2062022059408834e-07,3.6746624879913974e-07,7.786383304241442e-07,0.998681660248311,7.730595570603862e-06,0.0012152552249426927,2.5547492615649384e-05
589628335,1.1856995825992508e-05,5.716680728767137e-06,4.381858489092119e-07,6.190740845732992e-07,5.016255560981337e-07,0.9988487667543371,3.1898968837378927e-06,0.001110302563101595,1.8608223633224415e-05
589628489,0.058707369758104,6.481856509327989e-07,4.550204100067868e-06,7.715198538396215e-07,7.314368531853345e-07,0.9383990481764524,2.3959402979479584e-06,0.0015215598492955558,0.0013629249293921342
589628550,0.0003025772398203835,1.2754542907698677e-06,1.0210754477219363e-05,1.0014560402222405e-06,2.1030814194117947e-06,0.9272168922428865,6.828263965126955e-05,0.07131243537644807,0.0010852217549663589
589628608,0.00040937122064039333,1.233810491305559e-06,1.40976986227454e-05,1.0501081293409368e-06,1.3216421411076072e-05,0.9903748036637229,5.398578351610299e-05,0.009034143266523126,9.809802694281016e-05
589628986,0.12708662788047506,1.4345623496968196e-05,0.0071321776364710685,5.830605856030774e-07,6.57771712812467e-07,0.8652163331949894,3.4811312189052876e-06,0.00047278892026236216,7.300478078784727e-05
589630160,7.210276236241729e-05,1.7757784947341368e-05,1.5903346220500752e-06,5.538156593962302e-07,1.6304655147609087e-06,0.9970538256548899,2.404752748833963e-06,0.0025489643020847846,0.000301170127170528
589633556,0.2628495584811722,0.007047068254025563,1.4470585788226119e-05,1.108593428593431e-06,9.519845366181616e-06,0.7141946413462359,4.1533766610329637e-05,0.015755131131837078,8.696799553601186e-05
589634160,2.9205119253088472e-05,3.6661860926655317e-06,2.0678416931263e-05,2.9132914235804594e-06,5.870211814824203e-05,0.9951836314386352,4.4268346311532e-05,0.001321454028184715,0.003335481055019842
589635357,2.7973673919435696e-05,1.3859960867898201e-05,3.6577395202800417e-06,6.367440836843016e-07,7.777223514216164e-06,0.9889669842903548,8.035337969327651e-06,0.009430136479717131,0.0015409385500532
589637307,0.04275553539964428,8.190019372086981e-06,1.9148608777367047e-06,3.1073653942878452e-06,8.284010757976822e-07,0.9550225916786234,7.3499435007281616e-06,0.002132296607839365,6.818572367238052e-05
589638826,0.0006386724057021319,2.4291079168207744e-05,9.520523112479836e-07,7.031158379823488e-07,5.746251039075679e-05,0.9888158975489729,1.8059337937608406e-05,0.010206745671761273,0.00023721627791786973
589639462,0.0002283305106082271,6.14230073511167e-07,1.1956500788503392e-05,2.1213099645086692e-07,4.786620251194363e-07,0.9990210874275857,1.1907498491190521e-06,0.0005222161978882243,0.00021391359018509685
589639744,0.00019248058038584515,5.718820498358041e-07,9.906015737795905e-07,3.208202228478543e-07,1.2757801694576122e-06,0.9920509515314428,0.00011599400026455957,0.007203944229359982,0.00043347057453079017
589641076,0.00306783491577312,9.8120475176877e-07,0.00012211535341776522,2.017102066843132e-06,1.2259054129352546e-05,0.9832005970828803,0.0004308017183209885,0.009112985659912134,0.004050407908747793
589642050,0.00018572725785814714,8.841468378409358e-07,6.472505899378505e-05,9.205196852820686e-07,1.029783814518617e-06,0.9940699343840432,2.2617435082453767e-06,0.005555868992611752,0.00011864811264737394
589642482,3.462980283958875e-05,0.0005923009175892866,7.797438200489376e-06,2.003561559245204e-06,0.00427984866247714,0.9532805684244696,1.2858977141949992e-05,0.040998513353023305,0.0007914788626994108
589643196,0.0005080283143820413,3.218958686280069e-06,1.303234962215362e-07,8.351733346159328e-07,5.600534541432476e-07,0.9985230572219852,3.21386393047984e-06,0.00046934570506313507,0.0004916103856679567
589644881,0.00025454368007860414,1.247989156157715e-06,0.00017457690354602879,3.977687403998832e-07,5.6514389353314865e-06,0.9919969405660956,0.0002433130371445767,0.006904342186867281,0.00041898642943600335
589645040,0.000539475818292641,1.7064084583377466e-06,3.141448836943541e-05,4.778882709428882e-07,6.424937654123172e-06,0.9868911212084039,1.9852611724661576e-05,0.01210767104101687,0.00040185559780895496
589645063,0.0010863311697771473,0.17159891310296355,0.00021731597752887096,0.0018003545958136997,0.0016769523947865281,0.5106570146047086,0.193136057780543,0.1191729815779351,0.0006540787959435572
589645210,0.03552862290638449,3.49482862225672e-05,9.780477400714055e-06,2.9451136441773737e-06,1.0957283794944108e-05,0.819532855394776,4.1343677420723154e-05,0.14228713183547198,0.002551415024884444
589645235,0.007183634391893222,3.941082904344552e-06,0.00015220450310395937,2.9304561672947946e-07,4.2394072571759086e-07,0.992137067920118,1.4143845797500162e-06,0.0005041939370584857,1.682679399965854e-05
589645264,0.006011315699727118,0.00032435199081964406,3.888266062198169e-06,4.1368402368102435e-07,1.2436299339366568e-06,0.9892232023722765,3.417781552997944e-06,0.004402280136435964,2.9886439168025542e-05
589645363,0.00173110549458051,0.00012615757058022083,1.781429728833995e-06,2.385017277420564e-07,1.150015355731299e-05,0.9969022146442595,5.386109486363799e-05,0.0007985577124522408,0.0003745833982500651
589645466,2.3203605206445712e-07,0.9930736986413724,3.684340997096193e-06,1.4048742739516167e-07,0.006308640298376587,0.0002923255119965301,1.4100772665283336e-06,0.0002719245733255068,4.794403318576787e-05
589646466,0.00020881751724461818,0.6051862991505315,5.281845633214907e-05,7.021693380942844e-05,0.00024320174586563598,0.23473471162292428,0.00018141139258921507,0.15927284140411668,4.968177658651588e-05
589646632,0.00010541159956805267,0.7999621774669098,6.341703772263915e-05,1.3291923265018529e-05,0.00014764348878347676,0.1070477248080047,9.898297026097907e-05,0.09253306234132147,2.8288364163742124e-05
589646688,4.145811455849764e-05,0.7704005195345633,0.00016694690237878054,2.0167192491282566e-05,5.391011965819485e-05,0.11383026274930708,0.007782748944130921,0.10767209884184267,3.188760106916312e-05
589646797,1.9012521721422026e-05,0.7751295641737738,9.49552700483526e-05,1.7648280586030563e-05,7.843779626862453e-05,0.1768171098264767,0.006584286622138167,0.041229721342219215,2.926416676774672e-05
589646862,8.52388122058337e-06,0.9001818998143536,2.87173514105582e-05,2.9402163325117407e-06,5.1461365107207137e-05,0.02742560615601969,2.9237199919871447e-05,0.07225958876219032,1.2025253445661628e-05
589648314,7.632074033952912e-05,1.094610089753645e-05,3.06367656624716e-06,1.1407241132268196e-06,4.650534993175324e-06,0.9995833147249915,1.9894937313954398e-05,0.00017371119081231734,0.0001269573699725186
589649551,3.483413589359314e-05,0.9241148979312517,1.807306065458186e-05,9.64486679378692e-06,0.0001331249383258591,0.06826926746167987,0.00012066250860575872,0.007288793797766961,1.070129902795363e-05
589649953,2.6623175984628534e-05,5.046141551769361e-07,7.589658547965363e-07,2.8388114905109383e-07,2.4494141633457137e-07,0.9985105830786507,6.427864190765631e-06,0.0013955947111439653,5.8978767454506036e-05
589650138,0.03560104484299352,5.817079347312364e-06,0.0008214084801900573,6.665975045843872e-06,4.633361929326488e-06,0.4117712542968762,0.0007925846969037042,0.550894995205699,0.00010159606101494813
589650780,0.004049102999850946,1.9362631741875158e-06,6.711793941253109e-06,1.6490634520316464e-06,1.0207465511687788e-05,0.9653416292088444,1.956170671890901e-05,0.02565958174844805,0.004909619750058443
589652247,5.9364316643334704e-05,1.0559901015905799e-06,4.153191635342869e-06,2.169281287706327e-05,2.5190027234210293e-06,0.07462050348196578,1.440329784517238e-05,0.9250283540599886,0.0002479538462196325
589654014,0.0003702887607512618,7.970879393769906e-06,0.00021373766006394117,1.165497720482146e-06,1.7876892933421889e-06,0.955750400584719,3.688582000090403e-05,0.03481591651627837,0.008801846591778819
589654034,0.0005846492932102883,9.306533400162335e-05,2.7574484396018475e-06,9.713740351177738e-05,0.00013378636705710823,0.8902030244129872,1.4997807709368141e-05,0.09244058514929933,0.01642999678378375
589654154,2.9581457090665282e-05,0.00025680106245074463,0.0009555163882292029,1.1182003883324474e-06,7.862859503799646e-05,0.997043744410089,0.0003950645572261133,0.0006982917648276095,0.0005412535646602651
589654176,5.6778961415528776e-05,0.04103036488148633,2.1502748862253036e-05,5.561402437831781e-05,0.5980209029357404,0.23797906352365567,0.009097742016112942,0.11322147504051146,0.0005165558678371649
589654183,7.468853233946957e-05,0.7415690381672071,0.0018698137125455685,0.061496811013337815,0.01018508670965294,0.030200172550999167,0.00043432172607107446,0.10095808397250645,0.05321198361534045
589654280,0.0038018642312607443,0.00010651320468877572,1.0097964583100974e-06,9.758699543804539e-07,1.2612105294200251e-05,0.9888125932359776,3.0019253144653173e-06,0.004827539148971959,0.0024338904820796156
589654379,0.001238973997211581,6.6546941979636745e-06,5.843882581865997e-06,5.413209974918469e-07,2.547473365160329e-06,0.9705644836103428,5.864807776678826e-06,0.02785784365186651,0.0003172465616598379
589654778,0.00011095960557467705,0.001167649052854846,4.1430096925285934e-06,4.018398007992625e-06,0.014281976084374929,0.9809579405570187,1.785455541852364e-05,0.0004445057582731718,0.003010952978784768
589654997,0.0018597826424215911,7.105339680800688e-06,1.1359832628209522e-05,0.10038587731244682,2.0586223817560347e-05,0.754409897536092,0.00020416188623630102,0.13440416938806488,0.008697059838611854
589655191,0.00010624298306377922,9.187197406967987e-07,0.0002868443043814727,2.824340268028872e-07,5.073448771187993e-07,0.9939194892700611,1.6769712147487094e-05,0.005600828701972458,6.811652972904098e-05
589655314,9.70452810101326e-06,5.098807492267927e-07,4.312713373444407e-06,4.320259651253275e-07,6.688380436955162e-07,0.9990810457104435,2.4490067739675554e-05,0.0006582443222961059,0.000220591913288195
589655401,0.00010371302611362084,1.1839038040318452e-05,2.305884978516423e-06,4.598499136413165e-07,7.558958625842656e-07,0.9946862415398657,9.19777488426311e-06,0.0042010864780403665,0.0009844005123010317
589655420,0.0072615981070663065,2.477622397834372e-05,3.5689402281129845e-05,1.878680930210622e-05,0.0005869279965107552,0.750359522071037,8.710480893054996e-05,0.04170382114955483,0.19992177343133904
589655704,0.000210467449934627,6.346069336599435e-06,5.046310204655047e-06,5.069175877445416e-07,1.4610798534527602e-06,0.9585245059412542,1.904910297616198e-05,0.04102186003679152,0.00021075709206115357
589655845,1.1617447499619107e-07,0.9993401111279706,4.001982553693138e-07,6.034015246640652e-07,0.0001585425313145559,2.2545450145207186e-05,7.552438124957552e-07,0.0003171811414840462,0.00015974473101810764
589655876,3.403728755253209e-05,3.084484667630584e-06,3.0248444062451712e-05,2.960777382530606e-07,3.0909114047508212e-06,0.9958556234523674,3.201541987375043e-06,0.0039064283985890975,0.00016398940163048732
589655913,2.011363487971128e-08,0.9998865322374325,3.762929618892127e-07,4.901708321898681e-06,6.330144373403886e-06,4.57989334774349e-06,7.973635033360901e-06,8.630135436629824e-05,2.9846205282151312e-06
589656289,0.0004298207911934039,0.4571826429485868,0.001904897188917758,3.2727719021453204e-05,0.002364918547643644,0.38522993591907634,0.0002181726482649576,0.15213081462959752,0.0005060696076981744
589656347,0.00020474411246862494,0.49900402043449016,0.0002831601468882891,1.9802625597456045e-05,0.00017355214026941384,0.3113115845572989,0.00010846904460592524,0.1888553429400806,3.932399830053287e-05
589656594,0.00023794971760828973,0.4961786855164953,0.00012644762916476322,1.9678942728965903e-05,0.00017067155111716458,0.20662448221006507,0.0008277747311868762,0.2957328414848726,8.146821676106615e-05
589656969,0.0010669993913586247,7.595491043303114e-06,2.4772848891276526e-05,1.5283412481419726e-06,4.990052371920003e-07,0.0024402068497203335,0.0009866913663070212,0.9952739777173389,0.00019772898885514587
589656997,0.00011262908392975516,1.760333458773444e-06,8.417319854198799e-07,1.0921596129246484e-06,1.3758844815998613e-06,0.9892600590585797,1.2515693471671523e-05,0.010424529903572214,0.00018519615090808322
589657024,0.00017701794134780685,6.825953947485991e-07,1.1482451360210986e-05,3.8071639005345097e-07,1.9476423587908127e-06,0.9867209962653499,5.685886556795666e-06,0.01218444370707385,0.0008973627941678511
589657428,3.524918637856578e-05,2.1786440227859733e-06,2.758515620220626e-05,1.029107897103652e-06,4.391262293194477e-06,0.9955866726770649,6.071628447479401e-05,0.0017121872778339444,0.002569990403832651
589658507,0.0003343115280383142,7.868456187473762e-06,2.3623469529213545e-06,3.082926322416472e-06,1.3091880466895375e-06,0.8982265132758901,3.916128642091901e-05,0.10108965244388049,0.0002957385482606521
589658589,1.5819955020334948e-05,5.3774368201063845e-06,7.69188337142887e-06,1.7950999197797616e-07,2.6293618771301114e-07,0.9992543162717145,5.568938382298261e-07,0.0006891987091282373,2.659640392730885e-05
589658819,0.12110262349961987,2.754679997595363e-06,1.6631301810260283e-05,3.8787960109960346e-05,3.50309011627657e-05,0.7508722857207799,0.005846977259493634,0.08774414639887396,0.03434076227815218
589659155,5.180631710947739e-05,7.588472467301646e-07,8.116456841677118e-07,2.845162105671135e-07,4.244181056572816e-07,0.995217123386141,2.8270172919008138e-05,0.0038647481677144837,0.0008357725288686991
589659326,2.4885789552273994e-05,0.44240417917899366,9.839315053338461e-06,0.0005162338548365323,0.006695504859112111,0.023610351787499793,0.37168996075515004,0.15060584009347433,0.00444320436632789
589659508,2.3274687364059013e-05,0.13172264956204194,8.739778688139945e-06,0.003957642390949004,0.0006087291981799215,0.1776248924138602,0.002362470595887389,0.6814489197126358,0.002242681660393426
589660168,0.11782725312741822,0.007789362278091594,2.227771042819306e-05,2.5880969394811368e-05,0.00031794831342033973,0.6450894644994725,0.00020030602069768573,0.22820996307243888,0.0005175440086377732
589660415,2.100673042378748e-08,0.9998717196056474,3.084054283523517e-07,5.539641899580841e-06,3.5736683194179414e-06,5.9061884658308845e-06,8.626631561597958e-06,0.00010143106688748206,2.873785060028207e-06
589660452,8.874480640890936e-05,6.304065045315882e-06,2.679799470878843e-06,3.852361756952234e-06,7.2300771021006205e-06,0.6274295633270739,0.00019055982002874058,0.35741083396473716,0.01486023177837611
589660696,1.6702195500335657e-06,0.9836484963656446,2.0608883570874266e-06,2.9950809048305993e-05,0.0028036453869886304,0.0063518370867855735,0.004036345707323007,0.0028709259401275265,0.0002550675961749449
589660762,9.36869339151498e-05,4.7174179582139724e-07,1.4182067130566294e-05,4.884164980175786e-07,2.628303556475555e-06,0.9987399335307086,0.00016826005749894982,0.0007128668027522758,0.0002674821461441909
589661376,0.0036427420666404245,1.4577105644834463e-05,0.0011579497686074174,0.0002171435851214266,0.009990267370466075,0.4892159229472702,0.00021006968406439845,0.48842516962672233,0.007126157845462874
589662414,2.5275837168960163e-05,5.484099199842131e-07,5.8497010146893855e-06,3.57377116239232e-05,3.1572747582944256e-06,0.2540444785615058,7.099247926493465e-05,0.7457362546858632,7.770533888003448e-05
589662481,2.4936134001963676e-05,3.689375339631589e-07,2.047731427805253e-06,7.476095435687674e-07,2.930866228872958e-06,0.13928162753397272,0.002197605396826647,0.8582373100823885,0.0002524257080758358
589662575,0.0003732923049057679,3.9754368339971815e-07,2.75435493347052e-07,3.7830596169683733e-06,1.5969597728750593e-06,0.032631456911769004,0.00013795589086876828,0.9667292133795404,0.00012202851434933613
589662718,0.00013088058466564884,3.1876001972895575e-07,3.466301854207702e-06,5.179555726338957e-07,1.49238211149128e-06,0.9820389534542097,3.147185806169848e-06,0.017745849875665798,7.537350009464675e-05
589662935,4.997885256062981e-05,0.32635936113795816,0.0183403682010327,7.841862821744126e-05,0.13423120401958485,0.1280821767480909,0.03530993214010157,0.0634011599232158,0.2941474003492378
589664264,0.00026443170370219155,8.714921765875142e-06,1.8910315768264757e-05,1.4577531894565192e-06,1.5271039752645528e-06,0.9104896545521142,0.00017864916505098608,0.08898469496355574,5.195952087813416e-05
589664422,0.006365058300014168,2.5104798367428463e-06,3.000556344369993e-05,1.745333801782596e-06,5.233593349256661e-06,0.7595390951661252,6.913543704117987e-05,0.2335674556029887,0.00041976052339921956
589664612,0.002988263288747931,0.693868919171636,7.366383210197688e-05,5.119261145062104e-05,0.133272924947682,0.06475833331149275,0.0001417612580485019,0.0020333254587525714,0.10281161612008774
589664785,7.059325246575099e-07,0.9734757197135078,2.02782953628772e-05,2.5418784356934404e-06,0.00016930232413536837,0.0036182006412337556,7.001016820296083e-05,0.02257896613094263,6.427491565430752e-05
589665151,0.00015133217990113734,7.411504640292068e-06,1.8728508284867576e-05,3.7358880948484427e-07,2.9228696251306945e-06,0.9970117059373459,0.00019032016371359735,0.002367144083331954,0.00025006116434765787
589665712,0.0033699373000475445,2.8762327398918608e-05,1.089337435090912e-06,2.8868125142180785e-07,5.720377418182049e-05,0.9943702670592229,3.1151101688467204e-05,0.0015992437739852008,0.000542056644788568
589665871,3.656516094030061e-05,2.5388751853998263e-06,2.4827348579521924e-05,9.426532083528516e-07,2.401446177261299e-06,0.994449115223064,6.3443597128534545e-06,0.005098059745728689,0.00037920518740352827
589665881,0.005677312775894115,1.1982828611136553e-06,5.565053790061249e-07,6.953008525696443e-07,2.2431472248388315e-06,0.929008506196548,3.47628989683036e-06,0.06523369569236602,7.231580897753194e-05
589665931,4.9087001867469015e-05,3.0111168087275884e-06,1.4925025990963745e-06,9.358889778431911e-07,7.28904117887187e-05,0.9850218330738609,1.3572950594380041e-05,0.014474266503663657,0.0003629105498391506
589666035,5.5829359903736456e-06,7.0076858509508216e-06,3.5291221326465488e-06,8.17823081535534e-07,7.532100152843066e-07,0.9992184821225514,3.27576550640918e-06,0.0005069986079006801,0.00025355272697065803
589666037,0.0006726085299422816,2.2993404841206303e-05,2.339369325744712e-05,7.028518546235786e-07,3.1553670250756536e-06,0.8796714127803111,0.0010385847967459513,0.11813720026826731,0.00042994830775485717
589666050,0.00014205326331660108,9.831007409742441e-06,1.2971330600599078e-05,3.6028938225924316e-07,3.13040800903418e-05,0.9980227859475462,3.2088280552401287e-06,0.0015687783557334315,0.0002087068978655
589667016,0.002703093672785299,0.0003825441312900058,5.366365395878223e-06,8.530621021202097e-07,5.6198773704683584e-06,0.5980062911452223,0.0008703687923382744,0.3975371132740118,0.0004887496794838259
589667061,0.004214034134911162,5.141568959052383e-06,1.94226043877918e-07,1.0196584248801766e-06,5.377604966793414e-07,0.993224010086126,3.935026731410037e-06,0.002522291852006368,2.8835686300381818e-05
589667121,0.0012648263729285398,0.00035971668464532605,1.0453841874061284e-05,1.1885100845895069e-06,0.0001597864798110412,0.791738099397679,0.0008388316476802065,0.20464631835259972,0.0009807787126974864
589667280,8.308343579213864e-05,2.932400397502229e-06,2.3122569273535245e-06,1.5336661448797011e-06,2.191729995090913e-06,0.9908379190657788,4.018783088203841e-05,0.006321986344307411,0.002707853269774684
589668178,0.018292058695937325,5.5265568935449395e-06,1.7150480107375585e-05,4.363567391269791e-07,1.1546264254283778e-06,0.9802811663567802,0.0002134642655870616,0.0006146008237016461,0.0005744418378284555
589669967,0.001494489301921917,2.0356308444308477e-06,3.512804787230872e-07,3.0966178890954753e-07,1.307675215726735e-06,0.9938947916660489,3.4353822908422956e-06,0.003629593275417272,0.0009736861259934095
589670413,5.283869535457548e-05,2.1530749783953105e-06,2.3583322747104403e-05,9.864010694113213e-07,3.2095001250703e-06,0.9938986184860958,9.772116116726447e-06,0.0043622345811388605,0.00164660382237392
589670559,0.00553010538145698,3.015452113736778e-05,0.00015095548936686223,1.2911769368963574e-06,1.1121757079915353e-06,0.9678044419343707,3.27310723188824e-05,0.024101840194864745,0.002347368053839871
589671370,0.001230535059824161,5.164024048763085e-06,2.2915407656965818e-05,7.417628423005015e-07,3.4972426577755842e-06,0.996856397005321,1.418601278121663e-05,0.0017053931953218426,0.00016117028954607378
589672410,0.004123721617347461,1.1072700981206216e-06,1.1407817224339186e-06,1.3068881762803648e-06,2.29538052219504e-06,0.8676982960618972,7.36157348866529e-05,0.1277057555600121,0.00039276070533742077
589672725,2.189157574282661e-05,6.95044890668588e-07,6.11587539668681e-06,3.2042788156862387e-07,4.882257238412508e-06,0.9983405966746233,6.921431155498069e-06,0.0014668372885193585,0.00015173942455153118
589673081,1.2440745223560314e-06,0.9913236733340753,2.8440659109134685e-06,9.077637468812732e-06,0.004266247595428006,0.00024061944306603142,4.838787295528466e-05,0.003885694874354202,0.00022221110221901018
589673223,2.9901422208371828e-05,0.9861778630101444,4.702373895591216e-05,1.3041777923193256e-06,0.0015045606523440788,0.002910659456509518,7.225594340292535e-06,0.0003779540882238023,0.00894350785948136
589673447,7.271053433478187e-08,0.9987549314815297,2.230751806317743e-06,2.105127266362349e-06,0.00044319612595536867,4.066368476537944e-05,0.00012802511559475887,0.0005427189439718009,8.605605857600745e-05
589673567,9.077571198727595e-06,0.7327400443583787,2.0315462685967293e-05,1.0869842309528503e-05,7.275139158412593e-05,0.030444677465316698,3.2374130103446095e-05,0.23595653426761207,0.0007133555108107437
589673733,1.8903021389117392e-07,0.9928204479441398,2.3619798546791264e-06,2.8568116034254977e-05,3.5967608474275946e-05,0.0003755436139099241,0.0025684390361912237,0.004167062483684981,1.420187497027103e-06
589674007,0.08809484447405631,0.0006527449875229055,0.00010551515970772447,0.0014586985048888543,0.001146571975296948,0.5213257901068925,0.0002632246615982152,0.38453580355417644,0.0024168065758600568
589675810,0.0004897395749641064,4.1945657178732246e-06,6.646879765394529e-06,4.0140116232146675e-07,6.830550590724719e-07,0.9920183952960855,1.9385026334317156e-06,0.007383106386624133,9.489433798828736e-05
589676011,0.001700603398933331,0.0004638963783715099,0.0005342688290909341,0.04736253669139601,0.20525939008964156,0.6670341627462377,0.0011695959305978152,0.036064191638733666,0.0404113542969974
589676630,0.0014375636492722915,1.5698093052153179e-06,1.9562544403763835e-06,4.919839054188358e-06,2.545223579610654e-06,0.3580403324151614,0.0001054488639868159,0.6371339952830215,0.0032716686621786254
589676857,0.0029584105676423627,4.569777737580329e-06,0.000833777081312387,0.00020950502812869037,1.3128145847415691e-05,0.2638694848140071,0.036615282891841176,0.6932520697995339,0.0022437718939493424
589676979,0.0072679164126669095,2.724733390892609e-06,2.5396055854458405e-06,2.3976465649939593e-06,7.502690045098524e-06,0.9086612641286138,3.046796650333804e-05,0.08312748515122663,0.0008977016654028848
589679195,0.0010614100725327656,0.9771508341574104,0.00011618865889733939,2.7406161751881586e-06,0.01141629592443945,0.007697412179475,2.0126854007849176e-05,0.002474726217982135,6.026531907971e-05
589679886,0.000345903941829225,6.206211834547505e-07,8.989769975870613e-07,2.3931834279194224e-06,8.70836526268142e-07,0.8485384783137837,1.4399881273301701e-05,0.14785249895318917,0.0032439352917893833
589679904,0.002721910231344301,1.2413026001990933e-05,5.144633848994497e-06,5.582459766919451e-06,4.119175070939573e-06,0.5633081471812406,2.2468004110950535e-05,0.43380203449442767,0.0001181807941876407
589680591,0.00022670922940012367,1.7092677863263532e-06,8.39404509926424e-07,1.3917230838939612e-05,2.3752480288982427e-06,0.014328666337451213,5.134557250070737e-05,0.9850643097996749,0.00031012790980899214
589681462,0.02452048402743091,1.2425460714686188e-06,2.780365541333101e-06,1.442162270663866e-06,2.08922896726627e-06,0.8301330794738059,1.6755363183787838e-05,0.14385741410456365,0.0014647127281650911
589682555,5.9190553462564076e-05,0.03187191002774632,3.122370504251707e-05,0.0005337865162839803,0.0007556020936938883,0.7647524253228885,0.0020370443735071866,0.18599382858548275,0.013964988821892316
589682867,0.0017447400661427677,7.75808654479921e-06,3.833158669445911e-06,7.50506264648262e-07,1.4141591169043675e-05,0.9925850775816357,2.833499046920895e-05,0.004779264190341548,0.0008360998287628089
589684413,5.0951165085782495e-05,6.774372147499431e-07,1.1300562558386378e-06,3.222532267821496e-07,4.7136781481961457e-07,0.9928769299331659,6.856175167231006e-06,0.006897024392022791,0.00016563722004610607
589684827,0.010855715349091433,1.7375735085230752e-06,1.700669137194803e-06,2.075464284502731e-07,1.1050547061282396e-06,0.9882359181866935,4.646456090532821e-06,0.0006462256303897908,0.00025274353395454046
589684864,0.00010147356182248766,5.204786469428781e-07,1.8475486620966007e-06,1.7065239005591129e-06,5.241573645039466e-07,0.9960703747140599,1.31805936738068e-05,0.0034186633680371712,0.0003917090538325549
589685081,4.211873254125956e-05,0.9711543930839301,5.279929734843011e-05,1.1530863182371685e-06,0.024469103400371207,0.003987724645367031,3.7958950020753332e-06,0.00021069764190202674,7.82142172194872e-05
589685100,5.384511369760348e-06,0.9795375223710738,2.1226522113068274e-05,0.0013421033099756663,0.0022283974779737556,0.0035504116263342664,0.0016117158742943167,0.00971397608628806,0.0019892622205771103
589685160,0.00013618940134195592,0.9731174689149767,0.00024076050852585447,4.953914516232491e-06,7.36692424065481e-05,0.0009815026397501576,4.6559877080068044e-05,0.025389875807721597,9.019693680725586e-06
589688360,0.0013308359833943879,1.2409176057389791e-06,1.943437233273175e-05,2.0155224070996478e-05,6.052289837428154e-06,0.8637040639444058,0.0736807285384527,0.03418860890066493,0.027048879829235428
589688604,0.0298063230625027,1.262062701165869e-06,1.3562970515031467e-06,1.5470578753877488e-06,8.58401226385723e-07,0.01750661177855006,6.914737145754324e-05,0.9525818295655919,3.106440304333451e-05
589688616,0.00011788367743061357,6.221726520447752e-07,2.733879669123875e-07,5.619115718405875e-07,3.5557615730438737e-07,0.009112649241646138,0.00036912042502468875,0.9903689335707865,2.9600036763959035e-05
589688722,0.49002730141390705,4.14933166274875e-06,1.2953657423985008e-06,2.251221342041318e-06,1.121941202827411e-06,0.11768850772387258,2.4400156266322893e-05,0.2972432155951942,0.09500775725080987
589688801,0.009953508533391883,5.751541209894673e-06,2.43742709545625e-06,4.246308274660339e-05,7.082067119092183e-06,0.15941956159628382,4.999994887880568e-05,0.8213707799824282,0.009148415820846198
589689732,0.0005220540219892919,3.43585718664255e-05,1.2269216286631274e-06,4.4497382238947246e-07,1.1980857791485656e-05,0.9899790076312549,2.1439054037582865e-06,0.004433170665761953,0.005015612450481228
589689931,4.209784539178338e-05,8.557627489613194e-07,8.255277566760518e-08,2.57001988200609e-07,3.3006683254987773e-07,0.9998179540237053,4.2577926290205966e-07,0.00010958662788465961,2.841033940995901e-05
589690006,6.691965084226424e-05,3.509687207283265e-06,2.3480517092531316e-06,1.9514011268067697e-07,4.5579405498983007e-07,0.9985910371859925,2.445787449400645e-06,0.0012737254069936927,5.9363295638009184e-05
589690188,8.412218508264254e-06,4.898250421215841e-07,5.569074815330261e-06,8.010636528681873e-06,9.494661333660446e-06,0.9964924169709798,1.0487689450460415e-06,0.003314139410027274,0.00016041843381985017
589690306,0.0006526443791805591,1.1292400430453332e-06,1.258128607764763e-05,4.375110018729914e-07,6.886549102646151e-06,0.9801165326923128,7.986572953703992e-05,0.015617874512603856,0.0035120481001404934
589690787,0.000156862224268163,8.585723177850284e-07,3.4841785028589864e-05,5.868462126104568e-07,5.331746331011362e-06,0.9977067063194797,5.3402272118888245e-06,0.0006929644933559114,0.0013965077857943462
589693943,0.048039432289546824,1.4681118255763932e-06,8.07693508981778e-06,2.6028304642800743e-06,4.616720006330549e-06,0.8032871693812197,0.0002376087941448251,0.1482551736318423,0.00016385130586035642
589694191,0.0008112935031264204,7.135506209949131e-07,1.136338488622855e-05,8.670594120813499e-07,3.019580377065409e-06,0.05099175539324623,4.234055906018394e-05,0.948089089486575,4.955748269585378e-05
589694200,0.007772123060443903,2.2596010711031065e-06,2.1060884828568533e-05,3.4541507837077907e-06,9.636731496264171e-06,0.7533674615681192,0.0011438237508784662,0.23670793711377863,0.0009722431386001024
589694392,0.0012959155550345794,0.21361800436032774,2.2255207228292038e-05,5.554567767524464e-05,0.000499054269500921,0.40856486852567964,0.009615278852442408,0.3655188731677561,0.0008102043843550729
589696112,0.00619561454845379,2.8585340943628288e-05,1.486704282811717e-05,4.389256052394981e-06,3.169403055300481e-05,0.9075013337637337,0.007742009054948954,0.0555464330352697,0.022935073927216713
589696361,0.0005793504258459725,8.067507377458893e-07,7.633533695204661e-07,4.377384346509618e-07,1.786629216878991e-06,0.9979118728413547,3.837977500793563e-06,0.0009073134854041792,0.0005938307981356043
589696723,0.0007784681239250407,0.0052251615325233595,0.2269417203164164,0.009028890580841912,0.026465307169474102,0.2100465159724776,0.0003947387894461849,0.3946012606529421,0.12651793686195328
589697175,0.02256883627328731,5.559894739762736e-06,0.0018340693396915128,2.9859648109532713e-05,1.9994780796972323e-05,0.6656693533660708,0.01691233327861163,0.2928536383997295,0.00010635501896288238
589697302,0.005733759705668995,3.430383464212937e-06,5.616136720883811e-05,0.17822770410660022,1.6711775747389628e-05,0.7475751544763305,0.0008215749776809319,0.02726246672266653,0.04030303648463236
589697529,0.002573117342024559,1.3404381360321535e-06,1.0821394445840101e-05,4.129970981248624e-06,2.5489486847041036e-06,0.9664934538999465,0.009974506898685283,0.020392179508228376,0.0005479015988676336
589697812,0.0027289729892357203,0.00015272649128432648,0.0004797398865985231,8.504303286820617e-05,4.3068828523829405e-06,0.11910629530033494,0.00035986853645860134,0.6653585998866572,0.21172444699371012
589697922,0.0003946318097117536,5.257682557481173e-06,2.4624946962450152e-05,2.7094871865545663e-07,2.8969544029763287e-06,0.9959867790993664,1.3595359845343679e-05,0.0030604010943605232,0.0005115421040744747
589700941,0.0020458707880769865,5.711723632765485e-07,3.473285756574986e-06,8.072063322958412e-07,9.663756680600938e-07,0.9870565620748535,0.0002727428461896039,0.002881461200878424,0.007737545049881357
589701301,0.0011815349338364812,1.2842136762652666e-06,1.8320749727384813e-06,5.408024151121433e-05,1.042023749055627e-05,0.9883776760877504,5.270437107600593e-06,0.009999230098013226,0.00036867167564155675
589701406,5.2212941520286534e-05,2.2149169510274873e-05,1.9043254951856478e-06,0.0015291725340667727,9.78746626877636e-06,0.951347473423926,0.033681244399813084,0.005697877383451717,0.007658178355947798
589701442,5.058977400157009e-05,3.3094553015956377e-07,1.9350283230881685e-06,3.516971859703246e-07,3.4957928007154667e-07,0.9964237317955653,3.925784658549688e-06,0.0034858836704051628,3.290172505005854e-05
589704957,0.00042411863951713117,5.954094783495752e-06,8.824926002743548e-05,0.29447795314561614,8.719001609359312e-06,0.30705108139835574,0.00019751833834553883,0.38362795763081425,0.014118448490930935
589705018,0.001178410723563457,1.797151086066807e-06,0.0008469786163806701,3.3116529104672035e-05,4.2509874717699195e-06,0.7407645716652874,6.21552023036277e-05,0.1873830417004549,0.06972567742434728
589705042,0.28163995668903963,2.6260949795133768e-06,1.5858464862544217e-05,1.764207766685586e-06,3.857302302285726e-06,0.08818871992969504,0.00012135432559874179,0.6299426771159254,8.318586983006565e-05
589705510,0.023548917261896334,1.017446058706061e-06,2.880473520830537e-06,1.9226484578074413e-06,3.042041988003697e-06,0.9448063390371125,2.3388027468308722e-05,0.028816133666710507,0.0027963593967870047
589705898,0.019923007451264272,1.4311622365525969e-06,1.2509423107762276e-05,1.1923353313030275e-06,1.8570046609232146e-06,0.424251177175874,0.0002873353096793949,0.5553832788842151,0.00013821125363066482
589706024,3.816729068556043e-05,1.5355763865863463e-06,7.127498379150642e-06,3.986184838251326e-07,4.4255659867159803e-07,0.9727524705884809,8.283843252769595e-06,0.0271582763172256,3.329771050682775e-05
589706264,7.562540570119228e-05,3.5721091052835864e-07,5.405281086896136e-07,2.305946095728649e-07,1.071277873688999e-06,0.9983744676088764,1.2469465644698231e-06,0.0013016828213289948,0.0002447776060264514
589706502,0.0005991795358486504,2.4578855404925854e-07,2.451077128296721e-05,1.2259017307803204e-07,1.9156655461402555e-07,0.9982756983124608,1.2795312266548183e-06,0.0010602061725028178,3.85657313966282e-05
589706644,0.0019113315788551767,5.505419026081305e-07,6.670931443649935e-07,6.022651214205133e-07,8.49753540010324e-07,0.9819261035383858,0.00012405764702413138,0.015489782301782684,0.0005460552802436991
589706707,0.000492823204405845,3.6313115196002933e-05,5.69295144091167e-06,7.433579925800352e-07,1.1784419398920002e-06,0.9940327324156799,4.158452754502888e-05,0.0051701287166729835,0.00021880326912702142
589707916,2.3839852095986997e-05,0.3191689381818973,3.477836391113584e-05,8.01608074826199e-05,9.873223737604352e-05,0.21350631179700663,0.0005762927386402837,0.4661181301015721,0.0003928159200178818
589708408,4.533453382443043e-05,4.9498456736509385e-06,8.582789714649623e-06,1.9112533594576494e-07,1.0022305942031485e-06,0.9994045912999827,2.3019315209590025e-05,0.0004387848506346736,7.354400903012855e-05
589708651,0.14918122023613178,2.4374190153952277e-05,0.00017311411300144803,1.3972899854459494e-06,5.382921560188297e-06,0.8483118223192166,2.0336941409185195e-05,0.0021426419790978044,0.000139710009443588
589708749,0.00039528498491719157,4.705808196813521e-06,3.403115504048448e-05,1.0535808786146599e-06,4.235185821775223e-06,0.820711078412639,2.4306626974174127e-05,0.17830859296301335,0.0005167112825186094
589709256,1.7684092085708858e-06,6.422074539085953e-07,8.30870872146618e-06,0.9725949776329058,2.637327039462809e-06,0.003632275191293807,6.943091669003696e-06,0.02343295246877335,0.0003194949629347107
589709407,0.0015863824751101193,0.0002578021615271926,5.934593545460986e-05,0.0025432554341130184,5.270614594246572e-05,0.6957129380761593,0.0005298815246302709,0.13063792652306422,0.16861976172399878
589709560,0.018080297598135082,1.870110435456267e-06,6.251832568704063e-06,1.3939557203630415e-06,3.0125093140658793e-06,0.2725210734578967,2.1291816470323906e-05,0.7093266714356636,3.8137283795573756e-05
589709628,0.04660318587297508,1.7275130674480631e-06,5.393714359026645e-05,1.7863984208913223e-05,3.969151815442015e-06,0.5191427458544411,3.3462358450392875e-05,0.36784336737811146,0.06629974074333991
589711120,0.05124102425729299,5.021591113443158e-05,7.5107268444107e-05,2.5944498457898513e-05,6.520094620429948e-06,0.30273094655583516,0.0006733658533922469,0.6445791957361017,0.0006176798247210496
589711142,0.0005718207081422833,6.224346874259215e-06,8.394114432521855e-06,1.3433413039556762e-05,6.475035887036439e-06,0.6255943792296021,1.0779118413596355e-05,0.369811652865895,0.003976841167713475
589711313,0.5741570205667423,1.5649821254016237e-05,7.723983758348924e-05,2.835931058919133e-05,5.1983216063231605e-06,0.09973440486232876,0.0014203079969381798,0.25699404867877884,0.06756777060417886
589711439,0.055099098618138956,1.8571356303402407e-05,8.165515664619929e-06,5.32674568351444e-06,2.8801837002429465e-06,0.686486106472983,5.483774005270443e-05,0.25742001219320026,0.0009050011742733619
589711493,0.00018983527767891688,7.125334823775932e-07,1.5633316766137282e-06,7.583465099978841e-07,8.941833838681009e-07,0.9519880766842487,0.0005117324715442343,0.04694590596879207,0.00036052120268319237
589711515,0.002901443537725511,1.1168810484288178e-06,2.708517977471126e-06,6.594188168008455e-07,2.3158930687340425e-06,0.16250080187336044,2.141134614037253e-05,0.8345310344303938,3.8508101468511204e-05
589711963,8.188100521656263e-05,1.2820095413239697e-06,3.381357739302641e-05,2.512329963272825e-07,9.894620605241415e-07,0.9951339665117509,5.05257124615431e-06,0.004663137935048883,7.962569474624919e-05
589712145,0.003742807170282312,5.160679187958599e-06,0.00010471146771845792,1.228145781474698e-06,2.203612741863491e-06,0.3048812014210841,7.812701049450481e-05,0.6911364326017624,4.812789094695888e-05
589712387,0.005961339108617673,8.372754398156319e-06,4.092194042300346e-07,1.1267306402290834e-06,1.0891183248546087e-06,0.6291432025103161,6.501188873866504e-05,0.36417241406515904,0.0006470346044011533
589712456,0.0037151542093538823,4.773346828292209e-06,2.489234123652423e-06,3.0793379612683433e-06,4.230428822097468e-06,0.8885493424399893,8.477490575367581e-06,0.10757329843401445,0.00013915507833171938
589712514,0.018502118750441963,2.060835875255237e-06,4.948819834482948e-05,2.0129239603795134e-05,1.8930097232214146e-05,0.2081644030151381,0.0005736999578828132,0.7720172193988024,0.0006519505066787479
589714985,0.0017249778899134766,9.270085168250088e-07,0.00011274600491769315,8.900240555128999e-07,1.4906669908180638e-05,0.9400104173247783,7.438309313579378e-05,0.057772624763048286,0.0002881272217258571
589715234,0.00029496356239128174,1.1575270061815374e-06,2.2265683937240434e-05,1.4658807863167737e-07,3.054413963301855e-07,0.999232591648721,1.3515882079622705e-06,0.00040919587424525876,3.802208601611536e-05
589715303,1.1178210236998509e-05,3.1691450912833152e-06,1.0365252037177863e-06,6.23217417025627e-07,4.13964884516155e-06,0.9968355419423702,4.18126982048187e-05,0.002711050733845753,0.0003914478787851915
589715632,2.273729035762838e-05,4.844374376485685e-07,6.670788453624332e-06,5.186363492737354e-07,4.279152583559479e-07,0.9979769636441835,5.2338604673763256e-05,0.00148008658483008,0.0004597720984561276
589717387,0.0020360199188258253,1.9893809651649133e-06,3.764150373897663e-05,1.4611476613614113e-05,1.8335013473955475e-06,0.01904305573110035,0.0014412447449020007,0.971989663111519,0.0054339406309876085
589717441,0.0009229462137098033,4.885471251634405e-06,6.021882214611278e-06,1.9187424515516562e-05,2.055745335061924e-06,0.04773713146977215,0.0003504675938543542,0.949807685367548,0.001149618831798861
589717612,0.004080898028321943,1.8775161643611198e-06,0.0025135337346492695,0.0009128903080649128,1.0797219581608532e-05,0.09176533876219245,0.0005432486375564131,0.12353993435653803,0.776631481436931
589717921,0.00024959291348902317,4.785023889808661e-06,3.484154069735767e-06,6.922341294646295e-06,2.5918033573416873e-06,0.807699037462549,0.1781616485479392,0.006251037517074942,0.0076209002363363
589719256,4.169978079895291e-05,0.0004157707744630714,2.8032636226955978e-05,2.1090605160436317e-07,4.89043046534147e-06,0.9992424511694786,5.486842990585524e-06,0.0002411177233500609,2.0339736174780667e-05
589719299,5.515007651522214e-05,1.429558484153929e-05,3.623952703885719e-05,2.385812589238732e-07,2.7083340265719488e-06,0.9965773965881588,6.299705816284712e-05,0.0031679272100883656,8.304703990876647e-05
589719695,0.0030262975867664577,0.407216990602857,0.0020340703426952366,7.198321944630757e-05,0.17237103535617063,0.3434287259902137,0.00032935216752377874,0.06661067193531046,0.004910872799016398
589719855,1.3728740817633839e-05,0.6126092963869858,2.93457745886074e-06,1.5732119748544693e-05,0.171637747728692,0.002025606840582458,2.7925727846729906e-05,0.21328226239936413,0.0003847654785039774
589719875,1.4111669266728002e-06,0.9083188456574792,2.0450351727069266e-05,2.1069159991915574e-05,0.07193777941314636,0.0012877867524458777,0.00012259683024738895,0.012189427088770733,0.006100633579264977
589720121,0.0036261071269583387,2.610252256772819e-05,3.1748424596007654e-05,8.794741609237398e-07,2.1522361539790457e-05,0.8923068455344018,0.0007200077221845728,0.10300956946832658,0.0002572173652642411
589720220,0.00023270472245492658,1.0044876904647732e-06,0.0008424078131224749,4.2760587652519026e-07,3.3526298920074047e-06,0.9918168798559831,5.1861659531452e-06,0.006191537851073754,0.0009064988679535292
589720232,3.363705491515302e-05,0.7256107749081646,3.409370050145266e-06,4.879045411475296e-06,0.22112202521999524,0.006331905101055334,0.00020354675536357326,0.0011513229629836416,0.04553849958206062
589720263,3.0010474976284353e-05,5.8831507179514105e-05,2.873685895313205e-06,4.7552257455450136e-07,8.005359543810931e-07,0.9993436638468254,1.3558460177466769e-06,0.0004244071699524163,0.00013758141062452362
589720415,8.546076885265034e-05,0.8825881693805879,0.0016635326150336409,0.009693563733023606,0.02527716968966015,0.01465550779996618,0.0018614171959924729,0.017697864878168292,0.046477313938715036
589720507,1.2154706478662066e-05,0.7541758314520915,1.4211241282661838e-06,4.000463250191964e-06,0.22178045808030017,0.0030820760968019285,0.00015654110921669299,0.0011014357871333867,0.019686081180599103
589720532,2.741321193045646e-07,0.9947419215146394,0.0007414589971028354,6.999160721599944e-08,0.0024257508613439,0.001544938871774029,4.726821014210254e-06,9.894942587785268e-05,0.0004419093845213611
589720592,2.2591313304871922e-05,4.668069349326353e-05,1.0022193999901697e-05,0.02402037237197771,0.00013396982952718593,0.5714186377218419,0.000915537646141867,0.018775881906909715,0.3846563063228037
589720619,3.3922227339660285e-06,0.9855204901649888,4.391122601679051e-07,2.2879817714619232e-07,0.004635757511183722,0.0004904285775670067,3.4721781939475455e-07,0.009289765999450915,5.915039581888621e-05
589721255,0.00022616843319043213,6.238011234517947e-06,2.863950777651556e-06,5.81340599902627e-07,1.1392454610446614e-06,0.9895760739457404,1.5455189418634146e-05,0.007755311161446244,0.002416168722130985
589722187,0.002472079453491528,8.76326662153024e-06,8.180898443499925e-06,1.8484829163212932e-06,4.233081843605723e-05,0.9897400005896758,6.475041741536609e-06,0.003287938421346153,0.004432383027327568
589722624,0.014686099722247103,3.2403057210706362e-06,6.470183774093129e-06,0.0010006147322973267,2.022547393171559e-05,0.8481342059443099,0.07942734816475436,0.025093019017698892,0.03162877645526562
589722707,0.00204982314400604,2.000044125149692e-06,5.443136075295448e-06,0.0035632263855322165,5.275902809907956e-06,0.43364722126293725,0.007923728556277567,0.552491577982093,0.00031170358614350535
589724520,0.008891793781173944,5.845583448167496e-06,1.6387958226529154e-06,1.7758730176206954e-06,3.6402065002250213e-06,0.9458462642255263,7.272549727496721e-05,0.017632770750597,0.02754354528663917
589725904,0.00044112282623329625,2.786483302591898e-06,6.834568394671739e-06,1.4300404277691003e-06,4.557646484179097e-06,0.9938483658491626,4.480231530745974e-06,0.005249501381823227,0.00044092097264093527
589726148,9.222537871440872e-05,1.2428740185267459e-05,3.863975682873435e-07,2.416768300320964e-06,5.588853287384039e-06,0.997442620778165,9.054507868726676e-06,0.002179682532646614,0.0002555960432640416
589726215,0.00010046974428062597,9.364142105596276e-07,1.5038568852585937e-05,1.2429145252456855e-07,2.4229800454869657e-07,0.9995674771662821,1.0561025376064698e-06,0.0002985592989924555,1.6096115386936926e-05
589726486,0.004535039553936108,0.5232791350309937,6.375100844884284e-05,4.5738458022173724e-05,0.2740771078532267,0.19189820297817736,9.253950253191223e-05,0.005172171684878659,0.0008363139297847438
589726620,7.395904988811262e-05,0.8627344797445753,1.1006238695586611e-05,4.17757893496696e-06,0.11969506238219471,0.012598189148348588,8.429587421763247e-06,0.004323147478301384,0.0005515487916396849
589726946,0.0006587554440841914,4.909710596399417e-05,7.72651062520684e-06,9.876222062921177e-07,1.7709188524591686e-05,0.9958799185710703,5.774106245808785e-06,0.0011426256841696727,0.002237405767110017
589728262,0.0008529711540569886,4.483565063547555e-06,1.917308082812529e-06,4.7146202085850737e-07,2.046188146058442e-06,0.9877092868856501,3.560904035574624e-05,0.010841916918926216,0.0005512974776975568
589728314,0.06320994929649223,5.11106407120133e-06,2.020068127713537e-05,5.268952240223157e-06,8.677171483330813e-06,0.7887309657133557,0.004207566346838665,0.14094958804592916,0.002862672728312593
589728978,0.0005942918483666279,1.0397452771708154e-06,1.28324160912528e-05,3.0313194026361857e-06,1.7225219668968839e-06,0.9284859952601673,9.672405662410755e-05,0.07068995973884168,0.00011440309326232411
589729079,4.053702285765471e-05,1.1692477699226971e-05,1.818123406589104e-06,3.230197873012087e-07,1.2495912080236235e-06,0.9961494690730912,8.1573788170734e-06,0.0036760731492604475,0.0001106801638724747
589729207,1.5945872436257888e-05,1.9308758451897425e-06,2.2833316734436147e-06,6.317066703076466e-07,1.0069069712992174e-06,0.9453755693296282,1.3405992541310713e-05,0.05430167594567603,0.0002875500385580148
589729216,0.0039345006150261295,9.635836618143433e-07,2.900613251755765e-06,3.371779302902547e-07,1.3296212623073393e-06,0.9935255281739461,2.977681241453898e-06,0.0020984808466316365,0.0004329816870484401
589729255,7.830560964772383e-05,1.7247558917605136e-05,9.621823023744878e-06,6.424136462786504e-07,9.834665378635427e-07,0.1583706975482074,0.001085099565779258,0.8399165030868474,0.0005208989273927205
589729267,7.320878875841944e-05,1.6118957393878437e-07,2.4323860754434845e-07,1.202266491951553e-07,1.215187290776668e-07,0.9995402209567921,6.252038327322767e-07,0.00036780685805236,1.7492019004631305e-05
589729478,0.40160352564746765,9.65198159498912e-05,8.458024793134953e-06,3.6371603940094095e-06,9.886438617510803e-06,0.5025613391086928,1.5848919536171932e-05,0.09448608307817395,0.0012147018063747694
589729588,0.00017340769052548693,0.027616714432453032,3.4393686188038566e-06,2.1372727814201018e-06,0.46962266646605666,0.4914699585390867,3.595469400880819e-05,0.0012754093438971112,0.009800312192571915
589729893,0.07777531503532129,5.8323923866565034e-05,0.001983219051078162,3.2076591064077798e-06,3.633283041411111e-06,0.8872800638716667,9.376351545953856e-06,0.03254973435433396,0.0003371264700394974
589730251,0.2817512829394331,0.002602500496061132,0.00041831763483410653,2.2642166231380973e-05,1.807046867904466e-05,0.29400791252573205,0.0012285465915306292,0.4084014917920188,0.011549235385479889
589730431,0.005559560686578553,3.849721483280135e-05,1.3399477788538627e-05,4.946818280059878e-06,3.3491883295631985e-06,0.8862493316264018,1.3405144641406922e-05,0.1077193667553709,0.00039814308777634847
589730593,0.0009378032570175908,4.578506049594044e-07,6.16113231855682e-06,4.017125684859894e-07,1.1623008958764485e-06,0.9951613533507727,8.18734210332076e-06,0.0036113346893524626,0.0002731383643661052
589731302,0.009143514198142598,3.8143654460581828e-06,9.656139392595406e-05,6.197587938706014e-06,5.972095372204904e-06,0.376674618327665,0.0029975921722041167,0.6051980761827442,0.005873653676561014
589732668,0.007038047931383115,2.2196595656172912e-06,5.229963800999146e-07,9.178260431888549e-07,1.7223195858660766e-06,0.9858818766965001,1.6818417139794316e-06,0.006843068249958642,0.00022994247886922917
589733071,0.014414438077843266,7.181802015936968e-07,9.259263438525831e-06,1.2367017317077998e-06,8.898489759651498e-06,0.9715511515171908,8.819981068347736e-06,0.013808015204638629,0.00019746258412742305
589733106,3.9860919228026665e-05,5.056370519604058e-06,1.0421328405843993e-05,3.59225302178181e-07,2.2005192778881194e-06,0.9909009444580192,3.041263599844075e-06,0.007682473186949801,0.0013556427286976441
589733262,0.009911874352806264,2.7819881988727073e-06,1.8216345697096325e-05,5.929695257126473e-06,8.372220676855821e-06,0.1516866254712364,0.0012637600803432944,0.8356347227885141,0.0014677170572699528
589733357,0.0005526757701623041,3.318123107074515e-05,0.00013494868690688247,8.048170755830339e-07,3.932143790771865e-06,0.8589393004128354,0.05323272944632544,0.08655463549940982,0.0005477919924230283
589733365,0.0007112581491962931,2.9875309810787797e-05,3.6269652979473703e-06,7.005204024222521e-07,3.451903317420433e-06,0.8014936109960242,0.00850827507761624,0.18839120079469365,0.0008580002836408657
589733384,0.0015203782553348199,1.678252744030323e-05,3.291216585959476e-05,9.020485286722165e-07,7.151843086809262e-06,0.8070863750867396,0.009988207933960632,0.180909961964085,0.00043732817496450264
589733455,5.0873039376317134e-05,0.00016186930179527804,6.94644413564057e-06,0.010189995989587516,0.0003231160576702411,0.6006281526253326,0.09983791912714324,0.15867785529309938,0.13012327212185976
589733506,8.53510180677913e-05,0.07105128344043374,1.3172191985852272e-05,0.0018440058634678885,7.247485181017263e-05,0.7764304836662939,0.008686326862758212,0.08076498271630139,0.061051919388881104
589733753,2.186173394002734e-05,0.00010734817122276847,5.773975191670737e-06,3.91395398885309e-07,7.432723669708711e-07,0.9988324883469246,2.3930702786357094e-05,0.000302089614238721,0.0007053727879300254
589733914,5.636811274098947e-05,6.255237279762812e-06,2.1891655560792604e-06,2.1148670358745237e-07,7.306936643215889e-07,0.9996578750646556,1.9132111212114607e-05,0.0002085608206566893,4.867730753074924e-05
589734589,5.2346837298078625e-05,1.3299891103098346e-06,2.2709344036953566e-06,1.3167130141189631e-07,7.056720536555563e-07,0.9946794694452485,4.787372503103194e-06,0.00522046011128168,3.8497966799386026e-05
589734601,3.6188429559391414e-05,0.00013205302983392163,9.724124380205018e-05,1.5376180658261018e-06,8.863745479100996e-05,0.9980249699347936,6.776519996214671e-06,0.0015612216897867366,5.1374079371252314e-05
589735157,0.009583201932800423,1.3854297032485103e-06,9.290710066819793e-06,1.3786684074679e-06,9.35959196884408e-06,0.6952618397140546,0.0006491016892701291,0.29264148259378253,0.0018429596699458678
589735318,0.00019565375070481917,6.006551003195017e-07,2.933664131715283e-06,4.1026968893349215e-07,5.213627167777651e-06,0.9702191419924084,1.3285175552692167e-05,0.029224773868757693,0.00033798699648773475
589735967,0.004393672776115386,3.0309335616070335e-06,2.0899527759154662e-06,6.971962366514783e-07,5.769600668116018e-05,0.9946920640482928,4.6680860915179085e-05,0.000133301197878112,0.0006707670275433252
